2025-04-06 22:05:46 [INFO] supabase_service - get_supabase_client: Creating Supabase client
2025-04-06 22:05:46 [DEBUG] _config - load_ssl_context: load_ssl_context verify=True cert=None trust_env=True http2=False
2025-04-06 22:05:46 [DEBUG] _config - load_ssl_context_verify: load_verify_locations cafile='C:\\Users\\Silver\\AppData\\Local\\anaconda3\\Library\\ssl\\cacert.pem'
2025-04-06 22:05:53 [DEBUG] tpu_cluster_resolver - <module>: Falling back to TensorFlow client; we recommended you install the Cloud TPU client directly with pip install cloud-tpu-client.
2025-04-06 22:05:55 [DEBUG] __init__ - <module>: Creating converter from 7 to 5
2025-04-06 22:05:55 [DEBUG] __init__ - <module>: Creating converter from 5 to 7
2025-04-06 22:05:55 [DEBUG] __init__ - <module>: Creating converter from 7 to 5
2025-04-06 22:05:55 [DEBUG] __init__ - <module>: Creating converter from 5 to 7
2025-04-06 22:05:59 [INFO] utils - _init_num_threads: NumExpr defaulting to 4 threads.
2025-04-06 22:06:00 [DEBUG] __init__ - wrapper: matplotlib data path: C:\Users\Silver\AppData\Local\anaconda3\Lib\site-packages\matplotlib\mpl-data
2025-04-06 22:06:00 [DEBUG] __init__ - wrapper: CONFIGDIR=C:\Users\Silver\.matplotlib
2025-04-06 22:06:00 [DEBUG] __init__ - <module>: interactive is False
2025-04-06 22:06:00 [DEBUG] __init__ - <module>: platform is win32
2025-04-06 22:06:00 [DEBUG] __init__ - wrapper: CACHEDIR=C:\Users\Silver\.matplotlib
2025-04-06 22:06:00 [DEBUG] font_manager - _load_fontmanager: Using fontManager instance from C:\Users\Silver\.matplotlib\fontlist-v390.json
2025-04-06 22:06:03 [INFO] car_damage - __init__: Loaded car damage detection model from best.onnx
2025-04-06 22:06:03 [INFO] car_damage - <module>: Car damage detection model initialized successfully
2025-04-06 22:06:03 [INFO] __init__ - create_app: Application initialized successfully
2025-04-06 22:06:03 [INFO] app - <module>: Starting application on port 5000 with debug=True
2025-04-06 22:06:08 [INFO] supabase_service - get_supabase_client: Creating Supabase client
2025-04-06 22:06:08 [DEBUG] _config - load_ssl_context: load_ssl_context verify=True cert=None trust_env=True http2=False
2025-04-06 22:06:08 [DEBUG] _config - load_ssl_context_verify: load_verify_locations cafile='C:\\Users\\Silver\\AppData\\Local\\anaconda3\\Library\\ssl\\cacert.pem'
2025-04-06 22:06:11 [DEBUG] tpu_cluster_resolver - <module>: Falling back to TensorFlow client; we recommended you install the Cloud TPU client directly with pip install cloud-tpu-client.
2025-04-06 22:06:12 [DEBUG] __init__ - <module>: Creating converter from 7 to 5
2025-04-06 22:06:12 [DEBUG] __init__ - <module>: Creating converter from 5 to 7
2025-04-06 22:06:12 [DEBUG] __init__ - <module>: Creating converter from 7 to 5
2025-04-06 22:06:12 [DEBUG] __init__ - <module>: Creating converter from 5 to 7
2025-04-06 22:06:14 [INFO] utils - _init_num_threads: NumExpr defaulting to 4 threads.
2025-04-06 22:06:14 [DEBUG] __init__ - wrapper: matplotlib data path: C:\Users\Silver\AppData\Local\anaconda3\Lib\site-packages\matplotlib\mpl-data
2025-04-06 22:06:14 [DEBUG] __init__ - wrapper: CONFIGDIR=C:\Users\Silver\.matplotlib
2025-04-06 22:06:14 [DEBUG] __init__ - <module>: interactive is False
2025-04-06 22:06:14 [DEBUG] __init__ - <module>: platform is win32
2025-04-06 22:06:14 [DEBUG] __init__ - wrapper: CACHEDIR=C:\Users\Silver\.matplotlib
2025-04-06 22:06:14 [DEBUG] font_manager - _load_fontmanager: Using fontManager instance from C:\Users\Silver\.matplotlib\fontlist-v390.json
2025-04-06 22:06:16 [INFO] car_damage - __init__: Loaded car damage detection model from best.onnx
2025-04-06 22:06:16 [INFO] car_damage - <module>: Car damage detection model initialized successfully
2025-04-06 22:06:16 [INFO] __init__ - create_app: Application initialized successfully
2025-04-06 22:06:16 [INFO] app - <module>: Starting application on port 5000 with debug=True
2025-04-06 22:06:16 [WARNING] _internal - _log:  * Debugger is active!
2025-04-06 22:07:21 [INFO] __init__ - before_request: Request started: GET /api/car-damage/status - IP: 127.0.0.1
2025-04-06 22:07:21 [INFO] __init__ - after_request: Request completed: GET /api/car-damage/status - Status: 200 - Duration: 4.71ms
2025-04-06 22:07:21 [INFO] __init__ - before_request: Request started: GET /favicon.ico - IP: 127.0.0.1
2025-04-06 22:07:21 [ERROR] __init__ - handle_exception: Unhandled exception: 404 Not Found: The requested URL was not found on the server. If you entered the URL manually please check your spelling and try again.
Traceback (most recent call last):
  File "C:\Users\Silver\AppData\Local\anaconda3\Lib\site-packages\flask\app.py", line 880, in full_dispatch_request
    rv = self.dispatch_request()
         ^^^^^^^^^^^^^^^^^^^^^^^
  File "C:\Users\Silver\AppData\Local\anaconda3\Lib\site-packages\flask\app.py", line 854, in dispatch_request
    self.raise_routing_exception(req)
  File "C:\Users\Silver\AppData\Local\anaconda3\Lib\site-packages\flask\app.py", line 463, in raise_routing_exception
    raise request.routing_exception  # type: ignore[misc]
    ^^^^^^^^^^^^^^^^^^^^^^^^^^^^^^^
  File "C:\Users\Silver\AppData\Local\anaconda3\Lib\site-packages\flask\ctx.py", line 362, in match_request
    result = self.url_adapter.match(return_rule=True)  # type: ignore
             ^^^^^^^^^^^^^^^^^^^^^^^^^^^^^^^^^^^^^^^^
  File "C:\Users\Silver\AppData\Local\anaconda3\Lib\site-packages\werkzeug\routing\map.py", line 629, in match
    raise NotFound() from None
werkzeug.exceptions.NotFound: 404 Not Found: The requested URL was not found on the server. If you entered the URL manually please check your spelling and try again.
2025-04-06 22:07:21 [INFO] __init__ - after_request: Request completed: GET /favicon.ico - Status: 500 - Duration: 97.54ms
2025-04-06 22:07:26 [INFO] supabase_service - get_supabase_client: Creating Supabase client
2025-04-06 22:07:26 [DEBUG] _config - load_ssl_context: load_ssl_context verify=True cert=None trust_env=True http2=False
2025-04-06 22:07:26 [DEBUG] _config - load_ssl_context_verify: load_verify_locations cafile='C:\\Users\\Silver\\AppData\\Local\\anaconda3\\Library\\ssl\\cacert.pem'
2025-04-06 22:07:29 [DEBUG] tpu_cluster_resolver - <module>: Falling back to TensorFlow client; we recommended you install the Cloud TPU client directly with pip install cloud-tpu-client.
2025-04-06 22:07:30 [DEBUG] __init__ - <module>: Creating converter from 7 to 5
2025-04-06 22:07:30 [DEBUG] __init__ - <module>: Creating converter from 5 to 7
2025-04-06 22:07:30 [DEBUG] __init__ - <module>: Creating converter from 7 to 5
2025-04-06 22:07:30 [DEBUG] __init__ - <module>: Creating converter from 5 to 7
2025-04-06 22:07:32 [INFO] utils - _init_num_threads: NumExpr defaulting to 4 threads.
2025-04-06 22:07:33 [DEBUG] __init__ - wrapper: matplotlib data path: C:\Users\Silver\AppData\Local\anaconda3\Lib\site-packages\matplotlib\mpl-data
2025-04-06 22:07:33 [DEBUG] __init__ - wrapper: CONFIGDIR=C:\Users\Silver\.matplotlib
2025-04-06 22:07:33 [DEBUG] __init__ - <module>: interactive is False
2025-04-06 22:07:33 [DEBUG] __init__ - <module>: platform is win32
2025-04-06 22:07:33 [DEBUG] __init__ - wrapper: CACHEDIR=C:\Users\Silver\.matplotlib
2025-04-06 22:07:33 [DEBUG] font_manager - _load_fontmanager: Using fontManager instance from C:\Users\Silver\.matplotlib\fontlist-v390.json
2025-04-06 22:07:35 [INFO] car_damage - __init__: Loaded car damage detection model from best.onnx
2025-04-06 22:07:35 [INFO] car_damage - <module>: Car damage detection model initialized successfully
2025-04-06 22:07:35 [INFO] __init__ - create_app: Application initialized successfully
2025-04-06 22:07:35 [INFO] app - <module>: Starting application on port 5000 with debug=True
2025-04-06 22:07:35 [WARNING] _internal - _log:  * Debugger is active!
2025-04-07 00:46:16 [INFO] supabase_service - get_supabase_client: Creating Supabase client
2025-04-07 00:46:16 [DEBUG] _config - load_ssl_context: load_ssl_context verify=True cert=None trust_env=True http2=False
2025-04-07 00:46:16 [DEBUG] _config - load_ssl_context_verify: load_verify_locations cafile='C:\\Users\\Silver\\AppData\\Local\\anaconda3\\Library\\ssl\\cacert.pem'
2025-04-07 00:46:27 [DEBUG] tpu_cluster_resolver - <module>: Falling back to TensorFlow client; we recommended you install the Cloud TPU client directly with pip install cloud-tpu-client.
2025-04-07 00:46:29 [DEBUG] __init__ - <module>: Creating converter from 7 to 5
2025-04-07 00:46:29 [DEBUG] __init__ - <module>: Creating converter from 5 to 7
2025-04-07 00:46:29 [DEBUG] __init__ - <module>: Creating converter from 7 to 5
2025-04-07 00:46:29 [DEBUG] __init__ - <module>: Creating converter from 5 to 7
2025-04-07 00:46:38 [INFO] utils - _init_num_threads: NumExpr defaulting to 4 threads.
2025-04-07 00:46:40 [DEBUG] __init__ - wrapper: matplotlib data path: C:\Users\Silver\AppData\Local\anaconda3\Lib\site-packages\matplotlib\mpl-data
2025-04-07 00:46:40 [DEBUG] __init__ - wrapper: CONFIGDIR=C:\Users\Silver\.matplotlib
2025-04-07 00:46:40 [DEBUG] __init__ - <module>: interactive is False
2025-04-07 00:46:40 [DEBUG] __init__ - <module>: platform is win32
2025-04-07 00:46:40 [DEBUG] __init__ - wrapper: CACHEDIR=C:\Users\Silver\.matplotlib
2025-04-07 00:46:40 [DEBUG] font_manager - _load_fontmanager: Using fontManager instance from C:\Users\Silver\.matplotlib\fontlist-v390.json
2025-04-07 00:46:47 [INFO] car_damage - __init__: Loaded car damage detection model from best.onnx
2025-04-07 00:46:47 [INFO] car_damage - <module>: Car damage detection model initialized successfully
2025-04-07 00:46:47 [INFO] __init__ - create_app: Application initialized successfully
2025-04-07 00:46:47 [INFO] app - <module>: Starting application on port 5000 with debug=True
2025-04-07 00:46:50 [INFO] supabase_service - get_supabase_client: Creating Supabase client
2025-04-07 00:46:50 [DEBUG] _config - load_ssl_context: load_ssl_context verify=True cert=None trust_env=True http2=False
2025-04-07 00:46:50 [DEBUG] _config - load_ssl_context_verify: load_verify_locations cafile='C:\\Users\\Silver\\AppData\\Local\\anaconda3\\Library\\ssl\\cacert.pem'
2025-04-07 00:46:54 [DEBUG] tpu_cluster_resolver - <module>: Falling back to TensorFlow client; we recommended you install the Cloud TPU client directly with pip install cloud-tpu-client.
2025-04-07 00:46:54 [DEBUG] __init__ - <module>: Creating converter from 7 to 5
2025-04-07 00:46:54 [DEBUG] __init__ - <module>: Creating converter from 5 to 7
2025-04-07 00:46:54 [DEBUG] __init__ - <module>: Creating converter from 7 to 5
2025-04-07 00:46:54 [DEBUG] __init__ - <module>: Creating converter from 5 to 7
2025-04-07 00:46:57 [INFO] utils - _init_num_threads: NumExpr defaulting to 4 threads.
2025-04-07 00:46:57 [DEBUG] __init__ - wrapper: matplotlib data path: C:\Users\Silver\AppData\Local\anaconda3\Lib\site-packages\matplotlib\mpl-data
2025-04-07 00:46:57 [DEBUG] __init__ - wrapper: CONFIGDIR=C:\Users\Silver\.matplotlib
2025-04-07 00:46:57 [DEBUG] __init__ - <module>: interactive is False
2025-04-07 00:46:57 [DEBUG] __init__ - <module>: platform is win32
2025-04-07 00:46:58 [DEBUG] __init__ - wrapper: CACHEDIR=C:\Users\Silver\.matplotlib
2025-04-07 00:46:58 [DEBUG] font_manager - _load_fontmanager: Using fontManager instance from C:\Users\Silver\.matplotlib\fontlist-v390.json
2025-04-07 00:47:00 [INFO] car_damage - __init__: Loaded car damage detection model from best.onnx
2025-04-07 00:47:00 [INFO] car_damage - <module>: Car damage detection model initialized successfully
2025-04-07 00:47:00 [INFO] __init__ - create_app: Application initialized successfully
2025-04-07 00:47:00 [INFO] app - <module>: Starting application on port 5000 with debug=True
2025-04-07 00:47:00 [WARNING] _internal - _log:  * Debugger is active!
2025-04-07 00:48:52 [INFO] supabase_service - get_supabase_client: Creating Supabase client
2025-04-07 00:48:52 [DEBUG] _config - load_ssl_context: load_ssl_context verify=True cert=None trust_env=True http2=False
2025-04-07 00:48:52 [DEBUG] _config - load_ssl_context_verify: load_verify_locations cafile='C:\\Users\\Silver\\AppData\\Local\\anaconda3\\Library\\ssl\\cacert.pem'
2025-04-07 00:48:57 [DEBUG] tpu_cluster_resolver - <module>: Falling back to TensorFlow client; we recommended you install the Cloud TPU client directly with pip install cloud-tpu-client.
2025-04-07 00:48:58 [DEBUG] __init__ - <module>: Creating converter from 7 to 5
2025-04-07 00:48:58 [DEBUG] __init__ - <module>: Creating converter from 5 to 7
2025-04-07 00:48:58 [DEBUG] __init__ - <module>: Creating converter from 7 to 5
2025-04-07 00:48:58 [DEBUG] __init__ - <module>: Creating converter from 5 to 7
2025-04-07 00:49:01 [INFO] utils - _init_num_threads: NumExpr defaulting to 4 threads.
2025-04-07 00:49:02 [DEBUG] __init__ - wrapper: matplotlib data path: C:\Users\Silver\AppData\Local\anaconda3\Lib\site-packages\matplotlib\mpl-data
2025-04-07 00:49:02 [DEBUG] __init__ - wrapper: CONFIGDIR=C:\Users\Silver\.matplotlib
2025-04-07 00:49:02 [DEBUG] __init__ - <module>: interactive is False
2025-04-07 00:49:02 [DEBUG] __init__ - <module>: platform is win32
2025-04-07 00:49:02 [DEBUG] __init__ - wrapper: CACHEDIR=C:\Users\Silver\.matplotlib
2025-04-07 00:49:02 [DEBUG] font_manager - _load_fontmanager: Using fontManager instance from C:\Users\Silver\.matplotlib\fontlist-v390.json
2025-04-07 00:49:04 [INFO] car_damage - __init__: Loaded car damage detection model from best.onnx
2025-04-07 00:49:04 [INFO] car_damage - <module>: Car damage detection model initialized successfully
2025-04-07 00:49:04 [INFO] __init__ - create_app: Application initialized successfully
2025-04-07 00:49:04 [INFO] app - <module>: Starting application on port 5000 with debug=True
2025-04-07 00:49:04 [WARNING] _internal - _log:  * Debugger is active!
2025-04-07 00:49:19 [INFO] supabase_service - get_supabase_client: Creating Supabase client
2025-04-07 00:49:19 [DEBUG] _config - load_ssl_context: load_ssl_context verify=True cert=None trust_env=True http2=False
2025-04-07 00:49:19 [DEBUG] _config - load_ssl_context_verify: load_verify_locations cafile='C:\\Users\\Silver\\AppData\\Local\\anaconda3\\Library\\ssl\\cacert.pem'
2025-04-07 00:49:23 [DEBUG] tpu_cluster_resolver - <module>: Falling back to TensorFlow client; we recommended you install the Cloud TPU client directly with pip install cloud-tpu-client.
2025-04-07 00:49:24 [DEBUG] __init__ - <module>: Creating converter from 7 to 5
2025-04-07 00:49:24 [DEBUG] __init__ - <module>: Creating converter from 5 to 7
2025-04-07 00:49:24 [DEBUG] __init__ - <module>: Creating converter from 7 to 5
2025-04-07 00:49:24 [DEBUG] __init__ - <module>: Creating converter from 5 to 7
2025-04-07 00:49:27 [INFO] utils - _init_num_threads: NumExpr defaulting to 4 threads.
2025-04-07 00:49:28 [DEBUG] __init__ - wrapper: matplotlib data path: C:\Users\Silver\AppData\Local\anaconda3\Lib\site-packages\matplotlib\mpl-data
2025-04-07 00:49:28 [DEBUG] __init__ - wrapper: CONFIGDIR=C:\Users\Silver\.matplotlib
2025-04-07 00:49:28 [DEBUG] __init__ - <module>: interactive is False
2025-04-07 00:49:28 [DEBUG] __init__ - <module>: platform is win32
2025-04-07 00:49:28 [DEBUG] __init__ - wrapper: CACHEDIR=C:\Users\Silver\.matplotlib
2025-04-07 00:49:28 [DEBUG] font_manager - _load_fontmanager: Using fontManager instance from C:\Users\Silver\.matplotlib\fontlist-v390.json
2025-04-07 00:49:31 [INFO] car_damage - __init__: Loaded car damage detection model from best.onnx
2025-04-07 00:49:31 [INFO] car_damage - <module>: Car damage detection model initialized successfully
2025-04-07 00:49:31 [INFO] __init__ - create_app: Application initialized successfully
2025-04-07 00:49:31 [INFO] app - <module>: Starting application on port 5000 with debug=True
2025-04-07 00:49:31 [WARNING] _internal - _log:  * Debugger is active!
2025-04-07 00:49:38 [INFO] supabase_service - get_supabase_client: Creating Supabase client
2025-04-07 00:49:38 [DEBUG] _config - load_ssl_context: load_ssl_context verify=True cert=None trust_env=True http2=False
2025-04-07 00:49:38 [DEBUG] _config - load_ssl_context_verify: load_verify_locations cafile='C:\\Users\\Silver\\AppData\\Local\\anaconda3\\Library\\ssl\\cacert.pem'
2025-04-07 00:49:42 [DEBUG] tpu_cluster_resolver - <module>: Falling back to TensorFlow client; we recommended you install the Cloud TPU client directly with pip install cloud-tpu-client.
2025-04-07 00:49:43 [DEBUG] __init__ - <module>: Creating converter from 7 to 5
2025-04-07 00:49:43 [DEBUG] __init__ - <module>: Creating converter from 5 to 7
2025-04-07 00:49:43 [DEBUG] __init__ - <module>: Creating converter from 7 to 5
2025-04-07 00:49:43 [DEBUG] __init__ - <module>: Creating converter from 5 to 7
2025-04-07 00:49:46 [INFO] utils - _init_num_threads: NumExpr defaulting to 4 threads.
2025-04-07 00:49:47 [DEBUG] __init__ - wrapper: matplotlib data path: C:\Users\Silver\AppData\Local\anaconda3\Lib\site-packages\matplotlib\mpl-data
2025-04-07 00:49:47 [DEBUG] __init__ - wrapper: CONFIGDIR=C:\Users\Silver\.matplotlib
2025-04-07 00:49:47 [DEBUG] __init__ - <module>: interactive is False
2025-04-07 00:49:47 [DEBUG] __init__ - <module>: platform is win32
2025-04-07 00:49:47 [DEBUG] __init__ - wrapper: CACHEDIR=C:\Users\Silver\.matplotlib
2025-04-07 00:49:47 [DEBUG] font_manager - _load_fontmanager: Using fontManager instance from C:\Users\Silver\.matplotlib\fontlist-v390.json
2025-04-07 00:49:50 [INFO] car_damage - __init__: Loaded car damage detection model from best.onnx
2025-04-07 00:49:50 [INFO] car_damage - <module>: Car damage detection model initialized successfully
2025-04-07 00:49:50 [INFO] __init__ - create_app: Application initialized successfully
2025-04-07 00:49:50 [INFO] app - <module>: Starting application on port 5000 with debug=True
2025-04-07 00:49:50 [WARNING] _internal - _log:  * Debugger is active!
2025-04-07 00:50:11 [INFO] supabase_service - get_supabase_client: Creating Supabase client
2025-04-07 00:50:11 [DEBUG] _config - load_ssl_context: load_ssl_context verify=True cert=None trust_env=True http2=False
2025-04-07 00:50:11 [DEBUG] _config - load_ssl_context_verify: load_verify_locations cafile='C:\\Users\\Silver\\AppData\\Local\\anaconda3\\Library\\ssl\\cacert.pem'
2025-04-07 00:50:15 [DEBUG] tpu_cluster_resolver - <module>: Falling back to TensorFlow client; we recommended you install the Cloud TPU client directly with pip install cloud-tpu-client.
2025-04-07 00:50:15 [DEBUG] __init__ - <module>: Creating converter from 7 to 5
2025-04-07 00:50:15 [DEBUG] __init__ - <module>: Creating converter from 5 to 7
2025-04-07 00:50:15 [DEBUG] __init__ - <module>: Creating converter from 7 to 5
2025-04-07 00:50:15 [DEBUG] __init__ - <module>: Creating converter from 5 to 7
2025-04-07 00:50:18 [INFO] utils - _init_num_threads: NumExpr defaulting to 4 threads.
2025-04-07 00:50:18 [DEBUG] __init__ - wrapper: matplotlib data path: C:\Users\Silver\AppData\Local\anaconda3\Lib\site-packages\matplotlib\mpl-data
2025-04-07 00:50:18 [DEBUG] __init__ - wrapper: CONFIGDIR=C:\Users\Silver\.matplotlib
2025-04-07 00:50:18 [DEBUG] __init__ - <module>: interactive is False
2025-04-07 00:50:18 [DEBUG] __init__ - <module>: platform is win32
2025-04-07 00:50:18 [DEBUG] __init__ - wrapper: CACHEDIR=C:\Users\Silver\.matplotlib
2025-04-07 00:50:18 [DEBUG] font_manager - _load_fontmanager: Using fontManager instance from C:\Users\Silver\.matplotlib\fontlist-v390.json
2025-04-07 00:50:20 [INFO] car_damage - __init__: Loaded car damage detection model from best.onnx
2025-04-07 00:50:20 [INFO] car_damage - <module>: Car damage detection model initialized successfully
2025-04-07 00:56:13 [INFO] supabase_service - get_supabase_client: Creating Supabase client
2025-04-07 00:56:13 [DEBUG] _config - load_ssl_context: load_ssl_context verify=True cert=None trust_env=True http2=False
2025-04-07 00:56:13 [DEBUG] _config - load_ssl_context_verify: load_verify_locations cafile='C:\\Users\\Silver\\AppData\\Local\\anaconda3\\Library\\ssl\\cacert.pem'
2025-04-07 00:56:17 [DEBUG] tpu_cluster_resolver - <module>: Falling back to TensorFlow client; we recommended you install the Cloud TPU client directly with pip install cloud-tpu-client.
2025-04-07 00:56:17 [DEBUG] __init__ - <module>: Creating converter from 7 to 5
2025-04-07 00:56:17 [DEBUG] __init__ - <module>: Creating converter from 5 to 7
2025-04-07 00:56:17 [DEBUG] __init__ - <module>: Creating converter from 7 to 5
2025-04-07 00:56:17 [DEBUG] __init__ - <module>: Creating converter from 5 to 7
2025-04-07 00:56:20 [INFO] utils - _init_num_threads: NumExpr defaulting to 4 threads.
2025-04-07 00:56:20 [DEBUG] __init__ - wrapper: matplotlib data path: C:\Users\Silver\AppData\Local\anaconda3\Lib\site-packages\matplotlib\mpl-data
2025-04-07 00:56:20 [DEBUG] __init__ - wrapper: CONFIGDIR=C:\Users\Silver\.matplotlib
2025-04-07 00:56:20 [DEBUG] __init__ - <module>: interactive is False
2025-04-07 00:56:20 [DEBUG] __init__ - <module>: platform is win32
2025-04-07 00:56:21 [DEBUG] __init__ - wrapper: CACHEDIR=C:\Users\Silver\.matplotlib
2025-04-07 00:56:21 [DEBUG] font_manager - _load_fontmanager: Using fontManager instance from C:\Users\Silver\.matplotlib\fontlist-v390.json
2025-04-07 00:56:23 [INFO] car_damage - __init__: Loaded car damage detection model from best.onnx
2025-04-07 00:56:23 [INFO] car_damage - <module>: Car damage detection model initialized successfully
2025-04-07 00:57:59 [INFO] supabase_service - get_supabase_client: Creating Supabase client
2025-04-07 00:57:59 [DEBUG] _config - load_ssl_context: load_ssl_context verify=True cert=None trust_env=True http2=False
2025-04-07 00:57:59 [DEBUG] _config - load_ssl_context_verify: load_verify_locations cafile='C:\\Users\\Silver\\AppData\\Local\\anaconda3\\Library\\ssl\\cacert.pem'
2025-04-07 00:58:03 [DEBUG] tpu_cluster_resolver - <module>: Falling back to TensorFlow client; we recommended you install the Cloud TPU client directly with pip install cloud-tpu-client.
2025-04-07 00:58:03 [DEBUG] __init__ - <module>: Creating converter from 7 to 5
2025-04-07 00:58:03 [DEBUG] __init__ - <module>: Creating converter from 5 to 7
2025-04-07 00:58:03 [DEBUG] __init__ - <module>: Creating converter from 7 to 5
2025-04-07 00:58:03 [DEBUG] __init__ - <module>: Creating converter from 5 to 7
2025-04-07 00:58:05 [INFO] utils - _init_num_threads: NumExpr defaulting to 4 threads.
2025-04-07 00:58:06 [DEBUG] __init__ - wrapper: matplotlib data path: C:\Users\Silver\AppData\Local\anaconda3\Lib\site-packages\matplotlib\mpl-data
2025-04-07 00:58:06 [DEBUG] __init__ - wrapper: CONFIGDIR=C:\Users\Silver\.matplotlib
2025-04-07 00:58:06 [DEBUG] __init__ - <module>: interactive is False
2025-04-07 00:58:06 [DEBUG] __init__ - <module>: platform is win32
2025-04-07 00:58:06 [DEBUG] __init__ - wrapper: CACHEDIR=C:\Users\Silver\.matplotlib
2025-04-07 00:58:06 [DEBUG] font_manager - _load_fontmanager: Using fontManager instance from C:\Users\Silver\.matplotlib\fontlist-v390.json
2025-04-07 00:58:08 [INFO] car_damage - __init__: Loaded car damage detection model from best.onnx
2025-04-07 00:58:08 [INFO] car_damage - <module>: Car damage detection model initialized successfully
2025-04-07 00:58:52 [INFO] supabase_service - get_supabase_client: Creating Supabase client
2025-04-07 00:58:52 [DEBUG] _config - load_ssl_context: load_ssl_context verify=True cert=None trust_env=True http2=False
2025-04-07 00:58:52 [DEBUG] _config - load_ssl_context_verify: load_verify_locations cafile='C:\\Users\\Silver\\AppData\\Local\\anaconda3\\Library\\ssl\\cacert.pem'
2025-04-07 00:58:55 [DEBUG] tpu_cluster_resolver - <module>: Falling back to TensorFlow client; we recommended you install the Cloud TPU client directly with pip install cloud-tpu-client.
2025-04-07 00:58:56 [DEBUG] __init__ - <module>: Creating converter from 7 to 5
2025-04-07 00:58:56 [DEBUG] __init__ - <module>: Creating converter from 5 to 7
2025-04-07 00:58:56 [DEBUG] __init__ - <module>: Creating converter from 7 to 5
2025-04-07 00:58:56 [DEBUG] __init__ - <module>: Creating converter from 5 to 7
2025-04-07 00:58:58 [INFO] utils - _init_num_threads: NumExpr defaulting to 4 threads.
2025-04-07 00:58:58 [DEBUG] __init__ - wrapper: matplotlib data path: C:\Users\Silver\AppData\Local\anaconda3\Lib\site-packages\matplotlib\mpl-data
2025-04-07 00:58:58 [DEBUG] __init__ - wrapper: CONFIGDIR=C:\Users\Silver\.matplotlib
2025-04-07 00:58:58 [DEBUG] __init__ - <module>: interactive is False
2025-04-07 00:58:58 [DEBUG] __init__ - <module>: platform is win32
2025-04-07 00:58:58 [DEBUG] __init__ - wrapper: CACHEDIR=C:\Users\Silver\.matplotlib
2025-04-07 00:58:58 [DEBUG] font_manager - _load_fontmanager: Using fontManager instance from C:\Users\Silver\.matplotlib\fontlist-v390.json
2025-04-07 00:59:01 [INFO] car_damage - __init__: Loaded car damage detection model from best.onnx
2025-04-07 00:59:01 [INFO] car_damage - <module>: Car damage detection model initialized successfully
2025-04-07 00:59:02 [WARNING] module_wrapper - _tfmw_add_deprecation_warning: From C:\Users\Silver\Desktop\TakaInsure2\app\car_make\classifier.py:26: The name tf.GraphDef is deprecated. Please use tf.compat.v1.GraphDef instead.

2025-04-07 00:59:02 [ERROR] car_recognition - <module>: Failed to initialize car make/model classifier: [Errno 2] No such file or directory: 'car_make\\model-weights-spectrico-mmr-mobilenet-128x128-344FF72B.pb'
2025-04-07 00:59:03 [INFO] car_recognition - <module>: COCO labels loaded successfully
2025-04-07 00:59:03 [INFO] car_recognition - <module>: Loading YOLO model from disk...
2025-04-07 00:59:03 [INFO] car_recognition - <module>: YOLO model loaded with CUDA support
2025-04-07 00:59:03 [INFO] __init__ - create_app: Application initialized successfully
2025-04-07 00:59:03 [INFO] app - <module>: Starting application on port 5000 with debug=True
2025-04-07 00:59:07 [INFO] supabase_service - get_supabase_client: Creating Supabase client
2025-04-07 00:59:07 [DEBUG] _config - load_ssl_context: load_ssl_context verify=True cert=None trust_env=True http2=False
2025-04-07 00:59:07 [DEBUG] _config - load_ssl_context_verify: load_verify_locations cafile='C:\\Users\\Silver\\AppData\\Local\\anaconda3\\Library\\ssl\\cacert.pem'
2025-04-07 00:59:10 [DEBUG] tpu_cluster_resolver - <module>: Falling back to TensorFlow client; we recommended you install the Cloud TPU client directly with pip install cloud-tpu-client.
2025-04-07 00:59:10 [DEBUG] __init__ - <module>: Creating converter from 7 to 5
2025-04-07 00:59:10 [DEBUG] __init__ - <module>: Creating converter from 5 to 7
2025-04-07 00:59:10 [DEBUG] __init__ - <module>: Creating converter from 7 to 5
2025-04-07 00:59:10 [DEBUG] __init__ - <module>: Creating converter from 5 to 7
2025-04-07 00:59:12 [INFO] utils - _init_num_threads: NumExpr defaulting to 4 threads.
2025-04-07 00:59:12 [DEBUG] __init__ - wrapper: matplotlib data path: C:\Users\Silver\AppData\Local\anaconda3\Lib\site-packages\matplotlib\mpl-data
2025-04-07 00:59:12 [DEBUG] __init__ - wrapper: CONFIGDIR=C:\Users\Silver\.matplotlib
2025-04-07 00:59:12 [DEBUG] __init__ - <module>: interactive is False
2025-04-07 00:59:12 [DEBUG] __init__ - <module>: platform is win32
2025-04-07 00:59:13 [DEBUG] __init__ - wrapper: CACHEDIR=C:\Users\Silver\.matplotlib
2025-04-07 00:59:13 [DEBUG] font_manager - _load_fontmanager: Using fontManager instance from C:\Users\Silver\.matplotlib\fontlist-v390.json
2025-04-07 00:59:14 [INFO] car_damage - __init__: Loaded car damage detection model from best.onnx
2025-04-07 00:59:14 [INFO] car_damage - <module>: Car damage detection model initialized successfully
2025-04-07 00:59:16 [WARNING] module_wrapper - _tfmw_add_deprecation_warning: From C:\Users\Silver\Desktop\TakaInsure2\app\car_make\classifier.py:26: The name tf.GraphDef is deprecated. Please use tf.compat.v1.GraphDef instead.

2025-04-07 00:59:16 [ERROR] car_recognition - <module>: Failed to initialize car make/model classifier: [Errno 2] No such file or directory: 'car_make\\model-weights-spectrico-mmr-mobilenet-128x128-344FF72B.pb'
2025-04-07 00:59:16 [INFO] car_recognition - <module>: COCO labels loaded successfully
2025-04-07 00:59:16 [INFO] car_recognition - <module>: Loading YOLO model from disk...
2025-04-07 00:59:16 [INFO] car_recognition - <module>: YOLO model loaded with CUDA support
2025-04-07 00:59:16 [INFO] __init__ - create_app: Application initialized successfully
2025-04-07 00:59:16 [INFO] app - <module>: Starting application on port 5000 with debug=True
2025-04-07 00:59:16 [WARNING] _internal - _log:  * Debugger is active!
2025-04-07 00:59:28 [INFO] supabase_service - get_supabase_client: Creating Supabase client
2025-04-07 00:59:28 [DEBUG] _config - load_ssl_context: load_ssl_context verify=True cert=None trust_env=True http2=False
2025-04-07 00:59:28 [DEBUG] _config - load_ssl_context_verify: load_verify_locations cafile='C:\\Users\\Silver\\AppData\\Local\\anaconda3\\Library\\ssl\\cacert.pem'
2025-04-07 00:59:33 [DEBUG] tpu_cluster_resolver - <module>: Falling back to TensorFlow client; we recommended you install the Cloud TPU client directly with pip install cloud-tpu-client.
2025-04-07 00:59:34 [DEBUG] __init__ - <module>: Creating converter from 7 to 5
2025-04-07 00:59:34 [DEBUG] __init__ - <module>: Creating converter from 5 to 7
2025-04-07 00:59:34 [DEBUG] __init__ - <module>: Creating converter from 7 to 5
2025-04-07 00:59:34 [DEBUG] __init__ - <module>: Creating converter from 5 to 7
2025-04-07 00:59:36 [INFO] utils - _init_num_threads: NumExpr defaulting to 4 threads.
2025-04-07 00:59:37 [DEBUG] __init__ - wrapper: matplotlib data path: C:\Users\Silver\AppData\Local\anaconda3\Lib\site-packages\matplotlib\mpl-data
2025-04-07 00:59:37 [DEBUG] __init__ - wrapper: CONFIGDIR=C:\Users\Silver\.matplotlib
2025-04-07 00:59:37 [DEBUG] __init__ - <module>: interactive is False
2025-04-07 00:59:37 [DEBUG] __init__ - <module>: platform is win32
2025-04-07 00:59:37 [DEBUG] __init__ - wrapper: CACHEDIR=C:\Users\Silver\.matplotlib
2025-04-07 00:59:37 [DEBUG] font_manager - _load_fontmanager: Using fontManager instance from C:\Users\Silver\.matplotlib\fontlist-v390.json
2025-04-07 00:59:39 [INFO] car_damage - __init__: Loaded car damage detection model from best.onnx
2025-04-07 00:59:39 [INFO] car_damage - <module>: Car damage detection model initialized successfully
2025-04-07 00:59:41 [WARNING] module_wrapper - _tfmw_add_deprecation_warning: From C:\Users\Silver\Desktop\TakaInsure2\app\car_make\classifier.py:26: The name tf.GraphDef is deprecated. Please use tf.compat.v1.GraphDef instead.

2025-04-07 00:59:41 [ERROR] car_recognition - <module>: Failed to initialize car make/model classifier: [Errno 2] No such file or directory: 'car_make\\model-weights-spectrico-mmr-mobilenet-128x128-344FF72B.pb'
2025-04-07 00:59:41 [INFO] car_recognition - <module>: COCO labels loaded successfully
2025-04-07 00:59:41 [INFO] car_recognition - <module>: Loading YOLO model from disk...
2025-04-07 00:59:41 [INFO] car_recognition - <module>: YOLO model loaded with CUDA support
2025-04-07 00:59:41 [INFO] __init__ - create_app: Application initialized successfully
2025-04-07 00:59:41 [INFO] app - <module>: Starting application on port 5000 with debug=True
2025-04-07 00:59:41 [WARNING] _internal - _log:  * Debugger is active!
2025-04-07 00:59:46 [INFO] __init__ - before_request: Request started: GET /api/car-recognition/status - IP: 127.0.0.1
2025-04-07 00:59:46 [INFO] __init__ - after_request: Request completed: GET /api/car-recognition/status - Status: 503 - Duration: 10.77ms
2025-04-07 00:59:46 [INFO] __init__ - before_request: Request started: GET /favicon.ico - IP: 127.0.0.1
2025-04-07 00:59:46 [ERROR] __init__ - handle_exception: Unhandled exception: 404 Not Found: The requested URL was not found on the server. If you entered the URL manually please check your spelling and try again.
Traceback (most recent call last):
  File "C:\Users\Silver\AppData\Local\anaconda3\Lib\site-packages\flask\app.py", line 880, in full_dispatch_request
    rv = self.dispatch_request()
         ^^^^^^^^^^^^^^^^^^^^^^^
  File "C:\Users\Silver\AppData\Local\anaconda3\Lib\site-packages\flask\app.py", line 854, in dispatch_request
    self.raise_routing_exception(req)
  File "C:\Users\Silver\AppData\Local\anaconda3\Lib\site-packages\flask\app.py", line 463, in raise_routing_exception
    raise request.routing_exception  # type: ignore[misc]
    ^^^^^^^^^^^^^^^^^^^^^^^^^^^^^^^
  File "C:\Users\Silver\AppData\Local\anaconda3\Lib\site-packages\flask\ctx.py", line 362, in match_request
    result = self.url_adapter.match(return_rule=True)  # type: ignore
             ^^^^^^^^^^^^^^^^^^^^^^^^^^^^^^^^^^^^^^^^
  File "C:\Users\Silver\AppData\Local\anaconda3\Lib\site-packages\werkzeug\routing\map.py", line 629, in match
    raise NotFound() from None
werkzeug.exceptions.NotFound: 404 Not Found: The requested URL was not found on the server. If you entered the URL manually please check your spelling and try again.
2025-04-07 00:59:47 [INFO] __init__ - after_request: Request completed: GET /favicon.ico - Status: 500 - Duration: 108.64ms
2025-04-07 00:59:50 [INFO] supabase_service - get_supabase_client: Creating Supabase client
2025-04-07 00:59:50 [DEBUG] _config - load_ssl_context: load_ssl_context verify=True cert=None trust_env=True http2=False
2025-04-07 00:59:50 [DEBUG] _config - load_ssl_context_verify: load_verify_locations cafile='C:\\Users\\Silver\\AppData\\Local\\anaconda3\\Library\\ssl\\cacert.pem'
2025-04-07 00:59:54 [DEBUG] tpu_cluster_resolver - <module>: Falling back to TensorFlow client; we recommended you install the Cloud TPU client directly with pip install cloud-tpu-client.
2025-04-07 00:59:54 [DEBUG] __init__ - <module>: Creating converter from 7 to 5
2025-04-07 00:59:54 [DEBUG] __init__ - <module>: Creating converter from 5 to 7
2025-04-07 00:59:54 [DEBUG] __init__ - <module>: Creating converter from 7 to 5
2025-04-07 00:59:54 [DEBUG] __init__ - <module>: Creating converter from 5 to 7
2025-04-07 00:59:57 [INFO] utils - _init_num_threads: NumExpr defaulting to 4 threads.
2025-04-07 00:59:57 [DEBUG] __init__ - wrapper: matplotlib data path: C:\Users\Silver\AppData\Local\anaconda3\Lib\site-packages\matplotlib\mpl-data
2025-04-07 00:59:57 [DEBUG] __init__ - wrapper: CONFIGDIR=C:\Users\Silver\.matplotlib
2025-04-07 00:59:57 [DEBUG] __init__ - <module>: interactive is False
2025-04-07 00:59:57 [DEBUG] __init__ - <module>: platform is win32
2025-04-07 00:59:57 [DEBUG] __init__ - wrapper: CACHEDIR=C:\Users\Silver\.matplotlib
2025-04-07 00:59:57 [DEBUG] font_manager - _load_fontmanager: Using fontManager instance from C:\Users\Silver\.matplotlib\fontlist-v390.json
2025-04-07 01:00:00 [INFO] car_damage - __init__: Loaded car damage detection model from best.onnx
2025-04-07 01:00:00 [INFO] car_damage - <module>: Car damage detection model initialized successfully
2025-04-07 01:00:01 [WARNING] module_wrapper - _tfmw_add_deprecation_warning: From C:\Users\Silver\Desktop\TakaInsure2\app\car_make\classifier.py:26: The name tf.GraphDef is deprecated. Please use tf.compat.v1.GraphDef instead.

2025-04-07 01:00:01 [ERROR] car_recognition - <module>: Failed to initialize car make/model classifier: [Errno 2] No such file or directory: 'car_make\\model-weights-spectrico-mmr-mobilenet-128x128-344FF72B.pb'
2025-04-07 01:00:01 [INFO] car_recognition - <module>: COCO labels loaded successfully
2025-04-07 01:00:01 [INFO] car_recognition - <module>: Loading YOLO model from disk...
2025-04-07 01:00:02 [INFO] car_recognition - <module>: YOLO model loaded with CUDA support
2025-04-07 01:00:02 [INFO] __init__ - create_app: Application initialized successfully
2025-04-07 01:00:02 [INFO] app - <module>: Starting application on port 5000 with debug=True
2025-04-07 01:00:02 [WARNING] _internal - _log:  * Debugger is active!
2025-04-07 01:00:44 [INFO] supabase_service - get_supabase_client: Creating Supabase client
2025-04-07 01:00:44 [DEBUG] _config - load_ssl_context: load_ssl_context verify=True cert=None trust_env=True http2=False
2025-04-07 01:00:44 [DEBUG] _config - load_ssl_context_verify: load_verify_locations cafile='C:\\Users\\Silver\\AppData\\Local\\anaconda3\\Library\\ssl\\cacert.pem'
2025-04-07 01:00:48 [DEBUG] tpu_cluster_resolver - <module>: Falling back to TensorFlow client; we recommended you install the Cloud TPU client directly with pip install cloud-tpu-client.
2025-04-07 01:00:49 [DEBUG] __init__ - <module>: Creating converter from 7 to 5
2025-04-07 01:00:49 [DEBUG] __init__ - <module>: Creating converter from 5 to 7
2025-04-07 01:00:49 [DEBUG] __init__ - <module>: Creating converter from 7 to 5
2025-04-07 01:00:49 [DEBUG] __init__ - <module>: Creating converter from 5 to 7
2025-04-07 01:00:51 [INFO] utils - _init_num_threads: NumExpr defaulting to 4 threads.
2025-04-07 01:00:52 [DEBUG] __init__ - wrapper: matplotlib data path: C:\Users\Silver\AppData\Local\anaconda3\Lib\site-packages\matplotlib\mpl-data
2025-04-07 01:00:52 [DEBUG] __init__ - wrapper: CONFIGDIR=C:\Users\Silver\.matplotlib
2025-04-07 01:00:52 [DEBUG] __init__ - <module>: interactive is False
2025-04-07 01:00:52 [DEBUG] __init__ - <module>: platform is win32
2025-04-07 01:00:52 [DEBUG] __init__ - wrapper: CACHEDIR=C:\Users\Silver\.matplotlib
2025-04-07 01:00:52 [DEBUG] font_manager - _load_fontmanager: Using fontManager instance from C:\Users\Silver\.matplotlib\fontlist-v390.json
2025-04-07 01:00:54 [INFO] car_damage - __init__: Loaded car damage detection model from best.onnx
2025-04-07 01:00:54 [INFO] car_damage - <module>: Car damage detection model initialized successfully
2025-04-07 01:00:55 [WARNING] module_wrapper - _tfmw_add_deprecation_warning: From C:\Users\Silver\Desktop\TakaInsure2\app\car_make\classifier.py:26: The name tf.GraphDef is deprecated. Please use tf.compat.v1.GraphDef instead.

2025-04-07 01:00:55 [ERROR] car_recognition - <module>: Failed to initialize car make/model classifier: [Errno 2] No such file or directory: 'car_make\\model-weights-spectrico-mmr-mobilenet-128x128-344FF72B.pb'
2025-04-07 01:00:55 [INFO] car_recognition - <module>: COCO labels loaded successfully
2025-04-07 01:00:55 [INFO] car_recognition - <module>: Loading YOLO model from disk...
2025-04-07 01:00:56 [INFO] car_recognition - <module>: YOLO model loaded with CUDA support
2025-04-07 01:00:56 [INFO] __init__ - create_app: Application initialized successfully
2025-04-07 01:00:56 [INFO] app - <module>: Starting application on port 5000 with debug=True
2025-04-07 01:00:56 [WARNING] _internal - _log:  * Debugger is active!
2025-04-07 01:01:19 [INFO] supabase_service - get_supabase_client: Creating Supabase client
2025-04-07 01:01:19 [DEBUG] _config - load_ssl_context: load_ssl_context verify=True cert=None trust_env=True http2=False
2025-04-07 01:01:19 [DEBUG] _config - load_ssl_context_verify: load_verify_locations cafile='C:\\Users\\Silver\\AppData\\Local\\anaconda3\\Library\\ssl\\cacert.pem'
2025-04-07 01:01:22 [DEBUG] tpu_cluster_resolver - <module>: Falling back to TensorFlow client; we recommended you install the Cloud TPU client directly with pip install cloud-tpu-client.
2025-04-07 01:01:22 [DEBUG] __init__ - <module>: Creating converter from 7 to 5
2025-04-07 01:01:22 [DEBUG] __init__ - <module>: Creating converter from 5 to 7
2025-04-07 01:01:22 [DEBUG] __init__ - <module>: Creating converter from 7 to 5
2025-04-07 01:01:22 [DEBUG] __init__ - <module>: Creating converter from 5 to 7
2025-04-07 01:01:24 [INFO] utils - _init_num_threads: NumExpr defaulting to 4 threads.
2025-04-07 01:01:25 [DEBUG] __init__ - wrapper: matplotlib data path: C:\Users\Silver\AppData\Local\anaconda3\Lib\site-packages\matplotlib\mpl-data
2025-04-07 01:01:25 [DEBUG] __init__ - wrapper: CONFIGDIR=C:\Users\Silver\.matplotlib
2025-04-07 01:01:25 [DEBUG] __init__ - <module>: interactive is False
2025-04-07 01:01:25 [DEBUG] __init__ - <module>: platform is win32
2025-04-07 01:01:25 [DEBUG] __init__ - wrapper: CACHEDIR=C:\Users\Silver\.matplotlib
2025-04-07 01:01:25 [DEBUG] font_manager - _load_fontmanager: Using fontManager instance from C:\Users\Silver\.matplotlib\fontlist-v390.json
2025-04-07 01:01:27 [INFO] car_damage - __init__: Loaded car damage detection model from best.onnx
2025-04-07 01:01:27 [INFO] car_damage - <module>: Car damage detection model initialized successfully
2025-04-07 01:01:28 [WARNING] module_wrapper - _tfmw_add_deprecation_warning: From C:\Users\Silver\Desktop\TakaInsure2\app\car_make\classifier.py:26: The name tf.GraphDef is deprecated. Please use tf.compat.v1.GraphDef instead.

2025-04-07 01:01:28 [ERROR] car_recognition - <module>: Failed to initialize car make/model classifier: [Errno 2] No such file or directory: 'car_make/yolo-coco\\model-weights-spectrico-mmr-mobilenet-128x128-344FF72B.pb'
2025-04-07 01:01:28 [INFO] car_recognition - <module>: COCO labels loaded successfully
2025-04-07 01:01:28 [INFO] car_recognition - <module>: Loading YOLO model from disk...
2025-04-07 01:01:29 [INFO] car_recognition - <module>: YOLO model loaded with CUDA support
2025-04-07 01:01:29 [INFO] __init__ - create_app: Application initialized successfully
2025-04-07 01:01:29 [INFO] app - <module>: Starting application on port 5000 with debug=True
2025-04-07 01:01:29 [WARNING] _internal - _log:  * Debugger is active!
2025-04-07 01:01:38 [INFO] __init__ - before_request: Request started: GET /api/car-recognition/status - IP: 127.0.0.1
2025-04-07 01:01:38 [INFO] __init__ - after_request: Request completed: GET /api/car-recognition/status - Status: 503 - Duration: 12.06ms
2025-04-07 01:01:38 [INFO] __init__ - before_request: Request started: GET /favicon.ico - IP: 127.0.0.1
2025-04-07 01:01:38 [ERROR] __init__ - handle_exception: Unhandled exception: 404 Not Found: The requested URL was not found on the server. If you entered the URL manually please check your spelling and try again.
Traceback (most recent call last):
  File "C:\Users\Silver\AppData\Local\anaconda3\Lib\site-packages\flask\app.py", line 880, in full_dispatch_request
    rv = self.dispatch_request()
         ^^^^^^^^^^^^^^^^^^^^^^^
  File "C:\Users\Silver\AppData\Local\anaconda3\Lib\site-packages\flask\app.py", line 854, in dispatch_request
    self.raise_routing_exception(req)
  File "C:\Users\Silver\AppData\Local\anaconda3\Lib\site-packages\flask\app.py", line 463, in raise_routing_exception
    raise request.routing_exception  # type: ignore[misc]
    ^^^^^^^^^^^^^^^^^^^^^^^^^^^^^^^
  File "C:\Users\Silver\AppData\Local\anaconda3\Lib\site-packages\flask\ctx.py", line 362, in match_request
    result = self.url_adapter.match(return_rule=True)  # type: ignore
             ^^^^^^^^^^^^^^^^^^^^^^^^^^^^^^^^^^^^^^^^
  File "C:\Users\Silver\AppData\Local\anaconda3\Lib\site-packages\werkzeug\routing\map.py", line 629, in match
    raise NotFound() from None
werkzeug.exceptions.NotFound: 404 Not Found: The requested URL was not found on the server. If you entered the URL manually please check your spelling and try again.
2025-04-07 01:01:38 [INFO] __init__ - after_request: Request completed: GET /favicon.ico - Status: 500 - Duration: 17.78ms
2025-04-07 01:01:39 [INFO] __init__ - before_request: Request started: GET /api/car-recognition/status - IP: 127.0.0.1
2025-04-07 01:01:39 [INFO] __init__ - after_request: Request completed: GET /api/car-recognition/status - Status: 503 - Duration: 3.2ms
2025-04-07 01:01:39 [INFO] __init__ - before_request: Request started: GET /favicon.ico - IP: 127.0.0.1
2025-04-07 01:01:39 [ERROR] __init__ - handle_exception: Unhandled exception: 404 Not Found: The requested URL was not found on the server. If you entered the URL manually please check your spelling and try again.
Traceback (most recent call last):
  File "C:\Users\Silver\AppData\Local\anaconda3\Lib\site-packages\flask\app.py", line 880, in full_dispatch_request
    rv = self.dispatch_request()
         ^^^^^^^^^^^^^^^^^^^^^^^
  File "C:\Users\Silver\AppData\Local\anaconda3\Lib\site-packages\flask\app.py", line 854, in dispatch_request
    self.raise_routing_exception(req)
  File "C:\Users\Silver\AppData\Local\anaconda3\Lib\site-packages\flask\app.py", line 463, in raise_routing_exception
    raise request.routing_exception  # type: ignore[misc]
    ^^^^^^^^^^^^^^^^^^^^^^^^^^^^^^^
  File "C:\Users\Silver\AppData\Local\anaconda3\Lib\site-packages\flask\ctx.py", line 362, in match_request
    result = self.url_adapter.match(return_rule=True)  # type: ignore
             ^^^^^^^^^^^^^^^^^^^^^^^^^^^^^^^^^^^^^^^^
  File "C:\Users\Silver\AppData\Local\anaconda3\Lib\site-packages\werkzeug\routing\map.py", line 629, in match
    raise NotFound() from None
werkzeug.exceptions.NotFound: 404 Not Found: The requested URL was not found on the server. If you entered the URL manually please check your spelling and try again.
2025-04-07 01:01:39 [INFO] __init__ - after_request: Request completed: GET /favicon.ico - Status: 500 - Duration: 17.08ms
2025-04-07 01:05:29 [INFO] supabase_service - get_supabase_client: Creating Supabase client
2025-04-07 01:05:29 [DEBUG] _config - load_ssl_context: load_ssl_context verify=True cert=None trust_env=True http2=False
2025-04-07 01:05:29 [DEBUG] _config - load_ssl_context_verify: load_verify_locations cafile='C:\\Users\\Silver\\AppData\\Local\\anaconda3\\Library\\ssl\\cacert.pem'
2025-04-07 01:05:38 [DEBUG] tpu_cluster_resolver - <module>: Falling back to TensorFlow client; we recommended you install the Cloud TPU client directly with pip install cloud-tpu-client.
2025-04-07 01:05:39 [DEBUG] __init__ - <module>: Creating converter from 7 to 5
2025-04-07 01:05:39 [DEBUG] __init__ - <module>: Creating converter from 5 to 7
2025-04-07 01:05:39 [DEBUG] __init__ - <module>: Creating converter from 7 to 5
2025-04-07 01:05:39 [DEBUG] __init__ - <module>: Creating converter from 5 to 7
2025-04-07 01:05:42 [INFO] utils - _init_num_threads: NumExpr defaulting to 4 threads.
2025-04-07 01:05:42 [DEBUG] __init__ - wrapper: matplotlib data path: C:\Users\Silver\AppData\Local\anaconda3\Lib\site-packages\matplotlib\mpl-data
2025-04-07 01:05:42 [DEBUG] __init__ - wrapper: CONFIGDIR=C:\Users\Silver\.matplotlib
2025-04-07 01:05:42 [DEBUG] __init__ - <module>: interactive is False
2025-04-07 01:05:42 [DEBUG] __init__ - <module>: platform is win32
2025-04-07 01:05:43 [DEBUG] __init__ - wrapper: CACHEDIR=C:\Users\Silver\.matplotlib
2025-04-07 01:05:43 [DEBUG] font_manager - _load_fontmanager: Using fontManager instance from C:\Users\Silver\.matplotlib\fontlist-v390.json
2025-04-07 01:05:47 [INFO] car_damage - __init__: Loaded car damage detection model from best.onnx
2025-04-07 01:05:47 [INFO] car_damage - <module>: Car damage detection model initialized successfully
2025-04-07 01:05:50 [WARNING] module_wrapper - _tfmw_add_deprecation_warning: From C:\Users\Silver\Desktop\TakaInsure2\app\blueprints\car_recognition.py:39: The name tf.GraphDef is deprecated. Please use tf.compat.v1.GraphDef instead.

2025-04-07 01:05:50 [INFO] car_recognition - <module>: Car make/model classifier initialized successfully
2025-04-07 01:05:50 [INFO] car_recognition - <module>: COCO labels loaded successfully
2025-04-07 01:05:50 [INFO] car_recognition - <module>: Loading YOLO model from disk...
2025-04-07 01:05:51 [INFO] car_recognition - <module>: YOLO model loaded with CUDA support
2025-04-07 01:05:51 [INFO] __init__ - create_app: Application initialized successfully
2025-04-07 01:05:51 [INFO] app - <module>: Starting application on port 5000 with debug=True
2025-04-07 01:05:51 [WARNING] _internal - _log:  * Debugger is active!
2025-04-07 01:05:56 [INFO] __init__ - before_request: Request started: GET /api/car-recognition/status - IP: 127.0.0.1
2025-04-07 01:05:56 [INFO] __init__ - after_request: Request completed: GET /api/car-recognition/status - Status: 200 - Duration: 13.33ms
2025-04-07 01:05:56 [INFO] __init__ - before_request: Request started: GET /favicon.ico - IP: 127.0.0.1
2025-04-07 01:05:56 [ERROR] __init__ - handle_exception: Unhandled exception: 404 Not Found: The requested URL was not found on the server. If you entered the URL manually please check your spelling and try again.
Traceback (most recent call last):
  File "C:\Users\Silver\AppData\Local\anaconda3\Lib\site-packages\flask\app.py", line 880, in full_dispatch_request
    rv = self.dispatch_request()
         ^^^^^^^^^^^^^^^^^^^^^^^
  File "C:\Users\Silver\AppData\Local\anaconda3\Lib\site-packages\flask\app.py", line 854, in dispatch_request
    self.raise_routing_exception(req)
  File "C:\Users\Silver\AppData\Local\anaconda3\Lib\site-packages\flask\app.py", line 463, in raise_routing_exception
    raise request.routing_exception  # type: ignore[misc]
    ^^^^^^^^^^^^^^^^^^^^^^^^^^^^^^^
  File "C:\Users\Silver\AppData\Local\anaconda3\Lib\site-packages\flask\ctx.py", line 362, in match_request
    result = self.url_adapter.match(return_rule=True)  # type: ignore
             ^^^^^^^^^^^^^^^^^^^^^^^^^^^^^^^^^^^^^^^^
  File "C:\Users\Silver\AppData\Local\anaconda3\Lib\site-packages\werkzeug\routing\map.py", line 629, in match
    raise NotFound() from None
werkzeug.exceptions.NotFound: 404 Not Found: The requested URL was not found on the server. If you entered the URL manually please check your spelling and try again.
2025-04-07 01:05:56 [INFO] __init__ - after_request: Request completed: GET /favicon.ico - Status: 500 - Duration: 10.5ms
2025-04-07 12:30:42 [INFO] supabase_service - get_supabase_client: Creating Supabase client
2025-04-07 12:30:42 [DEBUG] _config - load_ssl_context: load_ssl_context verify=True cert=None trust_env=True http2=False
2025-04-07 12:30:42 [DEBUG] _config - load_ssl_context_verify: load_verify_locations cafile='C:\\Users\\Silver\\AppData\\Local\\anaconda3\\Library\\ssl\\cacert.pem'
2025-04-07 12:30:57 [DEBUG] tpu_cluster_resolver - <module>: Falling back to TensorFlow client; we recommended you install the Cloud TPU client directly with pip install cloud-tpu-client.
2025-04-07 12:31:00 [DEBUG] __init__ - <module>: Creating converter from 7 to 5
2025-04-07 12:31:00 [DEBUG] __init__ - <module>: Creating converter from 5 to 7
2025-04-07 12:31:00 [DEBUG] __init__ - <module>: Creating converter from 7 to 5
2025-04-07 12:31:00 [DEBUG] __init__ - <module>: Creating converter from 5 to 7
2025-04-07 12:31:11 [INFO] utils - _init_num_threads: NumExpr defaulting to 4 threads.
2025-04-07 12:31:13 [DEBUG] __init__ - wrapper: matplotlib data path: C:\Users\Silver\AppData\Local\anaconda3\Lib\site-packages\matplotlib\mpl-data
2025-04-07 12:31:13 [DEBUG] __init__ - wrapper: CONFIGDIR=C:\Users\Silver\.matplotlib
2025-04-07 12:31:13 [DEBUG] __init__ - <module>: interactive is False
2025-04-07 12:31:13 [DEBUG] __init__ - <module>: platform is win32
2025-04-07 12:31:13 [DEBUG] __init__ - wrapper: CACHEDIR=C:\Users\Silver\.matplotlib
2025-04-07 12:31:13 [DEBUG] font_manager - _load_fontmanager: Using fontManager instance from C:\Users\Silver\.matplotlib\fontlist-v390.json
2025-04-07 12:31:23 [INFO] car_damage - __init__: Loaded car damage detection model from best.onnx
2025-04-07 12:31:23 [INFO] car_damage - <module>: Car damage detection model initialized successfully
2025-04-07 12:31:25 [WARNING] module_wrapper - _tfmw_add_deprecation_warning: From C:\Users\Silver\Desktop\TakaInsure2\app\blueprints\car_recognition.py:39: The name tf.GraphDef is deprecated. Please use tf.compat.v1.GraphDef instead.

2025-04-07 12:31:26 [INFO] car_recognition - <module>: Car make/model classifier initialized successfully
2025-04-07 12:31:26 [INFO] car_recognition - <module>: COCO labels loaded successfully
2025-04-07 12:31:26 [INFO] car_recognition - <module>: Loading YOLO model from disk...
2025-04-07 12:31:27 [INFO] car_recognition - <module>: YOLO model loaded with CUDA support
2025-04-07 12:31:27 [INFO] __init__ - create_app: Application initialized successfully
2025-04-07 12:31:27 [INFO] app - <module>: Starting application on port 5000 with debug=True
2025-04-07 12:31:30 [INFO] supabase_service - get_supabase_client: Creating Supabase client
2025-04-07 12:31:30 [DEBUG] _config - load_ssl_context: load_ssl_context verify=True cert=None trust_env=True http2=False
2025-04-07 12:31:30 [DEBUG] _config - load_ssl_context_verify: load_verify_locations cafile='C:\\Users\\Silver\\AppData\\Local\\anaconda3\\Library\\ssl\\cacert.pem'
2025-04-07 12:31:35 [DEBUG] tpu_cluster_resolver - <module>: Falling back to TensorFlow client; we recommended you install the Cloud TPU client directly with pip install cloud-tpu-client.
2025-04-07 12:31:35 [DEBUG] __init__ - <module>: Creating converter from 7 to 5
2025-04-07 12:31:35 [DEBUG] __init__ - <module>: Creating converter from 5 to 7
2025-04-07 12:31:35 [DEBUG] __init__ - <module>: Creating converter from 7 to 5
2025-04-07 12:31:35 [DEBUG] __init__ - <module>: Creating converter from 5 to 7
2025-04-07 12:31:38 [INFO] utils - _init_num_threads: NumExpr defaulting to 4 threads.
2025-04-07 12:31:39 [DEBUG] __init__ - wrapper: matplotlib data path: C:\Users\Silver\AppData\Local\anaconda3\Lib\site-packages\matplotlib\mpl-data
2025-04-07 12:31:39 [DEBUG] __init__ - wrapper: CONFIGDIR=C:\Users\Silver\.matplotlib
2025-04-07 12:31:39 [DEBUG] __init__ - <module>: interactive is False
2025-04-07 12:31:39 [DEBUG] __init__ - <module>: platform is win32
2025-04-07 12:31:39 [DEBUG] __init__ - wrapper: CACHEDIR=C:\Users\Silver\.matplotlib
2025-04-07 12:31:39 [DEBUG] font_manager - _load_fontmanager: Using fontManager instance from C:\Users\Silver\.matplotlib\fontlist-v390.json
2025-04-07 12:31:42 [INFO] car_damage - __init__: Loaded car damage detection model from best.onnx
2025-04-07 12:31:42 [INFO] car_damage - <module>: Car damage detection model initialized successfully
2025-04-07 12:31:43 [WARNING] module_wrapper - _tfmw_add_deprecation_warning: From C:\Users\Silver\Desktop\TakaInsure2\app\blueprints\car_recognition.py:39: The name tf.GraphDef is deprecated. Please use tf.compat.v1.GraphDef instead.

2025-04-07 12:31:43 [INFO] car_recognition - <module>: Car make/model classifier initialized successfully
2025-04-07 12:31:43 [INFO] car_recognition - <module>: COCO labels loaded successfully
2025-04-07 12:31:43 [INFO] car_recognition - <module>: Loading YOLO model from disk...
2025-04-07 12:31:44 [INFO] car_recognition - <module>: YOLO model loaded with CUDA support
2025-04-07 12:31:44 [INFO] __init__ - create_app: Application initialized successfully
2025-04-07 12:31:44 [INFO] app - <module>: Starting application on port 5000 with debug=True
2025-04-07 12:31:44 [WARNING] _internal - _log:  * Debugger is active!
2025-04-07 12:32:38 [INFO] __init__ - before_request: Request started: GET /api/license-plate/status - IP: 127.0.0.1
2025-04-07 12:32:38 [INFO] __init__ - after_request: Request completed: GET /api/license-plate/status - Status: 200 - Duration: 5.51ms
2025-04-07 12:32:38 [INFO] __init__ - before_request: Request started: GET /favicon.ico - IP: 127.0.0.1
2025-04-07 12:32:38 [ERROR] __init__ - handle_exception: Unhandled exception: 404 Not Found: The requested URL was not found on the server. If you entered the URL manually please check your spelling and try again.
Traceback (most recent call last):
  File "C:\Users\Silver\AppData\Local\anaconda3\Lib\site-packages\flask\app.py", line 880, in full_dispatch_request
    rv = self.dispatch_request()
         ^^^^^^^^^^^^^^^^^^^^^^^
  File "C:\Users\Silver\AppData\Local\anaconda3\Lib\site-packages\flask\app.py", line 854, in dispatch_request
    self.raise_routing_exception(req)
  File "C:\Users\Silver\AppData\Local\anaconda3\Lib\site-packages\flask\app.py", line 463, in raise_routing_exception
    raise request.routing_exception  # type: ignore[misc]
    ^^^^^^^^^^^^^^^^^^^^^^^^^^^^^^^
  File "C:\Users\Silver\AppData\Local\anaconda3\Lib\site-packages\flask\ctx.py", line 362, in match_request
    result = self.url_adapter.match(return_rule=True)  # type: ignore
             ^^^^^^^^^^^^^^^^^^^^^^^^^^^^^^^^^^^^^^^^
  File "C:\Users\Silver\AppData\Local\anaconda3\Lib\site-packages\werkzeug\routing\map.py", line 629, in match
    raise NotFound() from None
werkzeug.exceptions.NotFound: 404 Not Found: The requested URL was not found on the server. If you entered the URL manually please check your spelling and try again.
2025-04-07 12:32:38 [INFO] __init__ - after_request: Request completed: GET /favicon.ico - Status: 500 - Duration: 105.77ms
2025-04-07 12:32:43 [INFO] supabase_service - get_supabase_client: Creating Supabase client
2025-04-07 12:32:43 [DEBUG] _config - load_ssl_context: load_ssl_context verify=True cert=None trust_env=True http2=False
2025-04-07 12:32:43 [DEBUG] _config - load_ssl_context_verify: load_verify_locations cafile='C:\\Users\\Silver\\AppData\\Local\\anaconda3\\Library\\ssl\\cacert.pem'
2025-04-07 12:32:48 [DEBUG] tpu_cluster_resolver - <module>: Falling back to TensorFlow client; we recommended you install the Cloud TPU client directly with pip install cloud-tpu-client.
2025-04-07 12:32:48 [DEBUG] __init__ - <module>: Creating converter from 7 to 5
2025-04-07 12:32:48 [DEBUG] __init__ - <module>: Creating converter from 5 to 7
2025-04-07 12:32:48 [DEBUG] __init__ - <module>: Creating converter from 7 to 5
2025-04-07 12:32:48 [DEBUG] __init__ - <module>: Creating converter from 5 to 7
2025-04-07 12:32:51 [INFO] utils - _init_num_threads: NumExpr defaulting to 4 threads.
2025-04-07 12:32:51 [DEBUG] __init__ - wrapper: matplotlib data path: C:\Users\Silver\AppData\Local\anaconda3\Lib\site-packages\matplotlib\mpl-data
2025-04-07 12:32:51 [DEBUG] __init__ - wrapper: CONFIGDIR=C:\Users\Silver\.matplotlib
2025-04-07 12:32:51 [DEBUG] __init__ - <module>: interactive is False
2025-04-07 12:32:51 [DEBUG] __init__ - <module>: platform is win32
2025-04-07 12:32:51 [DEBUG] __init__ - wrapper: CACHEDIR=C:\Users\Silver\.matplotlib
2025-04-07 12:32:51 [DEBUG] font_manager - _load_fontmanager: Using fontManager instance from C:\Users\Silver\.matplotlib\fontlist-v390.json
2025-04-07 12:32:53 [INFO] car_damage - __init__: Loaded car damage detection model from best.onnx
2025-04-07 12:32:53 [INFO] car_damage - <module>: Car damage detection model initialized successfully
2025-04-07 12:32:55 [WARNING] module_wrapper - _tfmw_add_deprecation_warning: From C:\Users\Silver\Desktop\TakaInsure2\app\blueprints\car_recognition.py:39: The name tf.GraphDef is deprecated. Please use tf.compat.v1.GraphDef instead.

2025-04-07 12:32:55 [INFO] car_recognition - <module>: Car make/model classifier initialized successfully
2025-04-07 12:32:55 [INFO] car_recognition - <module>: COCO labels loaded successfully
2025-04-07 12:32:55 [INFO] car_recognition - <module>: Loading YOLO model from disk...
2025-04-07 12:32:56 [INFO] car_recognition - <module>: YOLO model loaded with CUDA support
2025-04-07 12:32:56 [INFO] __init__ - create_app: Application initialized successfully
2025-04-07 12:32:56 [INFO] app - <module>: Starting application on port 5000 with debug=True
2025-04-07 12:32:56 [WARNING] _internal - _log:  * Debugger is active!
2025-04-07 13:31:47 [INFO] supabase_service - get_supabase_client: Creating Supabase client
2025-04-07 13:31:47 [DEBUG] _config - load_ssl_context: load_ssl_context verify=True cert=None trust_env=True http2=False
2025-04-07 13:31:47 [DEBUG] _config - load_ssl_context_verify: load_verify_locations cafile='C:\\Users\\Silver\\AppData\\Local\\anaconda3\\Library\\ssl\\cacert.pem'
2025-04-07 13:31:50 [DEBUG] tpu_cluster_resolver - <module>: Falling back to TensorFlow client; we recommended you install the Cloud TPU client directly with pip install cloud-tpu-client.
2025-04-07 13:31:51 [DEBUG] __init__ - <module>: Creating converter from 7 to 5
2025-04-07 13:31:51 [DEBUG] __init__ - <module>: Creating converter from 5 to 7
2025-04-07 13:31:51 [DEBUG] __init__ - <module>: Creating converter from 7 to 5
2025-04-07 13:31:51 [DEBUG] __init__ - <module>: Creating converter from 5 to 7
2025-04-07 13:31:53 [INFO] utils - _init_num_threads: NumExpr defaulting to 4 threads.
2025-04-07 13:31:53 [DEBUG] __init__ - wrapper: matplotlib data path: C:\Users\Silver\AppData\Local\anaconda3\Lib\site-packages\matplotlib\mpl-data
2025-04-07 13:31:53 [DEBUG] __init__ - wrapper: CONFIGDIR=C:\Users\Silver\.matplotlib
2025-04-07 13:31:53 [DEBUG] __init__ - <module>: interactive is False
2025-04-07 13:31:53 [DEBUG] __init__ - <module>: platform is win32
2025-04-07 13:31:53 [DEBUG] __init__ - wrapper: CACHEDIR=C:\Users\Silver\.matplotlib
2025-04-07 13:31:53 [DEBUG] font_manager - _load_fontmanager: Using fontManager instance from C:\Users\Silver\.matplotlib\fontlist-v390.json
2025-04-07 13:31:55 [INFO] car_damage - __init__: Loaded car damage detection model from best.onnx
2025-04-07 13:31:55 [INFO] car_damage - <module>: Car damage detection model initialized successfully
2025-04-07 13:31:57 [WARNING] module_wrapper - _tfmw_add_deprecation_warning: From C:\Users\Silver\Desktop\TakaInsure2\app\blueprints\car_recognition.py:39: The name tf.GraphDef is deprecated. Please use tf.compat.v1.GraphDef instead.

2025-04-07 13:31:57 [INFO] car_recognition - <module>: Car make/model classifier initialized successfully
2025-04-07 13:31:57 [INFO] car_recognition - <module>: COCO labels loaded successfully
2025-04-07 13:31:57 [INFO] car_recognition - <module>: Loading YOLO model from disk...
2025-04-07 13:31:57 [INFO] car_recognition - <module>: YOLO model loaded with CUDA support
2025-04-07 13:31:57 [INFO] __init__ - create_app: Application initialized successfully
2025-04-07 13:31:57 [INFO] app - <module>: Starting application on port 5000 with debug=True
2025-04-07 13:31:57 [WARNING] _internal - _log:  * Debugger is active!
2025-04-07 14:31:46 [INFO] supabase_service - get_supabase_client: Creating Supabase client
2025-04-07 14:31:46 [DEBUG] _config - load_ssl_context: load_ssl_context verify=True cert=None trust_env=True http2=False
2025-04-07 14:31:46 [DEBUG] _config - load_ssl_context_verify: load_verify_locations cafile='C:\\Users\\Silver\\AppData\\Local\\anaconda3\\Library\\ssl\\cacert.pem'
2025-04-07 14:31:49 [DEBUG] tpu_cluster_resolver - <module>: Falling back to TensorFlow client; we recommended you install the Cloud TPU client directly with pip install cloud-tpu-client.
2025-04-07 14:31:50 [DEBUG] __init__ - <module>: Creating converter from 7 to 5
2025-04-07 14:31:50 [DEBUG] __init__ - <module>: Creating converter from 5 to 7
2025-04-07 14:31:50 [DEBUG] __init__ - <module>: Creating converter from 7 to 5
2025-04-07 14:31:50 [DEBUG] __init__ - <module>: Creating converter from 5 to 7
2025-04-07 14:31:52 [INFO] utils - _init_num_threads: NumExpr defaulting to 4 threads.
2025-04-07 14:31:52 [DEBUG] __init__ - wrapper: matplotlib data path: C:\Users\Silver\AppData\Local\anaconda3\Lib\site-packages\matplotlib\mpl-data
2025-04-07 14:31:52 [DEBUG] __init__ - wrapper: CONFIGDIR=C:\Users\Silver\.matplotlib
2025-04-07 14:31:52 [DEBUG] __init__ - <module>: interactive is False
2025-04-07 14:31:52 [DEBUG] __init__ - <module>: platform is win32
2025-04-07 14:31:52 [DEBUG] __init__ - wrapper: CACHEDIR=C:\Users\Silver\.matplotlib
2025-04-07 14:31:52 [DEBUG] font_manager - _load_fontmanager: Using fontManager instance from C:\Users\Silver\.matplotlib\fontlist-v390.json
2025-04-07 14:31:54 [INFO] car_damage - __init__: Loaded car damage detection model from best.onnx
2025-04-07 14:31:54 [INFO] car_damage - <module>: Car damage detection model initialized successfully
2025-04-07 14:31:56 [WARNING] module_wrapper - _tfmw_add_deprecation_warning: From C:\Users\Silver\Desktop\TakaInsure2\app\blueprints\car_recognition.py:39: The name tf.GraphDef is deprecated. Please use tf.compat.v1.GraphDef instead.

2025-04-07 14:31:56 [INFO] car_recognition - <module>: Car make/model classifier initialized successfully
2025-04-07 14:31:56 [INFO] car_recognition - <module>: COCO labels loaded successfully
2025-04-07 14:31:56 [INFO] car_recognition - <module>: Loading YOLO model from disk...
2025-04-07 14:31:56 [INFO] car_recognition - <module>: YOLO model loaded with CUDA support
2025-04-07 14:31:56 [INFO] __init__ - create_app: Application initialized successfully
2025-04-07 14:31:56 [INFO] app - <module>: Starting application on port 5000 with debug=True
2025-04-07 14:31:56 [WARNING] _internal - _log:  * Debugger is active!
2025-04-07 15:31:47 [INFO] supabase_service - get_supabase_client: Creating Supabase client
2025-04-07 15:31:47 [DEBUG] _config - load_ssl_context: load_ssl_context verify=True cert=None trust_env=True http2=False
2025-04-07 15:31:47 [DEBUG] _config - load_ssl_context_verify: load_verify_locations cafile='C:\\Users\\Silver\\AppData\\Local\\anaconda3\\Library\\ssl\\cacert.pem'
2025-04-07 15:31:50 [DEBUG] tpu_cluster_resolver - <module>: Falling back to TensorFlow client; we recommended you install the Cloud TPU client directly with pip install cloud-tpu-client.
2025-04-07 15:31:50 [DEBUG] __init__ - <module>: Creating converter from 7 to 5
2025-04-07 15:31:50 [DEBUG] __init__ - <module>: Creating converter from 5 to 7
2025-04-07 15:31:50 [DEBUG] __init__ - <module>: Creating converter from 7 to 5
2025-04-07 15:31:50 [DEBUG] __init__ - <module>: Creating converter from 5 to 7
2025-04-07 15:31:52 [INFO] utils - _init_num_threads: NumExpr defaulting to 4 threads.
2025-04-07 15:31:53 [DEBUG] __init__ - wrapper: matplotlib data path: C:\Users\Silver\AppData\Local\anaconda3\Lib\site-packages\matplotlib\mpl-data
2025-04-07 15:31:53 [DEBUG] __init__ - wrapper: CONFIGDIR=C:\Users\Silver\.matplotlib
2025-04-07 15:31:53 [DEBUG] __init__ - <module>: interactive is False
2025-04-07 15:31:53 [DEBUG] __init__ - <module>: platform is win32
2025-04-07 15:31:53 [DEBUG] __init__ - wrapper: CACHEDIR=C:\Users\Silver\.matplotlib
2025-04-07 15:31:53 [DEBUG] font_manager - _load_fontmanager: Using fontManager instance from C:\Users\Silver\.matplotlib\fontlist-v390.json
2025-04-07 15:31:55 [INFO] car_damage - __init__: Loaded car damage detection model from best.onnx
2025-04-07 15:31:55 [INFO] car_damage - <module>: Car damage detection model initialized successfully
2025-04-07 15:31:56 [WARNING] module_wrapper - _tfmw_add_deprecation_warning: From C:\Users\Silver\Desktop\TakaInsure2\app\blueprints\car_recognition.py:39: The name tf.GraphDef is deprecated. Please use tf.compat.v1.GraphDef instead.

2025-04-07 15:31:56 [INFO] car_recognition - <module>: Car make/model classifier initialized successfully
2025-04-07 15:31:56 [INFO] car_recognition - <module>: COCO labels loaded successfully
2025-04-07 15:31:56 [INFO] car_recognition - <module>: Loading YOLO model from disk...
2025-04-07 15:31:56 [INFO] car_recognition - <module>: YOLO model loaded with CUDA support
2025-04-07 15:31:56 [INFO] __init__ - create_app: Application initialized successfully
2025-04-07 15:31:56 [INFO] app - <module>: Starting application on port 5000 with debug=True
2025-04-07 15:31:56 [WARNING] _internal - _log:  * Debugger is active!
2025-04-07 19:02:20 [INFO] supabase_service - get_supabase_client: Creating Supabase client
2025-04-07 19:02:20 [DEBUG] _config - load_ssl_context: load_ssl_context verify=True cert=None trust_env=True http2=False
2025-04-07 19:02:20 [DEBUG] _config - load_ssl_context_verify: load_verify_locations cafile='C:\\Users\\Silver\\AppData\\Local\\anaconda3\\Library\\ssl\\cacert.pem'
2025-04-07 19:02:30 [DEBUG] tpu_cluster_resolver - <module>: Falling back to TensorFlow client; we recommended you install the Cloud TPU client directly with pip install cloud-tpu-client.
2025-04-07 19:02:32 [DEBUG] __init__ - <module>: Creating converter from 7 to 5
2025-04-07 19:02:32 [DEBUG] __init__ - <module>: Creating converter from 5 to 7
2025-04-07 19:02:32 [DEBUG] __init__ - <module>: Creating converter from 7 to 5
2025-04-07 19:02:32 [DEBUG] __init__ - <module>: Creating converter from 5 to 7
2025-04-07 19:02:37 [INFO] utils - _init_num_threads: NumExpr defaulting to 4 threads.
2025-04-07 19:02:38 [DEBUG] __init__ - wrapper: matplotlib data path: C:\Users\Silver\AppData\Local\anaconda3\Lib\site-packages\matplotlib\mpl-data
2025-04-07 19:02:38 [DEBUG] __init__ - wrapper: CONFIGDIR=C:\Users\Silver\.matplotlib
2025-04-07 19:02:38 [DEBUG] __init__ - <module>: interactive is False
2025-04-07 19:02:38 [DEBUG] __init__ - <module>: platform is win32
2025-04-07 19:02:38 [DEBUG] __init__ - wrapper: CACHEDIR=C:\Users\Silver\.matplotlib
2025-04-07 19:02:38 [DEBUG] font_manager - _load_fontmanager: Using fontManager instance from C:\Users\Silver\.matplotlib\fontlist-v390.json
2025-04-07 19:02:43 [INFO] car_damage - __init__: Loaded car damage detection model from best.onnx
2025-04-07 19:02:43 [INFO] car_damage - <module>: Car damage detection model initialized successfully
2025-04-07 19:02:45 [WARNING] module_wrapper - _tfmw_add_deprecation_warning: From C:\Users\Silver\Desktop\TakaInsure2\app\blueprints\car_recognition.py:39: The name tf.GraphDef is deprecated. Please use tf.compat.v1.GraphDef instead.

2025-04-07 19:02:46 [INFO] car_recognition - <module>: Car make/model classifier initialized successfully
2025-04-07 19:02:46 [INFO] car_recognition - <module>: COCO labels loaded successfully
2025-04-07 19:02:46 [INFO] car_recognition - <module>: Loading YOLO model from disk...
2025-04-07 19:02:46 [INFO] car_recognition - <module>: YOLO model loaded with CUDA support
2025-04-07 19:02:49 [DEBUG] codec - <module>: Consider installing rusty-rlp to improve pyrlp performance with a rust basedbackend. Not currently functional for Python 3.11
2025-04-07 19:19:49 [INFO] supabase_service - get_supabase_client: Creating Supabase client
2025-04-07 19:19:49 [DEBUG] _config - load_ssl_context: load_ssl_context verify=True cert=None trust_env=True http2=False
2025-04-07 19:19:49 [DEBUG] _config - load_ssl_context_verify: load_verify_locations cafile='C:\\Users\\Silver\\AppData\\Local\\anaconda3\\Library\\ssl\\cacert.pem'
2025-04-07 19:21:25 [INFO] supabase_service - get_supabase_client: Creating Supabase client
2025-04-07 19:21:25 [DEBUG] _config - load_ssl_context: load_ssl_context verify=True cert=None trust_env=True http2=False
2025-04-07 19:21:25 [DEBUG] _config - load_ssl_context_verify: load_verify_locations cafile='C:\\Users\\Silver\\AppData\\Local\\anaconda3\\Library\\ssl\\cacert.pem'
2025-04-07 19:21:26 [INFO] car_damage - __init__: Loaded car damage detection model from best.onnx
2025-04-07 19:21:26 [INFO] car_damage - <module>: Car damage detection model initialized successfully
2025-04-07 19:22:02 [INFO] supabase_service - get_supabase_client: Creating Supabase client
2025-04-07 19:22:02 [DEBUG] _config - load_ssl_context: load_ssl_context verify=True cert=None trust_env=True http2=False
2025-04-07 19:22:02 [DEBUG] _config - load_ssl_context_verify: load_verify_locations cafile='C:\\Users\\Silver\\AppData\\Local\\anaconda3\\Library\\ssl\\cacert.pem'
2025-04-07 19:22:03 [INFO] car_damage - __init__: Loaded car damage detection model from best.onnx
2025-04-07 19:22:03 [INFO] car_damage - <module>: Car damage detection model initialized successfully
2025-04-07 19:22:04 [INFO] utils - _init_num_threads: NumExpr defaulting to 4 threads.
2025-04-07 19:22:04 [DEBUG] codec - <module>: Consider installing rusty-rlp to improve pyrlp performance with a rust basedbackend. Not currently functional for Python 3.11
2025-04-07 19:27:38 [INFO] supabase_service - get_supabase_client: Creating Supabase client
2025-04-07 19:27:38 [DEBUG] _config - load_ssl_context: load_ssl_context verify=True cert=None trust_env=True http2=False
2025-04-07 19:27:38 [DEBUG] _config - load_ssl_context_verify: load_verify_locations cafile='C:\\Users\\Silver\\AppData\\Local\\anaconda3\\Library\\ssl\\cacert.pem'
2025-04-07 19:27:39 [INFO] car_damage - __init__: Loaded car damage detection model from best.onnx
2025-04-07 19:27:39 [INFO] car_damage - <module>: Car damage detection model initialized successfully
2025-04-07 19:27:39 [INFO] utils - _init_num_threads: NumExpr defaulting to 4 threads.
2025-04-07 19:27:40 [DEBUG] codec - <module>: Consider installing rusty-rlp to improve pyrlp performance with a rust basedbackend. Not currently functional for Python 3.11
2025-04-07 19:27:41 [DEBUG] rpc - make_request: Making request HTTP. URI: http://localhost:8545, Method: web3_clientVersion
2025-04-07 19:27:41 [DEBUG] http_session_manager - cache_and_return_session: Session cached: http://localhost:8545, <requests.sessions.Session object at 0x0000026FF8707620>
2025-04-07 19:27:41 [DEBUG] connectionpool - _new_conn: Starting new HTTP connection (1): localhost:8545
2025-04-07 19:27:46 [INFO] blockchain_service - <module>: Connected to blockchain: False
2025-04-07 19:27:46 [WARNING] blockchain_service - <module>: Contract address not set - blockchain operations will be simulated
2025-04-07 19:27:46 [WARNING] blockchain_service - <module>: Private key not set - blockchain operations will be simulated
2025-04-07 19:30:03 [INFO] supabase_service - get_supabase_client: Creating Supabase client
2025-04-07 19:30:03 [DEBUG] _config - load_ssl_context: load_ssl_context verify=True cert=None trust_env=True http2=False
2025-04-07 19:30:03 [DEBUG] _config - load_ssl_context_verify: load_verify_locations cafile='C:\\Users\\Silver\\AppData\\Local\\anaconda3\\Library\\ssl\\cacert.pem'
2025-04-07 19:30:04 [INFO] car_damage - __init__: Loaded car damage detection model from best.onnx
2025-04-07 19:30:04 [INFO] car_damage - <module>: Car damage detection model initialized successfully
2025-04-07 19:30:04 [INFO] utils - _init_num_threads: NumExpr defaulting to 4 threads.
2025-04-07 19:30:05 [DEBUG] codec - <module>: Consider installing rusty-rlp to improve pyrlp performance with a rust basedbackend. Not currently functional for Python 3.11
2025-04-07 19:30:06 [DEBUG] rpc - make_request: Making request HTTP. URI: http://localhost:8545, Method: web3_clientVersion
2025-04-07 19:30:06 [DEBUG] http_session_manager - cache_and_return_session: Session cached: http://localhost:8545, <requests.sessions.Session object at 0x000001BCE8BDB3E0>
2025-04-07 19:30:06 [DEBUG] connectionpool - _new_conn: Starting new HTTP connection (1): localhost:8545
2025-04-07 19:30:10 [INFO] blockchain_service - <module>: Connected to blockchain: False
2025-04-07 19:30:10 [WARNING] blockchain_service - <module>: Contract address not set - blockchain operations will be simulated
2025-04-07 19:30:10 [WARNING] blockchain_service - <module>: Private key not set - blockchain operations will be simulated
2025-04-07 19:30:13 [DEBUG] tpu_cluster_resolver - <module>: Falling back to TensorFlow client; we recommended you install the Cloud TPU client directly with pip install cloud-tpu-client.
2025-04-07 19:30:14 [DEBUG] __init__ - <module>: Creating converter from 7 to 5
2025-04-07 19:30:14 [DEBUG] __init__ - <module>: Creating converter from 5 to 7
2025-04-07 19:30:14 [DEBUG] __init__ - <module>: Creating converter from 7 to 5
2025-04-07 19:30:14 [DEBUG] __init__ - <module>: Creating converter from 5 to 7
2025-04-07 19:30:16 [DEBUG] __init__ - wrapper: matplotlib data path: C:\Users\Silver\AppData\Local\anaconda3\Lib\site-packages\matplotlib\mpl-data
2025-04-07 19:30:16 [DEBUG] __init__ - wrapper: CONFIGDIR=C:\Users\Silver\.matplotlib
2025-04-07 19:30:16 [DEBUG] __init__ - <module>: interactive is False
2025-04-07 19:30:16 [DEBUG] __init__ - <module>: platform is win32
2025-04-07 19:30:16 [DEBUG] __init__ - wrapper: CACHEDIR=C:\Users\Silver\.matplotlib
2025-04-07 19:30:16 [DEBUG] font_manager - _load_fontmanager: Using fontManager instance from C:\Users\Silver\.matplotlib\fontlist-v390.json
2025-04-07 19:30:19 [WARNING] module_wrapper - _tfmw_add_deprecation_warning: From C:\Users\Silver\Desktop\TakaInsure2\app\car_make\classifier.py:26: The name tf.GraphDef is deprecated. Please use tf.compat.v1.GraphDef instead.

2025-04-07 19:30:19 [ERROR] image_processing - <module>: Failed to initialize car make classifier: [Errno 2] No such file or directory: 'car_make/yolo-coco\\model-weights-spectrico-mmr-mobilenet-128x128-344FF72B.pb'
2025-04-07 19:30:20 [INFO] image_processing - initialize_yolo: YOLO model initialized successfully
2025-04-07 19:30:20 [INFO] __init__ - create_app: Application initialized successfully
2025-04-07 19:30:20 [INFO] app - <module>: Starting application on port 5000 with debug=True
2025-04-07 19:30:22 [INFO] supabase_service - get_supabase_client: Creating Supabase client
2025-04-07 19:30:22 [DEBUG] _config - load_ssl_context: load_ssl_context verify=True cert=None trust_env=True http2=False
2025-04-07 19:30:22 [DEBUG] _config - load_ssl_context_verify: load_verify_locations cafile='C:\\Users\\Silver\\AppData\\Local\\anaconda3\\Library\\ssl\\cacert.pem'
2025-04-07 19:30:23 [INFO] car_damage - __init__: Loaded car damage detection model from best.onnx
2025-04-07 19:30:23 [INFO] car_damage - <module>: Car damage detection model initialized successfully
2025-04-07 19:30:23 [INFO] utils - _init_num_threads: NumExpr defaulting to 4 threads.
2025-04-07 19:30:24 [DEBUG] codec - <module>: Consider installing rusty-rlp to improve pyrlp performance with a rust basedbackend. Not currently functional for Python 3.11
2025-04-07 19:30:25 [DEBUG] rpc - make_request: Making request HTTP. URI: http://localhost:8545, Method: web3_clientVersion
2025-04-07 19:30:25 [DEBUG] http_session_manager - cache_and_return_session: Session cached: http://localhost:8545, <requests.sessions.Session object at 0x000001A739E00590>
2025-04-07 19:30:25 [DEBUG] connectionpool - _new_conn: Starting new HTTP connection (1): localhost:8545
2025-04-07 19:30:29 [INFO] blockchain_service - <module>: Connected to blockchain: False
2025-04-07 19:30:29 [WARNING] blockchain_service - <module>: Contract address not set - blockchain operations will be simulated
2025-04-07 19:30:29 [WARNING] blockchain_service - <module>: Private key not set - blockchain operations will be simulated
2025-04-07 19:30:32 [DEBUG] tpu_cluster_resolver - <module>: Falling back to TensorFlow client; we recommended you install the Cloud TPU client directly with pip install cloud-tpu-client.
2025-04-07 19:30:32 [DEBUG] __init__ - <module>: Creating converter from 7 to 5
2025-04-07 19:30:32 [DEBUG] __init__ - <module>: Creating converter from 5 to 7
2025-04-07 19:30:32 [DEBUG] __init__ - <module>: Creating converter from 7 to 5
2025-04-07 19:30:32 [DEBUG] __init__ - <module>: Creating converter from 5 to 7
2025-04-07 19:30:34 [DEBUG] __init__ - wrapper: matplotlib data path: C:\Users\Silver\AppData\Local\anaconda3\Lib\site-packages\matplotlib\mpl-data
2025-04-07 19:30:34 [DEBUG] __init__ - wrapper: CONFIGDIR=C:\Users\Silver\.matplotlib
2025-04-07 19:30:34 [DEBUG] __init__ - <module>: interactive is False
2025-04-07 19:30:34 [DEBUG] __init__ - <module>: platform is win32
2025-04-07 19:30:34 [DEBUG] __init__ - wrapper: CACHEDIR=C:\Users\Silver\.matplotlib
2025-04-07 19:30:34 [DEBUG] font_manager - _load_fontmanager: Using fontManager instance from C:\Users\Silver\.matplotlib\fontlist-v390.json
2025-04-07 19:30:37 [WARNING] module_wrapper - _tfmw_add_deprecation_warning: From C:\Users\Silver\Desktop\TakaInsure2\app\car_make\classifier.py:26: The name tf.GraphDef is deprecated. Please use tf.compat.v1.GraphDef instead.

2025-04-07 19:30:37 [ERROR] image_processing - <module>: Failed to initialize car make classifier: [Errno 2] No such file or directory: 'car_make/yolo-coco\\model-weights-spectrico-mmr-mobilenet-128x128-344FF72B.pb'
2025-04-07 19:30:37 [INFO] image_processing - initialize_yolo: YOLO model initialized successfully
2025-04-07 19:30:37 [INFO] __init__ - create_app: Application initialized successfully
2025-04-07 19:30:37 [INFO] app - <module>: Starting application on port 5000 with debug=True
2025-04-07 19:30:37 [WARNING] _internal - _log:  * Debugger is active!
2025-04-07 19:36:54 [INFO] supabase_service - get_supabase_client: Creating Supabase client
2025-04-07 19:36:54 [DEBUG] _config - load_ssl_context: load_ssl_context verify=True cert=None trust_env=True http2=False
2025-04-07 19:36:54 [DEBUG] _config - load_ssl_context_verify: load_verify_locations cafile='C:\\Users\\Silver\\AppData\\Local\\anaconda3\\Library\\ssl\\cacert.pem'
2025-04-07 19:36:55 [INFO] car_damage - __init__: Loaded car damage detection model from best.onnx
2025-04-07 19:36:55 [INFO] car_damage - <module>: Car damage detection model initialized successfully
2025-04-07 19:36:56 [INFO] utils - _init_num_threads: NumExpr defaulting to 4 threads.
2025-04-07 19:36:57 [DEBUG] codec - <module>: Consider installing rusty-rlp to improve pyrlp performance with a rust basedbackend. Not currently functional for Python 3.11
2025-04-07 19:36:58 [DEBUG] rpc - make_request: Making request HTTP. URI: http://localhost:8545, Method: web3_clientVersion
2025-04-07 19:36:58 [DEBUG] http_session_manager - cache_and_return_session: Session cached: http://localhost:8545, <requests.sessions.Session object at 0x0000022124C359A0>
2025-04-07 19:36:58 [DEBUG] connectionpool - _new_conn: Starting new HTTP connection (1): localhost:8545
2025-04-07 19:37:02 [INFO] blockchain_service - <module>: Connected to blockchain: False
2025-04-07 19:37:02 [WARNING] blockchain_service - <module>: Contract address not set - blockchain operations will be simulated
2025-04-07 19:37:02 [WARNING] blockchain_service - <module>: Private key not set - blockchain operations will be simulated
2025-04-07 19:37:06 [DEBUG] tpu_cluster_resolver - <module>: Falling back to TensorFlow client; we recommended you install the Cloud TPU client directly with pip install cloud-tpu-client.
2025-04-07 19:37:07 [DEBUG] __init__ - <module>: Creating converter from 7 to 5
2025-04-07 19:37:07 [DEBUG] __init__ - <module>: Creating converter from 5 to 7
2025-04-07 19:37:07 [DEBUG] __init__ - <module>: Creating converter from 7 to 5
2025-04-07 19:37:07 [DEBUG] __init__ - <module>: Creating converter from 5 to 7
2025-04-07 19:37:09 [DEBUG] __init__ - wrapper: matplotlib data path: C:\Users\Silver\AppData\Local\anaconda3\Lib\site-packages\matplotlib\mpl-data
2025-04-07 19:37:09 [DEBUG] __init__ - wrapper: CONFIGDIR=C:\Users\Silver\.matplotlib
2025-04-07 19:37:09 [DEBUG] __init__ - <module>: interactive is False
2025-04-07 19:37:09 [DEBUG] __init__ - <module>: platform is win32
2025-04-07 19:37:09 [DEBUG] __init__ - wrapper: CACHEDIR=C:\Users\Silver\.matplotlib
2025-04-07 19:37:09 [DEBUG] font_manager - _load_fontmanager: Using fontManager instance from C:\Users\Silver\.matplotlib\fontlist-v390.json
2025-04-07 19:37:13 [WARNING] module_wrapper - _tfmw_add_deprecation_warning: From C:\Users\Silver\Desktop\TakaInsure2\app\car_make\classifier.py:26: The name tf.GraphDef is deprecated. Please use tf.compat.v1.GraphDef instead.

2025-04-07 19:37:13 [ERROR] image_processing - <module>: Failed to initialize car make classifier: [Errno 2] No such file or directory: 'car_make/yolo-coco\\model-weights-spectrico-mmr-mobilenet-128x128-344FF72B.pb'
2025-04-07 19:37:14 [INFO] image_processing - initialize_yolo: YOLO model initialized successfully
2025-04-07 19:37:14 [INFO] __init__ - create_app: Application initialized successfully
2025-04-07 19:37:14 [INFO] app - <module>: Starting application on port 5000 with debug=True
2025-04-07 19:37:14 [WARNING] _internal - _log:  * Debugger is active!
2025-04-07 19:37:35 [INFO] supabase_service - get_supabase_client: Creating Supabase client
2025-04-07 19:37:35 [DEBUG] _config - load_ssl_context: load_ssl_context verify=True cert=None trust_env=True http2=False
2025-04-07 19:37:35 [DEBUG] _config - load_ssl_context_verify: load_verify_locations cafile='C:\\Users\\Silver\\AppData\\Local\\anaconda3\\Library\\ssl\\cacert.pem'
2025-04-07 19:37:39 [DEBUG] tpu_cluster_resolver - <module>: Falling back to TensorFlow client; we recommended you install the Cloud TPU client directly with pip install cloud-tpu-client.
2025-04-07 19:37:39 [DEBUG] __init__ - <module>: Creating converter from 7 to 5
2025-04-07 19:37:39 [DEBUG] __init__ - <module>: Creating converter from 5 to 7
2025-04-07 19:37:39 [DEBUG] __init__ - <module>: Creating converter from 7 to 5
2025-04-07 19:37:39 [DEBUG] __init__ - <module>: Creating converter from 5 to 7
2025-04-07 19:37:41 [INFO] utils - _init_num_threads: NumExpr defaulting to 4 threads.
2025-04-07 19:37:42 [DEBUG] __init__ - wrapper: matplotlib data path: C:\Users\Silver\AppData\Local\anaconda3\Lib\site-packages\matplotlib\mpl-data
2025-04-07 19:37:42 [DEBUG] __init__ - wrapper: CONFIGDIR=C:\Users\Silver\.matplotlib
2025-04-07 19:37:42 [DEBUG] __init__ - <module>: interactive is False
2025-04-07 19:37:42 [DEBUG] __init__ - <module>: platform is win32
2025-04-07 19:37:42 [DEBUG] __init__ - wrapper: CACHEDIR=C:\Users\Silver\.matplotlib
2025-04-07 19:37:42 [DEBUG] font_manager - _load_fontmanager: Using fontManager instance from C:\Users\Silver\.matplotlib\fontlist-v390.json
2025-04-07 19:37:46 [INFO] car_damage - __init__: Loaded car damage detection model from best.onnx
2025-04-07 19:37:46 [INFO] car_damage - <module>: Car damage detection model initialized successfully
2025-04-07 19:37:46 [DEBUG] codec - <module>: Consider installing rusty-rlp to improve pyrlp performance with a rust basedbackend. Not currently functional for Python 3.11
2025-04-07 19:37:47 [DEBUG] rpc - make_request: Making request HTTP. URI: http://localhost:8545, Method: web3_clientVersion
2025-04-07 19:37:47 [DEBUG] http_session_manager - cache_and_return_session: Session cached: http://localhost:8545, <requests.sessions.Session object at 0x000002AC3BFF6060>
2025-04-07 19:37:47 [DEBUG] connectionpool - _new_conn: Starting new HTTP connection (1): localhost:8545
2025-04-07 19:37:51 [INFO] blockchain_service - <module>: Connected to blockchain: False
2025-04-07 19:37:51 [WARNING] blockchain_service - <module>: Contract address not set - blockchain operations will be simulated
2025-04-07 19:37:51 [WARNING] blockchain_service - <module>: Private key not set - blockchain operations will be simulated
2025-04-07 19:37:52 [WARNING] module_wrapper - _tfmw_add_deprecation_warning: From C:\Users\Silver\Desktop\TakaInsure2\app\car_make\classifier.py:26: The name tf.GraphDef is deprecated. Please use tf.compat.v1.GraphDef instead.

2025-04-07 19:37:52 [ERROR] image_processing - <module>: Failed to initialize car make classifier: [Errno 2] No such file or directory: 'car_make/yolo-coco\\model-weights-spectrico-mmr-mobilenet-128x128-344FF72B.pb'
2025-04-07 19:37:53 [INFO] image_processing - initialize_yolo: YOLO model initialized successfully
2025-04-07 19:37:53 [INFO] __init__ - create_app: Application initialized successfully
2025-04-07 19:37:53 [INFO] app - <module>: Starting application on port 5000 with debug=True
2025-04-07 19:37:53 [WARNING] _internal - _log:  * Debugger is active!
2025-04-07 19:39:15 [INFO] supabase_service - get_supabase_client: Creating Supabase client
2025-04-07 19:39:15 [DEBUG] _config - load_ssl_context: load_ssl_context verify=True cert=None trust_env=True http2=False
2025-04-07 19:39:15 [DEBUG] _config - load_ssl_context_verify: load_verify_locations cafile='C:\\Users\\Silver\\AppData\\Local\\anaconda3\\Library\\ssl\\cacert.pem'
2025-04-07 19:39:18 [DEBUG] tpu_cluster_resolver - <module>: Falling back to TensorFlow client; we recommended you install the Cloud TPU client directly with pip install cloud-tpu-client.
2025-04-07 19:39:19 [DEBUG] __init__ - <module>: Creating converter from 7 to 5
2025-04-07 19:39:19 [DEBUG] __init__ - <module>: Creating converter from 5 to 7
2025-04-07 19:39:19 [DEBUG] __init__ - <module>: Creating converter from 7 to 5
2025-04-07 19:39:19 [DEBUG] __init__ - <module>: Creating converter from 5 to 7
2025-04-07 19:39:21 [INFO] utils - _init_num_threads: NumExpr defaulting to 4 threads.
2025-04-07 19:39:21 [DEBUG] __init__ - wrapper: matplotlib data path: C:\Users\Silver\AppData\Local\anaconda3\Lib\site-packages\matplotlib\mpl-data
2025-04-07 19:39:21 [DEBUG] __init__ - wrapper: CONFIGDIR=C:\Users\Silver\.matplotlib
2025-04-07 19:39:21 [DEBUG] __init__ - <module>: interactive is False
2025-04-07 19:39:21 [DEBUG] __init__ - <module>: platform is win32
2025-04-07 19:39:21 [DEBUG] __init__ - wrapper: CACHEDIR=C:\Users\Silver\.matplotlib
2025-04-07 19:39:21 [DEBUG] font_manager - _load_fontmanager: Using fontManager instance from C:\Users\Silver\.matplotlib\fontlist-v390.json
2025-04-07 19:39:23 [INFO] car_damage - __init__: Loaded car damage detection model from best.onnx
2025-04-07 19:39:23 [INFO] car_damage - <module>: Car damage detection model initialized successfully
2025-04-07 19:39:25 [WARNING] module_wrapper - _tfmw_add_deprecation_warning: From C:\Users\Silver\Desktop\TakaInsure2\app\blueprints\car_recognition.py:39: The name tf.GraphDef is deprecated. Please use tf.compat.v1.GraphDef instead.

2025-04-07 19:39:25 [INFO] car_recognition - <module>: Car make/model classifier initialized successfully
2025-04-07 19:39:25 [INFO] car_recognition - <module>: COCO labels loaded successfully
2025-04-07 19:39:25 [INFO] car_recognition - <module>: Loading YOLO model from disk...
2025-04-07 19:39:26 [INFO] car_recognition - <module>: YOLO model loaded with CUDA support
2025-04-07 19:39:26 [DEBUG] codec - <module>: Consider installing rusty-rlp to improve pyrlp performance with a rust basedbackend. Not currently functional for Python 3.11
2025-04-07 19:39:27 [DEBUG] rpc - make_request: Making request HTTP. URI: http://localhost:8545, Method: web3_clientVersion
2025-04-07 19:39:27 [DEBUG] http_session_manager - cache_and_return_session: Session cached: http://localhost:8545, <requests.sessions.Session object at 0x0000016919734230>
2025-04-07 19:39:27 [DEBUG] connectionpool - _new_conn: Starting new HTTP connection (1): localhost:8545
2025-04-07 19:39:31 [INFO] blockchain_service - <module>: Connected to blockchain: False
2025-04-07 19:39:31 [WARNING] blockchain_service - <module>: Contract address not set - blockchain operations will be simulated
2025-04-07 19:39:31 [WARNING] blockchain_service - <module>: Private key not set - blockchain operations will be simulated
2025-04-07 19:39:31 [ERROR] image_processing - <module>: Failed to initialize car make classifier: [Errno 2] No such file or directory: 'car_make/yolo-coco\\model-weights-spectrico-mmr-mobilenet-128x128-344FF72B.pb'
2025-04-07 19:39:32 [INFO] image_processing - initialize_yolo: YOLO model initialized successfully
2025-04-07 19:39:32 [INFO] __init__ - create_app: Application initialized successfully
2025-04-07 19:39:32 [INFO] app - <module>: Starting application on port 5000 with debug=True
2025-04-07 19:39:32 [WARNING] _internal - _log:  * Debugger is active!
2025-04-07 20:27:50 [INFO] supabase_service - get_supabase_client: Creating Supabase client
2025-04-07 20:27:50 [DEBUG] _config - load_ssl_context: load_ssl_context verify=True cert=None trust_env=True http2=False
2025-04-07 20:27:50 [DEBUG] _config - load_ssl_context_verify: load_verify_locations cafile='C:\\Users\\Silver\\AppData\\Local\\anaconda3\\Library\\ssl\\cacert.pem'
2025-04-07 20:27:58 [DEBUG] tpu_cluster_resolver - <module>: Falling back to TensorFlow client; we recommended you install the Cloud TPU client directly with pip install cloud-tpu-client.
2025-04-07 20:28:00 [DEBUG] __init__ - <module>: Creating converter from 7 to 5
2025-04-07 20:28:00 [DEBUG] __init__ - <module>: Creating converter from 5 to 7
2025-04-07 20:28:00 [DEBUG] __init__ - <module>: Creating converter from 7 to 5
2025-04-07 20:28:00 [DEBUG] __init__ - <module>: Creating converter from 5 to 7
2025-04-07 20:28:08 [INFO] utils - _init_num_threads: NumExpr defaulting to 4 threads.
2025-04-07 20:28:10 [DEBUG] __init__ - wrapper: matplotlib data path: C:\Users\Silver\AppData\Local\anaconda3\Lib\site-packages\matplotlib\mpl-data
2025-04-07 20:28:10 [DEBUG] __init__ - wrapper: CONFIGDIR=C:\Users\Silver\.matplotlib
2025-04-07 20:28:10 [DEBUG] __init__ - <module>: interactive is False
2025-04-07 20:28:10 [DEBUG] __init__ - <module>: platform is win32
2025-04-07 20:28:10 [DEBUG] __init__ - wrapper: CACHEDIR=C:\Users\Silver\.matplotlib
2025-04-07 20:28:10 [DEBUG] font_manager - _load_fontmanager: Using fontManager instance from C:\Users\Silver\.matplotlib\fontlist-v390.json
2025-04-07 20:28:16 [INFO] car_damage - __init__: Loaded car damage detection model from best.onnx
2025-04-07 20:28:16 [INFO] car_damage - <module>: Car damage detection model initialized successfully
2025-04-07 20:28:18 [WARNING] module_wrapper - _tfmw_add_deprecation_warning: From C:\Users\Silver\Desktop\TakaInsure2\app\blueprints\car_recognition.py:39: The name tf.GraphDef is deprecated. Please use tf.compat.v1.GraphDef instead.

2025-04-07 20:28:19 [INFO] car_recognition - <module>: Car make/model classifier initialized successfully
2025-04-07 20:28:19 [INFO] car_recognition - <module>: COCO labels loaded successfully
2025-04-07 20:28:19 [INFO] car_recognition - <module>: Loading YOLO model from disk...
2025-04-07 20:28:20 [INFO] car_recognition - <module>: YOLO model loaded with CUDA support
2025-04-07 20:28:22 [DEBUG] codec - <module>: Consider installing rusty-rlp to improve pyrlp performance with a rust basedbackend. Not currently functional for Python 3.11
2025-04-07 20:28:24 [DEBUG] rpc - make_request: Making request HTTP. URI: https://goerli.infura.io/v3/your-infura-key, Method: web3_clientVersion
2025-04-07 20:28:24 [DEBUG] http_session_manager - cache_and_return_session: Session cached: https://goerli.infura.io/v3/your-infura-key, <requests.sessions.Session object at 0x000001623E6EB980>
2025-04-07 20:28:24 [DEBUG] connectionpool - _new_conn: Starting new HTTPS connection (1): goerli.infura.io:443
2025-04-07 20:28:25 [DEBUG] connectionpool - _make_request: https://goerli.infura.io:443 "POST /v3/your-infura-key HTTP/1.1" 410 248
2025-04-07 20:28:25 [INFO] blockchain_service - <module>: Connected to blockchain: False
2025-04-07 20:28:25 [ERROR] blockchain_service - <module>: Failed to initialize blockchain connection: Non-hexadecimal digit found
2025-04-07 20:28:25 [ERROR] image_processing - <module>: Failed to initialize car make classifier: [Errno 2] No such file or directory: 'car_make/yolo-coco\\model-weights-spectrico-mmr-mobilenet-128x128-344FF72B.pb'
2025-04-07 20:28:26 [INFO] image_processing - initialize_yolo: YOLO model initialized successfully
2025-04-07 20:28:26 [INFO] __init__ - create_app: Application initialized successfully
2025-04-07 20:28:26 [INFO] app - <module>: Starting application on port 5000 with debug=True
2025-04-07 20:28:26 [WARNING] _internal - _log:  * Debugger is active!
2025-04-07 21:19:49 [INFO] supabase_service - get_supabase_client: Creating Supabase client
2025-04-07 21:19:49 [DEBUG] _config - load_ssl_context: load_ssl_context verify=True cert=None trust_env=True http2=False
2025-04-07 21:19:49 [DEBUG] _config - load_ssl_context_verify: load_verify_locations cafile='C:\\Users\\Silver\\AppData\\Local\\anaconda3\\Library\\ssl\\cacert.pem'
2025-04-07 21:19:55 [DEBUG] tpu_cluster_resolver - <module>: Falling back to TensorFlow client; we recommended you install the Cloud TPU client directly with pip install cloud-tpu-client.
2025-04-07 21:19:56 [DEBUG] __init__ - <module>: Creating converter from 7 to 5
2025-04-07 21:19:56 [DEBUG] __init__ - <module>: Creating converter from 5 to 7
2025-04-07 21:19:56 [DEBUG] __init__ - <module>: Creating converter from 7 to 5
2025-04-07 21:19:56 [DEBUG] __init__ - <module>: Creating converter from 5 to 7
2025-04-07 21:19:59 [INFO] utils - _init_num_threads: NumExpr defaulting to 4 threads.
2025-04-07 21:20:00 [DEBUG] __init__ - wrapper: matplotlib data path: C:\Users\Silver\AppData\Local\anaconda3\Lib\site-packages\matplotlib\mpl-data
2025-04-07 21:20:00 [DEBUG] __init__ - wrapper: CONFIGDIR=C:\Users\Silver\.matplotlib
2025-04-07 21:20:00 [DEBUG] __init__ - <module>: interactive is False
2025-04-07 21:20:00 [DEBUG] __init__ - <module>: platform is win32
2025-04-07 21:20:00 [DEBUG] __init__ - wrapper: CACHEDIR=C:\Users\Silver\.matplotlib
2025-04-07 21:20:00 [DEBUG] font_manager - _load_fontmanager: Using fontManager instance from C:\Users\Silver\.matplotlib\fontlist-v390.json
2025-04-07 21:20:03 [INFO] car_damage - __init__: Loaded car damage detection model from best.onnx
2025-04-07 21:20:03 [INFO] car_damage - <module>: Car damage detection model initialized successfully
2025-04-07 21:20:05 [WARNING] module_wrapper - _tfmw_add_deprecation_warning: From C:\Users\Silver\Desktop\TakaInsure2\app\blueprints\car_recognition.py:39: The name tf.GraphDef is deprecated. Please use tf.compat.v1.GraphDef instead.

2025-04-07 21:20:05 [INFO] car_recognition - <module>: Car make/model classifier initialized successfully
2025-04-07 21:20:05 [INFO] car_recognition - <module>: COCO labels loaded successfully
2025-04-07 21:20:05 [INFO] car_recognition - <module>: Loading YOLO model from disk...
2025-04-07 21:20:05 [INFO] car_recognition - <module>: YOLO model loaded with CUDA support
2025-04-07 21:20:06 [DEBUG] codec - <module>: Consider installing rusty-rlp to improve pyrlp performance with a rust basedbackend. Not currently functional for Python 3.11
2025-04-07 21:20:07 [DEBUG] rpc - make_request: Making request HTTP. URI: http://localhost:8545, Method: web3_clientVersion
2025-04-07 21:20:07 [DEBUG] http_session_manager - cache_and_return_session: Session cached: http://localhost:8545, <requests.sessions.Session object at 0x000001BE51B9F530>
2025-04-07 21:20:07 [DEBUG] connectionpool - _new_conn: Starting new HTTP connection (1): localhost:8545
2025-04-07 21:20:11 [INFO] blockchain_service - <module>: Connected to blockchain: False
2025-04-07 21:20:11 [INFO] blockchain_service - <module>: Wallet address: 0x7E5F4552091A69125d5DfCb7b8C2659029395Bdf
2025-04-07 21:20:11 [ERROR] image_processing - <module>: Failed to initialize car make classifier: [Errno 2] No such file or directory: 'car_make/yolo-coco\\model-weights-spectrico-mmr-mobilenet-128x128-344FF72B.pb'
2025-04-07 21:20:11 [INFO] image_processing - initialize_yolo: YOLO model initialized successfully
2025-04-07 21:20:11 [INFO] __init__ - create_app: Application initialized successfully
2025-04-07 21:20:11 [INFO] app - <module>: Starting application on port 5000 with debug=True
2025-04-07 21:20:11 [WARNING] _internal - _log:  * Debugger is active!
2025-04-07 21:22:40 [INFO] supabase_service - get_supabase_client: Creating Supabase client
2025-04-07 21:22:40 [DEBUG] _config - load_ssl_context: load_ssl_context verify=True cert=None trust_env=True http2=False
2025-04-07 21:22:40 [DEBUG] _config - load_ssl_context_verify: load_verify_locations cafile='C:\\Users\\Silver\\AppData\\Local\\anaconda3\\Library\\ssl\\cacert.pem'
2025-04-07 21:22:44 [DEBUG] tpu_cluster_resolver - <module>: Falling back to TensorFlow client; we recommended you install the Cloud TPU client directly with pip install cloud-tpu-client.
2025-04-07 21:22:45 [DEBUG] __init__ - <module>: Creating converter from 7 to 5
2025-04-07 21:22:45 [DEBUG] __init__ - <module>: Creating converter from 5 to 7
2025-04-07 21:22:45 [DEBUG] __init__ - <module>: Creating converter from 7 to 5
2025-04-07 21:22:45 [DEBUG] __init__ - <module>: Creating converter from 5 to 7
2025-04-07 21:22:47 [INFO] utils - _init_num_threads: NumExpr defaulting to 4 threads.
2025-04-07 21:22:47 [DEBUG] __init__ - wrapper: matplotlib data path: C:\Users\Silver\AppData\Local\anaconda3\Lib\site-packages\matplotlib\mpl-data
2025-04-07 21:22:47 [DEBUG] __init__ - wrapper: CONFIGDIR=C:\Users\Silver\.matplotlib
2025-04-07 21:22:47 [DEBUG] __init__ - <module>: interactive is False
2025-04-07 21:22:47 [DEBUG] __init__ - <module>: platform is win32
2025-04-07 21:22:48 [DEBUG] __init__ - wrapper: CACHEDIR=C:\Users\Silver\.matplotlib
2025-04-07 21:22:48 [DEBUG] font_manager - _load_fontmanager: Using fontManager instance from C:\Users\Silver\.matplotlib\fontlist-v390.json
2025-04-07 21:22:50 [INFO] car_damage - __init__: Loaded car damage detection model from best.onnx
2025-04-07 21:22:50 [INFO] car_damage - <module>: Car damage detection model initialized successfully
2025-04-07 21:22:52 [WARNING] module_wrapper - _tfmw_add_deprecation_warning: From C:\Users\Silver\Desktop\TakaInsure2\app\blueprints\car_recognition.py:39: The name tf.GraphDef is deprecated. Please use tf.compat.v1.GraphDef instead.

2025-04-07 21:22:52 [INFO] car_recognition - <module>: Car make/model classifier initialized successfully
2025-04-07 21:22:52 [INFO] car_recognition - <module>: COCO labels loaded successfully
2025-04-07 21:22:52 [INFO] car_recognition - <module>: Loading YOLO model from disk...
2025-04-07 21:22:52 [INFO] car_recognition - <module>: YOLO model loaded with CUDA support
2025-04-07 21:22:53 [DEBUG] codec - <module>: Consider installing rusty-rlp to improve pyrlp performance with a rust basedbackend. Not currently functional for Python 3.11
2025-04-07 21:22:55 [DEBUG] rpc - make_request: Making request HTTP. URI: http://localhost:8545, Method: web3_clientVersion
2025-04-07 21:22:55 [DEBUG] http_session_manager - cache_and_return_session: Session cached: http://localhost:8545, <requests.sessions.Session object at 0x000002489D754650>
2025-04-07 21:22:55 [DEBUG] connectionpool - _new_conn: Starting new HTTP connection (1): localhost:8545
2025-04-07 21:22:59 [INFO] blockchain_service - <module>: Connected to blockchain: False
2025-04-07 21:22:59 [INFO] blockchain_service - <module>: Wallet address: 0x7E5F4552091A69125d5DfCb7b8C2659029395Bdf
2025-04-07 21:22:59 [ERROR] image_processing - <module>: Failed to initialize car make classifier: [Errno 2] No such file or directory: 'car_make/yolo-coco\\model-weights-spectrico-mmr-mobilenet-128x128-344FF72B.pb'
2025-04-07 21:22:59 [INFO] image_processing - initialize_yolo: YOLO model initialized successfully
2025-04-07 21:22:59 [INFO] __init__ - create_app: Application initialized successfully
2025-04-07 21:22:59 [INFO] app - <module>: Starting application on port 5000 with debug=True
2025-04-07 21:23:02 [INFO] supabase_service - get_supabase_client: Creating Supabase client
2025-04-07 21:23:02 [DEBUG] _config - load_ssl_context: load_ssl_context verify=True cert=None trust_env=True http2=False
2025-04-07 21:23:02 [DEBUG] _config - load_ssl_context_verify: load_verify_locations cafile='C:\\Users\\Silver\\AppData\\Local\\anaconda3\\Library\\ssl\\cacert.pem'
2025-04-07 21:23:06 [DEBUG] tpu_cluster_resolver - <module>: Falling back to TensorFlow client; we recommended you install the Cloud TPU client directly with pip install cloud-tpu-client.
2025-04-07 21:23:06 [DEBUG] __init__ - <module>: Creating converter from 7 to 5
2025-04-07 21:23:06 [DEBUG] __init__ - <module>: Creating converter from 5 to 7
2025-04-07 21:23:06 [DEBUG] __init__ - <module>: Creating converter from 7 to 5
2025-04-07 21:23:06 [DEBUG] __init__ - <module>: Creating converter from 5 to 7
2025-04-07 21:23:09 [INFO] utils - _init_num_threads: NumExpr defaulting to 4 threads.
2025-04-07 21:23:10 [DEBUG] __init__ - wrapper: matplotlib data path: C:\Users\Silver\AppData\Local\anaconda3\Lib\site-packages\matplotlib\mpl-data
2025-04-07 21:23:10 [DEBUG] __init__ - wrapper: CONFIGDIR=C:\Users\Silver\.matplotlib
2025-04-07 21:23:10 [DEBUG] __init__ - <module>: interactive is False
2025-04-07 21:23:10 [DEBUG] __init__ - <module>: platform is win32
2025-04-07 21:23:10 [DEBUG] __init__ - wrapper: CACHEDIR=C:\Users\Silver\.matplotlib
2025-04-07 21:23:10 [DEBUG] font_manager - _load_fontmanager: Using fontManager instance from C:\Users\Silver\.matplotlib\fontlist-v390.json
2025-04-07 21:23:12 [INFO] car_damage - __init__: Loaded car damage detection model from best.onnx
2025-04-07 21:23:12 [INFO] car_damage - <module>: Car damage detection model initialized successfully
2025-04-07 21:23:13 [WARNING] module_wrapper - _tfmw_add_deprecation_warning: From C:\Users\Silver\Desktop\TakaInsure2\app\blueprints\car_recognition.py:39: The name tf.GraphDef is deprecated. Please use tf.compat.v1.GraphDef instead.

2025-04-07 21:23:14 [INFO] car_recognition - <module>: Car make/model classifier initialized successfully
2025-04-07 21:23:14 [INFO] car_recognition - <module>: COCO labels loaded successfully
2025-04-07 21:23:14 [INFO] car_recognition - <module>: Loading YOLO model from disk...
2025-04-07 21:23:14 [INFO] car_recognition - <module>: YOLO model loaded with CUDA support
2025-04-07 21:23:14 [DEBUG] codec - <module>: Consider installing rusty-rlp to improve pyrlp performance with a rust basedbackend. Not currently functional for Python 3.11
2025-04-07 21:23:15 [DEBUG] rpc - make_request: Making request HTTP. URI: http://localhost:8545, Method: web3_clientVersion
2025-04-07 21:23:15 [DEBUG] http_session_manager - cache_and_return_session: Session cached: http://localhost:8545, <requests.sessions.Session object at 0x000002B85D1343E0>
2025-04-07 21:23:15 [DEBUG] connectionpool - _new_conn: Starting new HTTP connection (1): localhost:8545
2025-04-07 21:23:19 [INFO] blockchain_service - <module>: Connected to blockchain: False
2025-04-07 21:23:19 [INFO] blockchain_service - <module>: Wallet address: 0x7E5F4552091A69125d5DfCb7b8C2659029395Bdf
2025-04-07 21:23:19 [ERROR] image_processing - <module>: Failed to initialize car make classifier: [Errno 2] No such file or directory: 'car_make/yolo-coco\\model-weights-spectrico-mmr-mobilenet-128x128-344FF72B.pb'
2025-04-07 21:23:20 [INFO] image_processing - initialize_yolo: YOLO model initialized successfully
2025-04-07 21:23:20 [INFO] __init__ - create_app: Application initialized successfully
2025-04-07 21:23:20 [INFO] app - <module>: Starting application on port 5000 with debug=True
2025-04-07 21:23:20 [WARNING] _internal - _log:  * Debugger is active!
2025-04-07 21:25:21 [INFO] supabase_service - get_supabase_client: Creating Supabase client
2025-04-07 21:25:21 [DEBUG] _config - load_ssl_context: load_ssl_context verify=True cert=None trust_env=True http2=False
2025-04-07 21:25:21 [DEBUG] _config - load_ssl_context_verify: load_verify_locations cafile='C:\\Users\\Silver\\AppData\\Local\\anaconda3\\Library\\ssl\\cacert.pem'
2025-04-07 21:25:24 [DEBUG] tpu_cluster_resolver - <module>: Falling back to TensorFlow client; we recommended you install the Cloud TPU client directly with pip install cloud-tpu-client.
2025-04-07 21:25:25 [DEBUG] __init__ - <module>: Creating converter from 7 to 5
2025-04-07 21:25:25 [DEBUG] __init__ - <module>: Creating converter from 5 to 7
2025-04-07 21:25:25 [DEBUG] __init__ - <module>: Creating converter from 7 to 5
2025-04-07 21:25:25 [DEBUG] __init__ - <module>: Creating converter from 5 to 7
2025-04-07 21:25:27 [INFO] utils - _init_num_threads: NumExpr defaulting to 4 threads.
2025-04-07 21:25:27 [DEBUG] __init__ - wrapper: matplotlib data path: C:\Users\Silver\AppData\Local\anaconda3\Lib\site-packages\matplotlib\mpl-data
2025-04-07 21:25:27 [DEBUG] __init__ - wrapper: CONFIGDIR=C:\Users\Silver\.matplotlib
2025-04-07 21:25:27 [DEBUG] __init__ - <module>: interactive is False
2025-04-07 21:25:27 [DEBUG] __init__ - <module>: platform is win32
2025-04-07 21:25:27 [DEBUG] __init__ - wrapper: CACHEDIR=C:\Users\Silver\.matplotlib
2025-04-07 21:25:27 [DEBUG] font_manager - _load_fontmanager: Using fontManager instance from C:\Users\Silver\.matplotlib\fontlist-v390.json
2025-04-07 21:25:30 [INFO] car_damage - __init__: Loaded car damage detection model from best.onnx
2025-04-07 21:25:30 [INFO] car_damage - <module>: Car damage detection model initialized successfully
2025-04-07 21:25:31 [WARNING] module_wrapper - _tfmw_add_deprecation_warning: From C:\Users\Silver\Desktop\TakaInsure2\app\blueprints\car_recognition.py:39: The name tf.GraphDef is deprecated. Please use tf.compat.v1.GraphDef instead.

2025-04-07 21:25:31 [INFO] car_recognition - <module>: Car make/model classifier initialized successfully
2025-04-07 21:25:31 [INFO] car_recognition - <module>: COCO labels loaded successfully
2025-04-07 21:25:31 [INFO] car_recognition - <module>: Loading YOLO model from disk...
2025-04-07 21:25:31 [INFO] car_recognition - <module>: YOLO model loaded with CUDA support
2025-04-07 21:25:31 [DEBUG] codec - <module>: Consider installing rusty-rlp to improve pyrlp performance with a rust basedbackend. Not currently functional for Python 3.11
2025-04-07 21:25:33 [DEBUG] rpc - make_request: Making request HTTP. URI: http://localhost:8545, Method: web3_clientVersion
2025-04-07 21:25:33 [DEBUG] http_session_manager - cache_and_return_session: Session cached: http://localhost:8545, <requests.sessions.Session object at 0x0000018AA781D9A0>
2025-04-07 21:25:33 [DEBUG] connectionpool - _new_conn: Starting new HTTP connection (1): localhost:8545
2025-04-07 21:25:37 [INFO] blockchain_service - <module>: Connected to blockchain: False
2025-04-07 21:25:37 [INFO] blockchain_service - <module>: Wallet address: 0x7E5F4552091A69125d5DfCb7b8C2659029395Bdf
2025-04-07 21:25:37 [ERROR] image_processing - <module>: Failed to initialize car make classifier: [Errno 2] No such file or directory: 'car_make/yolo-coco\\model-weights-spectrico-mmr-mobilenet-128x128-344FF72B.pb'
2025-04-07 21:25:37 [INFO] image_processing - initialize_yolo: YOLO model initialized successfully
2025-04-07 21:25:37 [INFO] __init__ - create_app: Application initialized successfully
2025-04-07 21:25:37 [INFO] app - <module>: Starting application on port 5000 with debug=True
2025-04-07 21:25:37 [WARNING] _internal - _log:  * Debugger is active!
2025-04-07 21:29:07 [INFO] supabase_service - get_supabase_client: Creating Supabase client
2025-04-07 21:29:07 [DEBUG] _config - load_ssl_context: load_ssl_context verify=True cert=None trust_env=True http2=False
2025-04-07 21:29:07 [DEBUG] _config - load_ssl_context_verify: load_verify_locations cafile='C:\\Users\\Silver\\AppData\\Local\\anaconda3\\Library\\ssl\\cacert.pem'
2025-04-07 21:29:10 [DEBUG] tpu_cluster_resolver - <module>: Falling back to TensorFlow client; we recommended you install the Cloud TPU client directly with pip install cloud-tpu-client.
2025-04-07 21:29:11 [DEBUG] __init__ - <module>: Creating converter from 7 to 5
2025-04-07 21:29:11 [DEBUG] __init__ - <module>: Creating converter from 5 to 7
2025-04-07 21:29:11 [DEBUG] __init__ - <module>: Creating converter from 7 to 5
2025-04-07 21:29:11 [DEBUG] __init__ - <module>: Creating converter from 5 to 7
2025-04-07 21:29:13 [INFO] utils - _init_num_threads: NumExpr defaulting to 4 threads.
2025-04-07 21:29:14 [DEBUG] __init__ - wrapper: matplotlib data path: C:\Users\Silver\AppData\Local\anaconda3\Lib\site-packages\matplotlib\mpl-data
2025-04-07 21:29:14 [DEBUG] __init__ - wrapper: CONFIGDIR=C:\Users\Silver\.matplotlib
2025-04-07 21:29:14 [DEBUG] __init__ - <module>: interactive is False
2025-04-07 21:29:14 [DEBUG] __init__ - <module>: platform is win32
2025-04-07 21:29:14 [DEBUG] __init__ - wrapper: CACHEDIR=C:\Users\Silver\.matplotlib
2025-04-07 21:29:14 [DEBUG] font_manager - _load_fontmanager: Using fontManager instance from C:\Users\Silver\.matplotlib\fontlist-v390.json
2025-04-07 21:29:16 [INFO] car_damage - __init__: Loaded car damage detection model from best.onnx
2025-04-07 21:29:16 [INFO] car_damage - <module>: Car damage detection model initialized successfully
2025-04-07 21:29:17 [WARNING] module_wrapper - _tfmw_add_deprecation_warning: From C:\Users\Silver\Desktop\TakaInsure2\app\blueprints\car_recognition.py:39: The name tf.GraphDef is deprecated. Please use tf.compat.v1.GraphDef instead.

2025-04-07 21:29:17 [INFO] car_recognition - <module>: Car make/model classifier initialized successfully
2025-04-07 21:29:17 [INFO] car_recognition - <module>: COCO labels loaded successfully
2025-04-07 21:29:17 [INFO] car_recognition - <module>: Loading YOLO model from disk...
2025-04-07 21:29:18 [INFO] car_recognition - <module>: YOLO model loaded with CUDA support
2025-04-07 21:29:18 [DEBUG] codec - <module>: Consider installing rusty-rlp to improve pyrlp performance with a rust basedbackend. Not currently functional for Python 3.11
2025-04-07 21:29:19 [DEBUG] rpc - make_request: Making request HTTP. URI: http://localhost:8545, Method: web3_clientVersion
2025-04-07 21:29:19 [DEBUG] http_session_manager - cache_and_return_session: Session cached: http://localhost:8545, <requests.sessions.Session object at 0x0000025DFC9D4470>
2025-04-07 21:29:19 [DEBUG] connectionpool - _new_conn: Starting new HTTP connection (1): localhost:8545
2025-04-07 21:29:23 [INFO] blockchain_service - <module>: Connected to blockchain: False
2025-04-07 21:29:23 [INFO] blockchain_service - <module>: Wallet address: 0x7E5F4552091A69125d5DfCb7b8C2659029395Bdf
2025-04-07 21:29:24 [ERROR] image_processing - <module>: Failed to initialize car make classifier: [Errno 2] No such file or directory: 'car_make/yolo-coco\\model-weights-spectrico-mmr-mobilenet-128x128-344FF72B.pb'
2025-04-07 21:29:24 [INFO] image_processing - initialize_yolo: YOLO model initialized successfully
2025-04-07 21:29:24 [INFO] __init__ - create_app: Application initialized successfully
2025-04-07 21:29:24 [INFO] app - <module>: Starting application on port 5000 with debug=True
2025-04-07 21:29:24 [WARNING] _internal - _log:  * Debugger is active!
2025-04-07 21:32:36 [INFO] supabase_service - get_supabase_client: Creating Supabase client
2025-04-07 21:32:36 [DEBUG] _config - load_ssl_context: load_ssl_context verify=True cert=None trust_env=True http2=False
2025-04-07 21:32:36 [DEBUG] _config - load_ssl_context_verify: load_verify_locations cafile='C:\\Users\\Silver\\AppData\\Local\\anaconda3\\Library\\ssl\\cacert.pem'
2025-04-07 21:32:40 [DEBUG] tpu_cluster_resolver - <module>: Falling back to TensorFlow client; we recommended you install the Cloud TPU client directly with pip install cloud-tpu-client.
2025-04-07 21:32:40 [DEBUG] __init__ - <module>: Creating converter from 7 to 5
2025-04-07 21:32:40 [DEBUG] __init__ - <module>: Creating converter from 5 to 7
2025-04-07 21:32:40 [DEBUG] __init__ - <module>: Creating converter from 7 to 5
2025-04-07 21:32:40 [DEBUG] __init__ - <module>: Creating converter from 5 to 7
2025-04-07 21:32:43 [INFO] utils - _init_num_threads: NumExpr defaulting to 4 threads.
2025-04-07 21:32:43 [DEBUG] __init__ - wrapper: matplotlib data path: C:\Users\Silver\AppData\Local\anaconda3\Lib\site-packages\matplotlib\mpl-data
2025-04-07 21:32:43 [DEBUG] __init__ - wrapper: CONFIGDIR=C:\Users\Silver\.matplotlib
2025-04-07 21:32:43 [DEBUG] __init__ - <module>: interactive is False
2025-04-07 21:32:43 [DEBUG] __init__ - <module>: platform is win32
2025-04-07 21:32:44 [DEBUG] __init__ - wrapper: CACHEDIR=C:\Users\Silver\.matplotlib
2025-04-07 21:32:44 [DEBUG] font_manager - _load_fontmanager: Using fontManager instance from C:\Users\Silver\.matplotlib\fontlist-v390.json
2025-04-07 21:32:46 [INFO] car_damage - __init__: Loaded car damage detection model from best.onnx
2025-04-07 21:32:46 [INFO] car_damage - <module>: Car damage detection model initialized successfully
2025-04-07 21:32:47 [WARNING] module_wrapper - _tfmw_add_deprecation_warning: From C:\Users\Silver\Desktop\TakaInsure2\app\blueprints\car_recognition.py:39: The name tf.GraphDef is deprecated. Please use tf.compat.v1.GraphDef instead.

2025-04-07 21:32:47 [INFO] car_recognition - <module>: Car make/model classifier initialized successfully
2025-04-07 21:32:47 [INFO] car_recognition - <module>: COCO labels loaded successfully
2025-04-07 21:32:47 [INFO] car_recognition - <module>: Loading YOLO model from disk...
2025-04-07 21:32:48 [INFO] car_recognition - <module>: YOLO model loaded with CUDA support
2025-04-07 21:32:48 [DEBUG] codec - <module>: Consider installing rusty-rlp to improve pyrlp performance with a rust basedbackend. Not currently functional for Python 3.11
2025-04-07 21:32:49 [DEBUG] rpc - make_request: Making request HTTP. URI: http://localhost:8545, Method: web3_clientVersion
2025-04-07 21:32:49 [DEBUG] http_session_manager - cache_and_return_session: Session cached: http://localhost:8545, <requests.sessions.Session object at 0x0000028EE11C6CF0>
2025-04-07 21:32:49 [DEBUG] connectionpool - _new_conn: Starting new HTTP connection (1): localhost:8545
2025-04-07 21:32:53 [INFO] blockchain_service - <module>: Connected to blockchain: False
2025-04-07 21:32:53 [INFO] blockchain_service - <module>: Wallet address: 0x7E5F4552091A69125d5DfCb7b8C2659029395Bdf
2025-04-07 21:32:53 [ERROR] image_processing - <module>: Failed to initialize car make classifier: module 'tensorflow' has no attribute 'GraphDef'
2025-04-07 21:32:54 [INFO] image_processing - initialize_yolo: YOLO model initialized successfully
2025-04-07 21:32:54 [INFO] __init__ - create_app: Application initialized successfully
2025-04-07 21:32:54 [INFO] app - <module>: Starting application on port 5000 with debug=True
2025-04-07 21:32:54 [WARNING] _internal - _log:  * Debugger is active!
2025-04-07 21:34:45 [INFO] supabase_service - get_supabase_client: Creating Supabase client
2025-04-07 21:34:45 [DEBUG] _config - load_ssl_context: load_ssl_context verify=True cert=None trust_env=True http2=False
2025-04-07 21:34:45 [DEBUG] _config - load_ssl_context_verify: load_verify_locations cafile='C:\\Users\\Silver\\AppData\\Local\\anaconda3\\Library\\ssl\\cacert.pem'
2025-04-07 21:34:49 [DEBUG] tpu_cluster_resolver - <module>: Falling back to TensorFlow client; we recommended you install the Cloud TPU client directly with pip install cloud-tpu-client.
2025-04-07 21:34:51 [DEBUG] __init__ - <module>: Creating converter from 7 to 5
2025-04-07 21:34:51 [DEBUG] __init__ - <module>: Creating converter from 5 to 7
2025-04-07 21:34:51 [DEBUG] __init__ - <module>: Creating converter from 7 to 5
2025-04-07 21:34:51 [DEBUG] __init__ - <module>: Creating converter from 5 to 7
2025-04-07 21:34:55 [INFO] utils - _init_num_threads: NumExpr defaulting to 4 threads.
2025-04-07 21:34:56 [DEBUG] __init__ - wrapper: matplotlib data path: C:\Users\Silver\AppData\Local\anaconda3\Lib\site-packages\matplotlib\mpl-data
2025-04-07 21:34:56 [DEBUG] __init__ - wrapper: CONFIGDIR=C:\Users\Silver\.matplotlib
2025-04-07 21:34:56 [DEBUG] __init__ - <module>: interactive is False
2025-04-07 21:34:56 [DEBUG] __init__ - <module>: platform is win32
2025-04-07 21:34:56 [DEBUG] __init__ - wrapper: CACHEDIR=C:\Users\Silver\.matplotlib
2025-04-07 21:34:56 [DEBUG] font_manager - _load_fontmanager: Using fontManager instance from C:\Users\Silver\.matplotlib\fontlist-v390.json
2025-04-07 21:34:58 [INFO] car_damage - __init__: Loaded car damage detection model from best.onnx
2025-04-07 21:34:58 [INFO] car_damage - <module>: Car damage detection model initialized successfully
2025-04-07 21:34:59 [WARNING] module_wrapper - _tfmw_add_deprecation_warning: From C:\Users\Silver\Desktop\TakaInsure2\app\blueprints\car_recognition.py:39: The name tf.GraphDef is deprecated. Please use tf.compat.v1.GraphDef instead.

2025-04-07 21:34:59 [INFO] car_recognition - <module>: Car make/model classifier initialized successfully
2025-04-07 21:34:59 [INFO] car_recognition - <module>: COCO labels loaded successfully
2025-04-07 21:34:59 [INFO] car_recognition - <module>: Loading YOLO model from disk...
2025-04-07 21:34:59 [INFO] car_recognition - <module>: YOLO model loaded with CUDA support
2025-04-07 21:35:00 [DEBUG] codec - <module>: Consider installing rusty-rlp to improve pyrlp performance with a rust basedbackend. Not currently functional for Python 3.11
2025-04-07 21:35:01 [DEBUG] rpc - make_request: Making request HTTP. URI: http://localhost:8545, Method: web3_clientVersion
2025-04-07 21:35:01 [DEBUG] http_session_manager - cache_and_return_session: Session cached: http://localhost:8545, <requests.sessions.Session object at 0x000001AAF653FB00>
2025-04-07 21:35:01 [DEBUG] connectionpool - _new_conn: Starting new HTTP connection (1): localhost:8545
2025-04-07 21:35:05 [INFO] blockchain_service - <module>: Connected to blockchain: False
2025-04-07 21:35:05 [INFO] blockchain_service - <module>: Wallet address: 0x7E5F4552091A69125d5DfCb7b8C2659029395Bdf
2025-04-07 21:35:05 [INFO] image_processing - <module>: Car make classifier initialized successfully
2025-04-07 21:35:06 [INFO] image_processing - initialize_yolo: YOLO model initialized successfully
2025-04-07 21:35:06 [INFO] __init__ - create_app: Application initialized successfully
2025-04-07 21:35:06 [INFO] app - <module>: Starting application on port 5000 with debug=True
2025-04-07 21:35:06 [WARNING] _internal - _log:  * Debugger is active!
2025-04-07 21:55:27 [INFO] supabase_service - get_supabase_client: Creating Supabase client
2025-04-07 21:55:27 [DEBUG] _config - load_ssl_context: load_ssl_context verify=True cert=None trust_env=True http2=False
2025-04-07 21:55:27 [DEBUG] _config - load_ssl_context_verify: load_verify_locations cafile='C:\\Users\\Silver\\AppData\\Local\\anaconda3\\Library\\ssl\\cacert.pem'
2025-04-07 21:55:33 [DEBUG] tpu_cluster_resolver - <module>: Falling back to TensorFlow client; we recommended you install the Cloud TPU client directly with pip install cloud-tpu-client.
2025-04-07 21:55:34 [DEBUG] __init__ - <module>: Creating converter from 7 to 5
2025-04-07 21:55:34 [DEBUG] __init__ - <module>: Creating converter from 5 to 7
2025-04-07 21:55:34 [DEBUG] __init__ - <module>: Creating converter from 7 to 5
2025-04-07 21:55:34 [DEBUG] __init__ - <module>: Creating converter from 5 to 7
2025-04-07 21:55:37 [INFO] utils - _init_num_threads: NumExpr defaulting to 4 threads.
2025-04-07 21:55:39 [DEBUG] __init__ - wrapper: matplotlib data path: C:\Users\Silver\AppData\Local\anaconda3\Lib\site-packages\matplotlib\mpl-data
2025-04-07 21:55:39 [DEBUG] __init__ - wrapper: CONFIGDIR=C:\Users\Silver\.matplotlib
2025-04-07 21:55:39 [DEBUG] __init__ - <module>: interactive is False
2025-04-07 21:55:39 [DEBUG] __init__ - <module>: platform is win32
2025-04-07 21:55:39 [DEBUG] __init__ - wrapper: CACHEDIR=C:\Users\Silver\.matplotlib
2025-04-07 21:55:39 [DEBUG] font_manager - _load_fontmanager: Using fontManager instance from C:\Users\Silver\.matplotlib\fontlist-v390.json
2025-04-07 21:55:44 [INFO] car_damage - __init__: Loaded car damage detection model from best.onnx
2025-04-07 21:55:44 [INFO] car_damage - <module>: Car damage detection model initialized successfully
2025-04-07 21:55:45 [WARNING] module_wrapper - _tfmw_add_deprecation_warning: From C:\Users\Silver\Desktop\TakaInsure2\app\blueprints\car_recognition.py:39: The name tf.GraphDef is deprecated. Please use tf.compat.v1.GraphDef instead.

2025-04-07 21:55:45 [INFO] car_recognition - <module>: Car make/model classifier initialized successfully
2025-04-07 21:55:45 [INFO] car_recognition - <module>: COCO labels loaded successfully
2025-04-07 21:55:45 [INFO] car_recognition - <module>: Loading YOLO model from disk...
2025-04-07 21:55:47 [INFO] car_recognition - <module>: YOLO model loaded with CUDA support
2025-04-07 21:55:47 [DEBUG] codec - <module>: Consider installing rusty-rlp to improve pyrlp performance with a rust basedbackend. Not currently functional for Python 3.11
2025-04-07 21:55:49 [DEBUG] rpc - make_request: Making request HTTP. URI: http://localhost:8545, Method: web3_clientVersion
2025-04-07 21:55:49 [DEBUG] http_session_manager - cache_and_return_session: Session cached: http://localhost:8545, <requests.sessions.Session object at 0x0000024FE02A4470>
2025-04-07 21:55:49 [DEBUG] connectionpool - _new_conn: Starting new HTTP connection (1): localhost:8545
2025-04-07 21:55:53 [INFO] blockchain_service - <module>: Connected to blockchain: False
2025-04-07 21:55:53 [INFO] blockchain_service - <module>: Wallet address: 0x7E5F4552091A69125d5DfCb7b8C2659029395Bdf
2025-04-07 21:55:53 [INFO] image_processing - <module>: Car make classifier initialized successfully
2025-04-07 21:55:54 [INFO] image_processing - initialize_yolo: YOLO model initialized successfully
2025-04-07 21:55:54 [INFO] __init__ - create_app: Application initialized successfully
2025-04-07 21:55:54 [INFO] app - <module>: Starting application on port 5000 with debug=True
2025-04-07 21:55:54 [WARNING] _internal - _log:  * Debugger is active!
2025-04-07 22:43:04 [INFO] supabase_service - get_supabase_client: Creating Supabase client
2025-04-07 22:43:04 [DEBUG] _config - load_ssl_context: load_ssl_context verify=True cert=None trust_env=True http2=False
2025-04-07 22:43:04 [DEBUG] _config - load_ssl_context_verify: load_verify_locations cafile='C:\\Users\\Silver\\AppData\\Local\\anaconda3\\Library\\ssl\\cacert.pem'
2025-04-07 22:43:09 [DEBUG] tpu_cluster_resolver - <module>: Falling back to TensorFlow client; we recommended you install the Cloud TPU client directly with pip install cloud-tpu-client.
2025-04-07 22:43:10 [DEBUG] __init__ - <module>: Creating converter from 7 to 5
2025-04-07 22:43:10 [DEBUG] __init__ - <module>: Creating converter from 5 to 7
2025-04-07 22:43:10 [DEBUG] __init__ - <module>: Creating converter from 7 to 5
2025-04-07 22:43:10 [DEBUG] __init__ - <module>: Creating converter from 5 to 7
2025-04-07 22:43:13 [INFO] utils - _init_num_threads: NumExpr defaulting to 4 threads.
2025-04-07 22:43:13 [DEBUG] __init__ - wrapper: matplotlib data path: C:\Users\Silver\AppData\Local\anaconda3\Lib\site-packages\matplotlib\mpl-data
2025-04-07 22:43:13 [DEBUG] __init__ - wrapper: CONFIGDIR=C:\Users\Silver\.matplotlib
2025-04-07 22:43:13 [DEBUG] __init__ - <module>: interactive is False
2025-04-07 22:43:13 [DEBUG] __init__ - <module>: platform is win32
2025-04-07 22:43:14 [DEBUG] __init__ - wrapper: CACHEDIR=C:\Users\Silver\.matplotlib
2025-04-07 22:43:14 [DEBUG] font_manager - _load_fontmanager: Using fontManager instance from C:\Users\Silver\.matplotlib\fontlist-v390.json
2025-04-07 22:43:17 [INFO] car_damage - __init__: Loaded car damage detection model from best.onnx
2025-04-07 22:43:17 [INFO] car_damage - <module>: Car damage detection model initialized successfully
2025-04-07 22:43:18 [WARNING] module_wrapper - _tfmw_add_deprecation_warning: From C:\Users\Silver\Desktop\TakaInsure2\app\blueprints\car_recognition.py:39: The name tf.GraphDef is deprecated. Please use tf.compat.v1.GraphDef instead.

2025-04-07 22:43:19 [INFO] car_recognition - <module>: Car make/model classifier initialized successfully
2025-04-07 22:43:19 [INFO] car_recognition - <module>: COCO labels loaded successfully
2025-04-07 22:43:19 [INFO] car_recognition - <module>: Loading YOLO model from disk...
2025-04-07 22:43:20 [INFO] car_recognition - <module>: YOLO model loaded with CUDA support
2025-04-07 22:43:20 [DEBUG] codec - <module>: Consider installing rusty-rlp to improve pyrlp performance with a rust basedbackend. Not currently functional for Python 3.11
2025-04-07 22:43:22 [DEBUG] rpc - make_request: Making request HTTP. URI: http://localhost:8545, Method: web3_clientVersion
2025-04-07 22:43:22 [DEBUG] http_session_manager - cache_and_return_session: Session cached: http://localhost:8545, <requests.sessions.Session object at 0x0000023D30E62780>
2025-04-07 22:43:22 [DEBUG] connectionpool - _new_conn: Starting new HTTP connection (1): localhost:8545
2025-04-07 22:43:26 [INFO] blockchain_service - <module>: Connected to blockchain: False
2025-04-07 22:43:26 [INFO] blockchain_service - <module>: Wallet address: 0x7E5F4552091A69125d5DfCb7b8C2659029395Bdf
2025-04-07 22:43:26 [INFO] image_processing - <module>: Car make classifier initialized successfully
2025-04-07 22:43:26 [INFO] image_processing - initialize_yolo: YOLO model initialized successfully
2025-04-07 22:43:26 [INFO] __init__ - create_app: Application initialized successfully
2025-04-07 22:43:26 [INFO] app - <module>: Starting application on port 5000 with debug=True
2025-04-07 22:43:27 [WARNING] _internal - _log:  * Debugger is active!
2025-04-07 22:47:35 [INFO] supabase_service - get_supabase_client: Creating Supabase client
2025-04-07 22:47:35 [DEBUG] _config - load_ssl_context: load_ssl_context verify=True cert=None trust_env=True http2=False
2025-04-07 22:47:35 [DEBUG] _config - load_ssl_context_verify: load_verify_locations cafile='C:\\Users\\Silver\\AppData\\Local\\anaconda3\\Library\\ssl\\cacert.pem'
2025-04-07 22:47:38 [DEBUG] tpu_cluster_resolver - <module>: Falling back to TensorFlow client; we recommended you install the Cloud TPU client directly with pip install cloud-tpu-client.
2025-04-07 22:47:39 [DEBUG] __init__ - <module>: Creating converter from 7 to 5
2025-04-07 22:47:39 [DEBUG] __init__ - <module>: Creating converter from 5 to 7
2025-04-07 22:47:39 [DEBUG] __init__ - <module>: Creating converter from 7 to 5
2025-04-07 22:47:39 [DEBUG] __init__ - <module>: Creating converter from 5 to 7
2025-04-07 22:47:42 [INFO] utils - _init_num_threads: NumExpr defaulting to 4 threads.
2025-04-07 22:47:43 [DEBUG] __init__ - wrapper: matplotlib data path: C:\Users\Silver\AppData\Local\anaconda3\Lib\site-packages\matplotlib\mpl-data
2025-04-07 22:47:43 [DEBUG] __init__ - wrapper: CONFIGDIR=C:\Users\Silver\.matplotlib
2025-04-07 22:47:43 [DEBUG] __init__ - <module>: interactive is False
2025-04-07 22:47:43 [DEBUG] __init__ - <module>: platform is win32
2025-04-07 22:47:43 [DEBUG] __init__ - wrapper: CACHEDIR=C:\Users\Silver\.matplotlib
2025-04-07 22:47:43 [DEBUG] font_manager - _load_fontmanager: Using fontManager instance from C:\Users\Silver\.matplotlib\fontlist-v390.json
2025-04-07 22:47:45 [INFO] car_damage - __init__: Loaded car damage detection model from best.onnx
2025-04-07 22:47:45 [INFO] car_damage - <module>: Car damage detection model initialized successfully
2025-04-07 22:47:47 [WARNING] module_wrapper - _tfmw_add_deprecation_warning: From C:\Users\Silver\Desktop\TakaInsure2\app\blueprints\car_recognition.py:39: The name tf.GraphDef is deprecated. Please use tf.compat.v1.GraphDef instead.

2025-04-07 22:47:47 [INFO] car_recognition - <module>: Car make/model classifier initialized successfully
2025-04-07 22:47:47 [INFO] car_recognition - <module>: COCO labels loaded successfully
2025-04-07 22:47:47 [INFO] car_recognition - <module>: Loading YOLO model from disk...
2025-04-07 22:47:47 [INFO] car_recognition - <module>: YOLO model loaded with CUDA support
2025-04-07 22:47:47 [DEBUG] codec - <module>: Consider installing rusty-rlp to improve pyrlp performance with a rust basedbackend. Not currently functional for Python 3.11
2025-04-07 22:47:49 [DEBUG] rpc - make_request: Making request HTTP. URI: http://localhost:8545, Method: web3_clientVersion
2025-04-07 22:47:49 [DEBUG] http_session_manager - cache_and_return_session: Session cached: http://localhost:8545, <requests.sessions.Session object at 0x000001993EAAAE70>
2025-04-07 22:47:49 [DEBUG] connectionpool - _new_conn: Starting new HTTP connection (1): localhost:8545
2025-04-07 22:47:53 [INFO] blockchain_service - <module>: Connected to blockchain: False
2025-04-07 22:47:53 [INFO] blockchain_service - <module>: Wallet address: 0x7E5F4552091A69125d5DfCb7b8C2659029395Bdf
2025-04-07 22:47:53 [INFO] image_processing - <module>: Car make classifier initialized successfully
2025-04-07 22:47:54 [INFO] image_processing - initialize_yolo: YOLO model initialized successfully
2025-04-07 22:47:54 [INFO] __init__ - create_app: Application initialized successfully
2025-04-07 22:47:54 [INFO] app - <module>: Starting application on port 5000 with debug=True
2025-04-07 22:47:54 [WARNING] _internal - _log:  * Debugger is active!
2025-04-07 22:48:23 [INFO] __init__ - before_request: Request started: GET /api/license-plate/status - IP: 192.168.1.107
2025-04-07 22:48:23 [INFO] __init__ - after_request: Request completed: GET /api/license-plate/status - Status: 200 - Duration: 18.01ms
2025-04-07 22:48:23 [ERROR] _internal - _log: 192.168.1.107 - - [07/Apr/2025 22:48:23] code 400, message Bad request version ('\x13\x01\x13\x03\x13\x02À+À/Ì©Ì¨À,À0À\x13À\x14\x00\x9c\x00\x9d\x00/\x005\x01\x00\x06Ü\x00\x17\x00\x00ÿ\x01\x00\x01\x00\x00')
2025-04-07 22:48:23 [ERROR] _internal - _log: 192.168.1.107 - - [07/Apr/2025 22:48:23] code 400, message Bad HTTP/0.9 request type ('\x16\x03\x01\x02v\x01\x00\x02r\x03\x03')
2025-04-07 23:00:12 [INFO] supabase_service - get_supabase_client: Creating Supabase client
2025-04-07 23:00:12 [DEBUG] _config - load_ssl_context: load_ssl_context verify=True cert=None trust_env=True http2=False
2025-04-07 23:00:12 [DEBUG] _config - load_ssl_context_verify: load_verify_locations cafile='C:\\Users\\Silver\\AppData\\Local\\anaconda3\\Library\\ssl\\cacert.pem'
2025-04-07 23:00:16 [DEBUG] tpu_cluster_resolver - <module>: Falling back to TensorFlow client; we recommended you install the Cloud TPU client directly with pip install cloud-tpu-client.
2025-04-07 23:00:16 [DEBUG] __init__ - <module>: Creating converter from 7 to 5
2025-04-07 23:00:16 [DEBUG] __init__ - <module>: Creating converter from 5 to 7
2025-04-07 23:00:16 [DEBUG] __init__ - <module>: Creating converter from 7 to 5
2025-04-07 23:00:16 [DEBUG] __init__ - <module>: Creating converter from 5 to 7
2025-04-07 23:00:19 [INFO] utils - _init_num_threads: NumExpr defaulting to 4 threads.
2025-04-07 23:00:19 [DEBUG] __init__ - wrapper: matplotlib data path: C:\Users\Silver\AppData\Local\anaconda3\Lib\site-packages\matplotlib\mpl-data
2025-04-07 23:00:20 [DEBUG] __init__ - wrapper: CONFIGDIR=C:\Users\Silver\.matplotlib
2025-04-07 23:00:20 [DEBUG] __init__ - <module>: interactive is False
2025-04-07 23:00:20 [DEBUG] __init__ - <module>: platform is win32
2025-04-07 23:00:20 [DEBUG] __init__ - wrapper: CACHEDIR=C:\Users\Silver\.matplotlib
2025-04-07 23:00:20 [DEBUG] font_manager - _load_fontmanager: Using fontManager instance from C:\Users\Silver\.matplotlib\fontlist-v390.json
2025-04-07 23:00:22 [INFO] car_damage - __init__: Loaded car damage detection model from best.onnx
2025-04-07 23:00:22 [INFO] car_damage - <module>: Car damage detection model initialized successfully
2025-04-07 23:00:23 [WARNING] module_wrapper - _tfmw_add_deprecation_warning: From C:\Users\Silver\Desktop\TakaInsure2\app\blueprints\car_recognition.py:39: The name tf.GraphDef is deprecated. Please use tf.compat.v1.GraphDef instead.

2025-04-07 23:00:23 [INFO] car_recognition - <module>: Car make/model classifier initialized successfully
2025-04-07 23:00:23 [INFO] car_recognition - <module>: COCO labels loaded successfully
2025-04-07 23:00:23 [INFO] car_recognition - <module>: Loading YOLO model from disk...
2025-04-07 23:00:23 [INFO] car_recognition - <module>: YOLO model loaded with CUDA support
2025-04-07 23:00:23 [DEBUG] codec - <module>: Consider installing rusty-rlp to improve pyrlp performance with a rust basedbackend. Not currently functional for Python 3.11
2025-04-07 23:00:25 [DEBUG] rpc - make_request: Making request HTTP. URI: http://localhost:8545, Method: web3_clientVersion
2025-04-07 23:00:25 [DEBUG] http_session_manager - cache_and_return_session: Session cached: http://localhost:8545, <requests.sessions.Session object at 0x00000216EF9D48C0>
2025-04-07 23:00:25 [DEBUG] connectionpool - _new_conn: Starting new HTTP connection (1): localhost:8545
2025-04-07 23:00:29 [INFO] blockchain_service - <module>: Connected to blockchain: False
2025-04-07 23:00:29 [INFO] blockchain_service - <module>: Wallet address: 0x7E5F4552091A69125d5DfCb7b8C2659029395Bdf
2025-04-07 23:00:29 [INFO] image_processing - <module>: Car make classifier initialized successfully
2025-04-07 23:00:29 [INFO] image_processing - initialize_yolo: YOLO model initialized successfully
2025-04-07 23:00:29 [INFO] __init__ - create_app: Application initialized successfully
2025-04-07 23:00:29 [INFO] app - <module>: Starting application on port 5000 with debug=True
2025-04-07 23:00:29 [WARNING] _internal - _log:  * Debugger is active!
2025-04-08 19:38:42 [INFO] supabase_service - get_supabase_client: Creating Supabase client
2025-04-08 19:38:42 [DEBUG] _config - load_ssl_context: load_ssl_context verify=True cert=None trust_env=True http2=False
2025-04-08 19:38:42 [DEBUG] _config - load_ssl_context_verify: load_verify_locations cafile='C:\\Users\\Silver\\AppData\\Local\\anaconda3\\Library\\ssl\\cacert.pem'
2025-04-08 19:38:52 [DEBUG] tpu_cluster_resolver - <module>: Falling back to TensorFlow client; we recommended you install the Cloud TPU client directly with pip install cloud-tpu-client.
2025-04-08 19:38:54 [DEBUG] __init__ - <module>: Creating converter from 7 to 5
2025-04-08 19:38:54 [DEBUG] __init__ - <module>: Creating converter from 5 to 7
2025-04-08 19:38:54 [DEBUG] __init__ - <module>: Creating converter from 7 to 5
2025-04-08 19:38:54 [DEBUG] __init__ - <module>: Creating converter from 5 to 7
2025-04-08 19:39:00 [INFO] utils - _init_num_threads: NumExpr defaulting to 4 threads.
2025-04-08 19:39:02 [DEBUG] __init__ - wrapper: matplotlib data path: C:\Users\Silver\AppData\Local\anaconda3\Lib\site-packages\matplotlib\mpl-data
2025-04-08 19:39:02 [DEBUG] __init__ - wrapper: CONFIGDIR=C:\Users\Silver\.matplotlib
2025-04-08 19:39:02 [DEBUG] __init__ - <module>: interactive is False
2025-04-08 19:39:02 [DEBUG] __init__ - <module>: platform is win32
2025-04-08 19:39:02 [DEBUG] __init__ - wrapper: CACHEDIR=C:\Users\Silver\.matplotlib
2025-04-08 19:39:02 [DEBUG] font_manager - _load_fontmanager: Using fontManager instance from C:\Users\Silver\.matplotlib\fontlist-v390.json
2025-04-08 19:39:07 [INFO] car_damage - __init__: Loaded car damage detection model from best.onnx
2025-04-08 19:39:07 [INFO] car_damage - <module>: Car damage detection model initialized successfully
2025-04-08 19:39:08 [WARNING] module_wrapper - _tfmw_add_deprecation_warning: From C:\Users\Silver\Desktop\TakaInsure2\app\blueprints\car_recognition.py:39: The name tf.GraphDef is deprecated. Please use tf.compat.v1.GraphDef instead.

2025-04-08 19:39:08 [INFO] car_recognition - <module>: Car make/model classifier initialized successfully
2025-04-08 19:39:08 [INFO] car_recognition - <module>: COCO labels loaded successfully
2025-04-08 19:39:08 [INFO] car_recognition - <module>: Loading YOLO model from disk...
2025-04-08 19:39:09 [INFO] car_recognition - <module>: YOLO model loaded with CUDA support
2025-04-08 19:39:09 [INFO] image_processing - <module>: Car make classifier initialized successfully
2025-04-08 19:39:10 [INFO] image_processing - initialize_yolo: YOLO model initialized successfully
2025-04-08 19:39:10 [INFO] __init__ - create_app: Application initialized successfully
2025-04-08 19:39:10 [INFO] app - <module>: Starting application on port 5000 with debug=True
2025-04-08 19:39:12 [INFO] supabase_service - get_supabase_client: Creating Supabase client
2025-04-08 19:39:12 [DEBUG] _config - load_ssl_context: load_ssl_context verify=True cert=None trust_env=True http2=False
2025-04-08 19:39:12 [DEBUG] _config - load_ssl_context_verify: load_verify_locations cafile='C:\\Users\\Silver\\AppData\\Local\\anaconda3\\Library\\ssl\\cacert.pem'
2025-04-08 19:39:15 [DEBUG] tpu_cluster_resolver - <module>: Falling back to TensorFlow client; we recommended you install the Cloud TPU client directly with pip install cloud-tpu-client.
2025-04-08 19:39:15 [DEBUG] __init__ - <module>: Creating converter from 7 to 5
2025-04-08 19:39:15 [DEBUG] __init__ - <module>: Creating converter from 5 to 7
2025-04-08 19:39:15 [DEBUG] __init__ - <module>: Creating converter from 7 to 5
2025-04-08 19:39:15 [DEBUG] __init__ - <module>: Creating converter from 5 to 7
2025-04-08 19:39:17 [INFO] utils - _init_num_threads: NumExpr defaulting to 4 threads.
2025-04-08 19:39:17 [DEBUG] __init__ - wrapper: matplotlib data path: C:\Users\Silver\AppData\Local\anaconda3\Lib\site-packages\matplotlib\mpl-data
2025-04-08 19:39:17 [DEBUG] __init__ - wrapper: CONFIGDIR=C:\Users\Silver\.matplotlib
2025-04-08 19:39:17 [DEBUG] __init__ - <module>: interactive is False
2025-04-08 19:39:17 [DEBUG] __init__ - <module>: platform is win32
2025-04-08 19:39:17 [DEBUG] __init__ - wrapper: CACHEDIR=C:\Users\Silver\.matplotlib
2025-04-08 19:39:17 [DEBUG] font_manager - _load_fontmanager: Using fontManager instance from C:\Users\Silver\.matplotlib\fontlist-v390.json
2025-04-08 19:39:19 [INFO] car_damage - __init__: Loaded car damage detection model from best.onnx
2025-04-08 19:39:19 [INFO] car_damage - <module>: Car damage detection model initialized successfully
2025-04-08 19:39:20 [WARNING] module_wrapper - _tfmw_add_deprecation_warning: From C:\Users\Silver\Desktop\TakaInsure2\app\blueprints\car_recognition.py:39: The name tf.GraphDef is deprecated. Please use tf.compat.v1.GraphDef instead.

2025-04-08 19:39:20 [INFO] car_recognition - <module>: Car make/model classifier initialized successfully
2025-04-08 19:39:20 [INFO] car_recognition - <module>: COCO labels loaded successfully
2025-04-08 19:39:20 [INFO] car_recognition - <module>: Loading YOLO model from disk...
2025-04-08 19:39:21 [INFO] car_recognition - <module>: YOLO model loaded with CUDA support
2025-04-08 19:39:22 [INFO] image_processing - <module>: Car make classifier initialized successfully
2025-04-08 19:39:23 [INFO] image_processing - initialize_yolo: YOLO model initialized successfully
2025-04-08 19:39:23 [INFO] __init__ - create_app: Application initialized successfully
2025-04-08 19:39:23 [INFO] app - <module>: Starting application on port 5000 with debug=True
2025-04-08 19:39:23 [WARNING] _internal - _log:  * Debugger is active!
2025-04-08 20:45:56 [INFO] supabase_service - get_supabase_client: Creating Supabase client
2025-04-08 20:45:56 [DEBUG] _config - load_ssl_context: load_ssl_context verify=True cert=None trust_env=True http2=False
2025-04-08 20:45:56 [DEBUG] _config - load_ssl_context_verify: load_verify_locations cafile='C:\\Users\\Silver\\AppData\\Local\\anaconda3\\Library\\ssl\\cacert.pem'
2025-04-08 20:46:08 [DEBUG] tpu_cluster_resolver - <module>: Falling back to TensorFlow client; we recommended you install the Cloud TPU client directly with pip install cloud-tpu-client.
2025-04-08 20:46:09 [DEBUG] __init__ - <module>: Creating converter from 7 to 5
2025-04-08 20:46:09 [DEBUG] __init__ - <module>: Creating converter from 5 to 7
2025-04-08 20:46:09 [DEBUG] __init__ - <module>: Creating converter from 7 to 5
2025-04-08 20:46:09 [DEBUG] __init__ - <module>: Creating converter from 5 to 7
2025-04-08 20:46:15 [INFO] utils - _init_num_threads: NumExpr defaulting to 4 threads.
2025-04-08 20:46:17 [DEBUG] __init__ - wrapper: matplotlib data path: C:\Users\Silver\AppData\Local\anaconda3\Lib\site-packages\matplotlib\mpl-data
2025-04-08 20:46:17 [DEBUG] __init__ - wrapper: CONFIGDIR=C:\Users\Silver\.matplotlib
2025-04-08 20:46:17 [DEBUG] __init__ - <module>: interactive is False
2025-04-08 20:46:17 [DEBUG] __init__ - <module>: platform is win32
2025-04-08 20:46:17 [DEBUG] __init__ - wrapper: CACHEDIR=C:\Users\Silver\.matplotlib
2025-04-08 20:46:17 [DEBUG] font_manager - _load_fontmanager: Using fontManager instance from C:\Users\Silver\.matplotlib\fontlist-v390.json
2025-04-08 20:46:22 [INFO] car_damage - __init__: Loaded car damage detection model from best.onnx
2025-04-08 20:46:22 [INFO] car_damage - <module>: Car damage detection model initialized successfully
2025-04-08 20:46:25 [WARNING] module_wrapper - _tfmw_add_deprecation_warning: From C:\Users\Silver\Desktop\TakaInsure2\app\blueprints\car_recognition.py:39: The name tf.GraphDef is deprecated. Please use tf.compat.v1.GraphDef instead.

2025-04-08 20:46:25 [INFO] car_recognition - <module>: Car make/model classifier initialized successfully
2025-04-08 20:46:25 [INFO] car_recognition - <module>: COCO labels loaded successfully
2025-04-08 20:46:25 [INFO] car_recognition - <module>: Loading YOLO model from disk...
2025-04-08 20:46:27 [INFO] car_recognition - <module>: YOLO model loaded with CUDA support
2025-04-08 20:46:27 [INFO] image_processing - <module>: Car make classifier initialized successfully
2025-04-08 20:46:29 [INFO] image_processing - initialize_yolo: YOLO model initialized successfully
2025-04-08 20:46:29 [INFO] __init__ - create_app: Application initialized successfully
2025-04-08 20:46:29 [INFO] app - <module>: Starting application on port 5000 with debug=True
2025-04-08 20:46:29 [WARNING] _internal - _log:  * Debugger is active!
2025-04-08 21:17:18 [INFO] supabase_service - get_supabase_client: Creating Supabase client
2025-04-08 21:17:18 [DEBUG] _config - load_ssl_context: load_ssl_context verify=True cert=None trust_env=True http2=False
2025-04-08 21:17:18 [DEBUG] _config - load_ssl_context_verify: load_verify_locations cafile='C:\\Users\\Silver\\AppData\\Local\\anaconda3\\Library\\ssl\\cacert.pem'
2025-04-08 21:17:38 [DEBUG] tpu_cluster_resolver - <module>: Falling back to TensorFlow client; we recommended you install the Cloud TPU client directly with pip install cloud-tpu-client.
2025-04-08 21:17:40 [DEBUG] __init__ - <module>: Creating converter from 7 to 5
2025-04-08 21:17:40 [DEBUG] __init__ - <module>: Creating converter from 5 to 7
2025-04-08 21:17:40 [DEBUG] __init__ - <module>: Creating converter from 7 to 5
2025-04-08 21:17:40 [DEBUG] __init__ - <module>: Creating converter from 5 to 7
2025-04-08 21:17:49 [INFO] utils - _init_num_threads: NumExpr defaulting to 4 threads.
2025-04-08 21:17:51 [DEBUG] __init__ - wrapper: matplotlib data path: C:\Users\Silver\AppData\Local\anaconda3\Lib\site-packages\matplotlib\mpl-data
2025-04-08 21:17:51 [DEBUG] __init__ - wrapper: CONFIGDIR=C:\Users\Silver\.matplotlib
2025-04-08 21:17:52 [DEBUG] __init__ - <module>: interactive is False
2025-04-08 21:17:52 [DEBUG] __init__ - <module>: platform is win32
2025-04-08 21:17:52 [DEBUG] __init__ - wrapper: CACHEDIR=C:\Users\Silver\.matplotlib
2025-04-08 21:17:52 [DEBUG] font_manager - _load_fontmanager: Using fontManager instance from C:\Users\Silver\.matplotlib\fontlist-v390.json
2025-04-08 21:17:58 [INFO] car_damage - __init__: Loaded car damage detection model from best.onnx
2025-04-08 21:17:58 [INFO] car_damage - <module>: Car damage detection model initialized successfully
2025-04-08 21:18:01 [WARNING] module_wrapper - _tfmw_add_deprecation_warning: From C:\Users\Silver\Desktop\TakaInsure2\app\blueprints\car_recognition.py:39: The name tf.GraphDef is deprecated. Please use tf.compat.v1.GraphDef instead.

2025-04-08 21:18:02 [INFO] car_recognition - <module>: Car make/model classifier initialized successfully
2025-04-08 21:18:02 [INFO] car_recognition - <module>: COCO labels loaded successfully
2025-04-08 21:18:02 [INFO] car_recognition - <module>: Loading YOLO model from disk...
2025-04-08 21:18:05 [INFO] car_recognition - <module>: YOLO model loaded with CUDA support
2025-04-08 21:18:06 [INFO] image_processing - <module>: Car make classifier initialized successfully
2025-04-08 21:18:08 [INFO] image_processing - initialize_yolo: YOLO model initialized successfully
2025-04-08 21:18:08 [INFO] __init__ - create_app: Application initialized successfully
2025-04-08 21:18:08 [INFO] app - <module>: Starting application on port 5000 with debug=True
2025-04-08 21:18:08 [WARNING] _internal - _log:  * Debugger is active!
2025-04-08 21:18:55 [INFO] supabase_service - get_supabase_client: Creating Supabase client
2025-04-08 21:18:55 [DEBUG] _config - load_ssl_context: load_ssl_context verify=True cert=None trust_env=True http2=False
2025-04-08 21:18:55 [DEBUG] _config - load_ssl_context_verify: load_verify_locations cafile='C:\\Users\\Silver\\AppData\\Local\\anaconda3\\Library\\ssl\\cacert.pem'
2025-04-08 21:19:05 [DEBUG] tpu_cluster_resolver - <module>: Falling back to TensorFlow client; we recommended you install the Cloud TPU client directly with pip install cloud-tpu-client.
2025-04-08 21:19:07 [DEBUG] __init__ - <module>: Creating converter from 7 to 5
2025-04-08 21:19:07 [DEBUG] __init__ - <module>: Creating converter from 5 to 7
2025-04-08 21:19:07 [DEBUG] __init__ - <module>: Creating converter from 7 to 5
2025-04-08 21:19:07 [DEBUG] __init__ - <module>: Creating converter from 5 to 7
2025-04-08 21:19:13 [INFO] utils - _init_num_threads: NumExpr defaulting to 4 threads.
2025-04-08 21:19:15 [DEBUG] __init__ - wrapper: matplotlib data path: C:\Users\Silver\AppData\Local\anaconda3\Lib\site-packages\matplotlib\mpl-data
2025-04-08 21:19:15 [DEBUG] __init__ - wrapper: CONFIGDIR=C:\Users\Silver\.matplotlib
2025-04-08 21:19:15 [DEBUG] __init__ - <module>: interactive is False
2025-04-08 21:19:15 [DEBUG] __init__ - <module>: platform is win32
2025-04-08 21:19:15 [DEBUG] __init__ - wrapper: CACHEDIR=C:\Users\Silver\.matplotlib
2025-04-08 21:19:15 [DEBUG] font_manager - _load_fontmanager: Using fontManager instance from C:\Users\Silver\.matplotlib\fontlist-v390.json
2025-04-08 21:19:20 [INFO] car_damage - __init__: Loaded car damage detection model from best.onnx
2025-04-08 21:19:20 [INFO] car_damage - <module>: Car damage detection model initialized successfully
2025-04-08 21:19:24 [WARNING] module_wrapper - _tfmw_add_deprecation_warning: From C:\Users\Silver\Desktop\TakaInsure2\app\blueprints\car_recognition.py:39: The name tf.GraphDef is deprecated. Please use tf.compat.v1.GraphDef instead.

2025-04-08 21:19:24 [INFO] car_recognition - <module>: Car make/model classifier initialized successfully
2025-04-08 21:19:24 [INFO] car_recognition - <module>: COCO labels loaded successfully
2025-04-08 21:19:24 [INFO] car_recognition - <module>: Loading YOLO model from disk...
2025-04-08 21:19:27 [INFO] car_recognition - <module>: YOLO model loaded with CUDA support
2025-04-08 21:19:28 [INFO] image_processing - <module>: Car make classifier initialized successfully
2025-04-08 21:19:32 [INFO] image_processing - initialize_yolo: YOLO model initialized successfully
2025-04-08 21:19:32 [INFO] __init__ - create_app: Application initialized successfully
2025-04-08 21:19:32 [INFO] app - <module>: Starting application on port 5000 with debug=True
2025-04-08 21:19:32 [WARNING] _internal - _log:  * Debugger is active!
2025-04-08 21:19:43 [INFO] supabase_service - get_supabase_client: Creating Supabase client
2025-04-08 21:19:44 [DEBUG] _config - load_ssl_context: load_ssl_context verify=True cert=None trust_env=True http2=False
2025-04-08 21:19:44 [DEBUG] _config - load_ssl_context_verify: load_verify_locations cafile='C:\\Users\\Silver\\AppData\\Local\\anaconda3\\Library\\ssl\\cacert.pem'
2025-04-08 21:19:51 [DEBUG] tpu_cluster_resolver - <module>: Falling back to TensorFlow client; we recommended you install the Cloud TPU client directly with pip install cloud-tpu-client.
2025-04-08 21:19:52 [DEBUG] __init__ - <module>: Creating converter from 7 to 5
2025-04-08 21:19:52 [DEBUG] __init__ - <module>: Creating converter from 5 to 7
2025-04-08 21:19:52 [DEBUG] __init__ - <module>: Creating converter from 7 to 5
2025-04-08 21:19:52 [DEBUG] __init__ - <module>: Creating converter from 5 to 7
2025-04-08 21:19:57 [INFO] utils - _init_num_threads: NumExpr defaulting to 4 threads.
2025-04-08 21:19:59 [DEBUG] __init__ - wrapper: matplotlib data path: C:\Users\Silver\AppData\Local\anaconda3\Lib\site-packages\matplotlib\mpl-data
2025-04-08 21:19:59 [DEBUG] __init__ - wrapper: CONFIGDIR=C:\Users\Silver\.matplotlib
2025-04-08 21:19:59 [DEBUG] __init__ - <module>: interactive is False
2025-04-08 21:19:59 [DEBUG] __init__ - <module>: platform is win32
2025-04-08 21:19:59 [DEBUG] __init__ - wrapper: CACHEDIR=C:\Users\Silver\.matplotlib
2025-04-08 21:19:59 [DEBUG] font_manager - _load_fontmanager: Using fontManager instance from C:\Users\Silver\.matplotlib\fontlist-v390.json
2025-04-08 21:20:03 [INFO] car_damage - __init__: Loaded car damage detection model from best.onnx
2025-04-08 21:20:03 [INFO] car_damage - <module>: Car damage detection model initialized successfully
2025-04-08 21:20:05 [WARNING] module_wrapper - _tfmw_add_deprecation_warning: From C:\Users\Silver\Desktop\TakaInsure2\app\blueprints\car_recognition.py:39: The name tf.GraphDef is deprecated. Please use tf.compat.v1.GraphDef instead.

2025-04-08 21:20:06 [INFO] car_recognition - <module>: Car make/model classifier initialized successfully
2025-04-08 21:20:06 [INFO] car_recognition - <module>: COCO labels loaded successfully
2025-04-08 21:20:06 [INFO] car_recognition - <module>: Loading YOLO model from disk...
2025-04-08 21:20:07 [INFO] car_recognition - <module>: YOLO model loaded with CUDA support
2025-04-08 21:20:07 [INFO] image_processing - <module>: Car make classifier initialized successfully
2025-04-08 21:20:09 [INFO] image_processing - initialize_yolo: YOLO model initialized successfully
2025-04-08 21:20:09 [INFO] __init__ - create_app: Application initialized successfully
2025-04-08 21:20:09 [INFO] app - <module>: Starting application on port 5000 with debug=True
2025-04-08 21:20:09 [WARNING] _internal - _log:  * Debugger is active!
2025-04-08 21:20:25 [INFO] supabase_service - get_supabase_client: Creating Supabase client
2025-04-08 21:20:25 [DEBUG] _config - load_ssl_context: load_ssl_context verify=True cert=None trust_env=True http2=False
2025-04-08 21:20:25 [DEBUG] _config - load_ssl_context_verify: load_verify_locations cafile='C:\\Users\\Silver\\AppData\\Local\\anaconda3\\Library\\ssl\\cacert.pem'
2025-04-08 21:20:34 [DEBUG] tpu_cluster_resolver - <module>: Falling back to TensorFlow client; we recommended you install the Cloud TPU client directly with pip install cloud-tpu-client.
2025-04-08 21:20:36 [DEBUG] __init__ - <module>: Creating converter from 7 to 5
2025-04-08 21:20:36 [DEBUG] __init__ - <module>: Creating converter from 5 to 7
2025-04-08 21:20:36 [DEBUG] __init__ - <module>: Creating converter from 7 to 5
2025-04-08 21:20:36 [DEBUG] __init__ - <module>: Creating converter from 5 to 7
2025-04-08 21:20:41 [INFO] utils - _init_num_threads: NumExpr defaulting to 4 threads.
2025-04-08 21:20:42 [DEBUG] __init__ - wrapper: matplotlib data path: C:\Users\Silver\AppData\Local\anaconda3\Lib\site-packages\matplotlib\mpl-data
2025-04-08 21:20:42 [DEBUG] __init__ - wrapper: CONFIGDIR=C:\Users\Silver\.matplotlib
2025-04-08 21:20:42 [DEBUG] __init__ - <module>: interactive is False
2025-04-08 21:20:42 [DEBUG] __init__ - <module>: platform is win32
2025-04-08 21:20:42 [DEBUG] __init__ - wrapper: CACHEDIR=C:\Users\Silver\.matplotlib
2025-04-08 21:20:43 [DEBUG] font_manager - _load_fontmanager: Using fontManager instance from C:\Users\Silver\.matplotlib\fontlist-v390.json
2025-04-08 21:20:47 [INFO] car_damage - __init__: Loaded car damage detection model from best.onnx
2025-04-08 21:20:47 [INFO] car_damage - <module>: Car damage detection model initialized successfully
2025-04-08 21:20:49 [WARNING] module_wrapper - _tfmw_add_deprecation_warning: From C:\Users\Silver\Desktop\TakaInsure2\app\blueprints\car_recognition.py:39: The name tf.GraphDef is deprecated. Please use tf.compat.v1.GraphDef instead.

2025-04-08 21:20:50 [INFO] car_recognition - <module>: Car make/model classifier initialized successfully
2025-04-08 21:20:50 [INFO] car_recognition - <module>: COCO labels loaded successfully
2025-04-08 21:20:50 [INFO] car_recognition - <module>: Loading YOLO model from disk...
2025-04-08 21:20:52 [INFO] car_recognition - <module>: YOLO model loaded with CUDA support
2025-04-08 21:20:53 [INFO] image_processing - <module>: Car make classifier initialized successfully
2025-04-08 21:20:54 [INFO] image_processing - initialize_yolo: YOLO model initialized successfully
2025-04-08 21:20:54 [INFO] __init__ - create_app: Application initialized successfully
2025-04-08 21:20:54 [INFO] app - <module>: Starting application on port 5000 with debug=True
2025-04-08 21:20:54 [WARNING] _internal - _log:  * Debugger is active!
2025-04-08 21:21:10 [INFO] supabase_service - get_supabase_client: Creating Supabase client
2025-04-08 21:21:10 [DEBUG] _config - load_ssl_context: load_ssl_context verify=True cert=None trust_env=True http2=False
2025-04-08 21:21:10 [DEBUG] _config - load_ssl_context_verify: load_verify_locations cafile='C:\\Users\\Silver\\AppData\\Local\\anaconda3\\Library\\ssl\\cacert.pem'
2025-04-08 21:21:17 [DEBUG] tpu_cluster_resolver - <module>: Falling back to TensorFlow client; we recommended you install the Cloud TPU client directly with pip install cloud-tpu-client.
2025-04-08 21:21:19 [DEBUG] __init__ - <module>: Creating converter from 7 to 5
2025-04-08 21:21:19 [DEBUG] __init__ - <module>: Creating converter from 5 to 7
2025-04-08 21:21:19 [DEBUG] __init__ - <module>: Creating converter from 7 to 5
2025-04-08 21:21:19 [DEBUG] __init__ - <module>: Creating converter from 5 to 7
2025-04-08 21:21:25 [INFO] utils - _init_num_threads: NumExpr defaulting to 4 threads.
2025-04-08 21:21:26 [DEBUG] __init__ - wrapper: matplotlib data path: C:\Users\Silver\AppData\Local\anaconda3\Lib\site-packages\matplotlib\mpl-data
2025-04-08 21:21:26 [DEBUG] __init__ - wrapper: CONFIGDIR=C:\Users\Silver\.matplotlib
2025-04-08 21:21:26 [DEBUG] __init__ - <module>: interactive is False
2025-04-08 21:21:26 [DEBUG] __init__ - <module>: platform is win32
2025-04-08 21:21:27 [DEBUG] __init__ - wrapper: CACHEDIR=C:\Users\Silver\.matplotlib
2025-04-08 21:21:27 [DEBUG] font_manager - _load_fontmanager: Using fontManager instance from C:\Users\Silver\.matplotlib\fontlist-v390.json
2025-04-08 21:21:31 [INFO] car_damage - __init__: Loaded car damage detection model from best.onnx
2025-04-08 21:21:31 [INFO] car_damage - <module>: Car damage detection model initialized successfully
2025-04-08 21:21:33 [WARNING] module_wrapper - _tfmw_add_deprecation_warning: From C:\Users\Silver\Desktop\TakaInsure2\app\blueprints\car_recognition.py:39: The name tf.GraphDef is deprecated. Please use tf.compat.v1.GraphDef instead.

2025-04-08 21:21:34 [INFO] car_recognition - <module>: Car make/model classifier initialized successfully
2025-04-08 21:21:34 [INFO] car_recognition - <module>: COCO labels loaded successfully
2025-04-08 21:21:34 [INFO] car_recognition - <module>: Loading YOLO model from disk...
2025-04-08 21:21:35 [INFO] car_recognition - <module>: YOLO model loaded with CUDA support
2025-04-08 21:21:36 [INFO] image_processing - <module>: Car make classifier initialized successfully
2025-04-08 21:21:37 [INFO] image_processing - initialize_yolo: YOLO model initialized successfully
2025-04-08 21:21:37 [INFO] __init__ - create_app: Application initialized successfully
2025-04-08 21:21:37 [INFO] app - <module>: Starting application on port 5000 with debug=True
2025-04-08 21:21:37 [WARNING] _internal - _log:  * Debugger is active!
2025-04-08 21:22:14 [INFO] supabase_service - get_supabase_client: Creating Supabase client
2025-04-08 21:22:14 [DEBUG] _config - load_ssl_context: load_ssl_context verify=True cert=None trust_env=True http2=False
2025-04-08 21:22:14 [DEBUG] _config - load_ssl_context_verify: load_verify_locations cafile='C:\\Users\\Silver\\AppData\\Local\\anaconda3\\Library\\ssl\\cacert.pem'
2025-04-08 21:22:21 [DEBUG] tpu_cluster_resolver - <module>: Falling back to TensorFlow client; we recommended you install the Cloud TPU client directly with pip install cloud-tpu-client.
2025-04-08 21:22:22 [DEBUG] __init__ - <module>: Creating converter from 7 to 5
2025-04-08 21:22:22 [DEBUG] __init__ - <module>: Creating converter from 5 to 7
2025-04-08 21:22:22 [DEBUG] __init__ - <module>: Creating converter from 7 to 5
2025-04-08 21:22:22 [DEBUG] __init__ - <module>: Creating converter from 5 to 7
2025-04-08 21:22:25 [INFO] utils - _init_num_threads: NumExpr defaulting to 4 threads.
2025-04-08 21:22:26 [DEBUG] __init__ - wrapper: matplotlib data path: C:\Users\Silver\AppData\Local\anaconda3\Lib\site-packages\matplotlib\mpl-data
2025-04-08 21:22:26 [DEBUG] __init__ - wrapper: CONFIGDIR=C:\Users\Silver\.matplotlib
2025-04-08 21:22:26 [DEBUG] __init__ - <module>: interactive is False
2025-04-08 21:22:26 [DEBUG] __init__ - <module>: platform is win32
2025-04-08 21:22:27 [DEBUG] __init__ - wrapper: CACHEDIR=C:\Users\Silver\.matplotlib
2025-04-08 21:22:27 [DEBUG] font_manager - _load_fontmanager: Using fontManager instance from C:\Users\Silver\.matplotlib\fontlist-v390.json
2025-04-08 21:22:32 [INFO] car_damage - __init__: Loaded car damage detection model from best.onnx
2025-04-08 21:22:32 [INFO] car_damage - <module>: Car damage detection model initialized successfully
2025-04-08 21:22:34 [WARNING] module_wrapper - _tfmw_add_deprecation_warning: From C:\Users\Silver\Desktop\TakaInsure2\app\blueprints\car_recognition.py:39: The name tf.GraphDef is deprecated. Please use tf.compat.v1.GraphDef instead.

2025-04-08 21:22:34 [INFO] car_recognition - <module>: Car make/model classifier initialized successfully
2025-04-08 21:22:34 [INFO] car_recognition - <module>: COCO labels loaded successfully
2025-04-08 21:22:34 [INFO] car_recognition - <module>: Loading YOLO model from disk...
2025-04-08 21:22:35 [INFO] car_recognition - <module>: YOLO model loaded with CUDA support
2025-04-08 21:22:35 [INFO] image_processing - <module>: Car make classifier initialized successfully
2025-04-08 21:22:37 [INFO] image_processing - initialize_yolo: YOLO model initialized successfully
2025-04-08 21:22:37 [INFO] __init__ - create_app: Application initialized successfully
2025-04-08 21:22:37 [INFO] app - <module>: Starting application on port 5000 with debug=True
2025-04-08 21:22:37 [WARNING] _internal - _log:  * Debugger is active!
2025-04-08 21:26:20 [INFO] supabase_service - get_supabase_client: Creating Supabase client
2025-04-08 21:26:20 [DEBUG] _config - load_ssl_context: load_ssl_context verify=True cert=None trust_env=True http2=False
2025-04-08 21:26:20 [DEBUG] _config - load_ssl_context_verify: load_verify_locations cafile='C:\\Users\\Silver\\AppData\\Local\\anaconda3\\Library\\ssl\\cacert.pem'
2025-04-08 21:26:28 [DEBUG] tpu_cluster_resolver - <module>: Falling back to TensorFlow client; we recommended you install the Cloud TPU client directly with pip install cloud-tpu-client.
2025-04-08 21:26:30 [DEBUG] __init__ - <module>: Creating converter from 7 to 5
2025-04-08 21:26:30 [DEBUG] __init__ - <module>: Creating converter from 5 to 7
2025-04-08 21:26:30 [DEBUG] __init__ - <module>: Creating converter from 7 to 5
2025-04-08 21:26:30 [DEBUG] __init__ - <module>: Creating converter from 5 to 7
2025-04-08 21:26:35 [INFO] utils - _init_num_threads: NumExpr defaulting to 4 threads.
2025-04-08 21:26:36 [DEBUG] __init__ - wrapper: matplotlib data path: C:\Users\Silver\AppData\Local\anaconda3\Lib\site-packages\matplotlib\mpl-data
2025-04-08 21:26:36 [DEBUG] __init__ - wrapper: CONFIGDIR=C:\Users\Silver\.matplotlib
2025-04-08 21:26:36 [DEBUG] __init__ - <module>: interactive is False
2025-04-08 21:26:36 [DEBUG] __init__ - <module>: platform is win32
2025-04-08 21:26:36 [DEBUG] __init__ - wrapper: CACHEDIR=C:\Users\Silver\.matplotlib
2025-04-08 21:26:36 [DEBUG] font_manager - _load_fontmanager: Using fontManager instance from C:\Users\Silver\.matplotlib\fontlist-v390.json
2025-04-08 21:26:41 [INFO] car_damage - __init__: Loaded car damage detection model from best.onnx
2025-04-08 21:26:41 [INFO] car_damage - <module>: Car damage detection model initialized successfully
2025-04-08 21:26:43 [WARNING] module_wrapper - _tfmw_add_deprecation_warning: From C:\Users\Silver\Desktop\TakaInsure2\app\blueprints\car_recognition.py:39: The name tf.GraphDef is deprecated. Please use tf.compat.v1.GraphDef instead.

2025-04-08 21:26:44 [INFO] car_recognition - <module>: Car make/model classifier initialized successfully
2025-04-08 21:26:44 [INFO] car_recognition - <module>: COCO labels loaded successfully
2025-04-08 21:26:44 [INFO] car_recognition - <module>: Loading YOLO model from disk...
2025-04-08 21:26:46 [INFO] car_recognition - <module>: YOLO model loaded with CUDA support
2025-04-08 21:26:46 [INFO] image_processing - <module>: Car make classifier initialized successfully
2025-04-08 21:26:48 [INFO] image_processing - initialize_yolo: YOLO model initialized successfully
2025-04-08 21:26:48 [INFO] __init__ - create_app: Application initialized successfully
2025-04-08 21:26:48 [INFO] app - <module>: Starting application on port 5000 with debug=True
2025-04-08 21:26:48 [WARNING] _internal - _log:  * Debugger is active!
2025-04-08 21:34:50 [INFO] supabase_service - get_supabase_client: Creating Supabase client
2025-04-08 21:34:50 [DEBUG] _config - load_ssl_context: load_ssl_context verify=True cert=None trust_env=True http2=False
2025-04-08 21:34:50 [DEBUG] _config - load_ssl_context_verify: load_verify_locations cafile='C:\\Users\\Silver\\AppData\\Local\\anaconda3\\Library\\ssl\\cacert.pem'
2025-04-08 21:34:59 [DEBUG] tpu_cluster_resolver - <module>: Falling back to TensorFlow client; we recommended you install the Cloud TPU client directly with pip install cloud-tpu-client.
2025-04-08 21:35:00 [DEBUG] __init__ - <module>: Creating converter from 7 to 5
2025-04-08 21:35:00 [DEBUG] __init__ - <module>: Creating converter from 5 to 7
2025-04-08 21:35:00 [DEBUG] __init__ - <module>: Creating converter from 7 to 5
2025-04-08 21:35:00 [DEBUG] __init__ - <module>: Creating converter from 5 to 7
2025-04-08 21:35:05 [INFO] utils - _init_num_threads: NumExpr defaulting to 4 threads.
2025-04-08 21:35:06 [DEBUG] __init__ - wrapper: matplotlib data path: C:\Users\Silver\AppData\Local\anaconda3\Lib\site-packages\matplotlib\mpl-data
2025-04-08 21:35:06 [DEBUG] __init__ - wrapper: CONFIGDIR=C:\Users\Silver\.matplotlib
2025-04-08 21:35:06 [DEBUG] __init__ - <module>: interactive is False
2025-04-08 21:35:06 [DEBUG] __init__ - <module>: platform is win32
2025-04-08 21:35:06 [DEBUG] __init__ - wrapper: CACHEDIR=C:\Users\Silver\.matplotlib
2025-04-08 21:35:06 [DEBUG] font_manager - _load_fontmanager: Using fontManager instance from C:\Users\Silver\.matplotlib\fontlist-v390.json
2025-04-08 21:35:11 [INFO] car_damage - __init__: Loaded car damage detection model from best.onnx
2025-04-08 21:35:11 [INFO] car_damage - <module>: Car damage detection model initialized successfully
2025-04-08 21:35:14 [WARNING] module_wrapper - _tfmw_add_deprecation_warning: From C:\Users\Silver\Desktop\TakaInsure2\app\blueprints\car_recognition.py:39: The name tf.GraphDef is deprecated. Please use tf.compat.v1.GraphDef instead.

2025-04-08 21:35:15 [INFO] car_recognition - <module>: Car make/model classifier initialized successfully
2025-04-08 21:35:15 [INFO] car_recognition - <module>: COCO labels loaded successfully
2025-04-08 21:35:15 [INFO] car_recognition - <module>: Loading YOLO model from disk...
2025-04-08 21:35:17 [INFO] car_recognition - <module>: YOLO model loaded with CUDA support
2025-04-08 21:35:18 [INFO] image_processing - <module>: Car make classifier initialized successfully
2025-04-08 21:35:20 [INFO] image_processing - initialize_yolo: YOLO model initialized successfully
2025-04-08 21:35:20 [INFO] __init__ - create_app: Application initialized successfully
2025-04-08 21:35:20 [INFO] app - <module>: Starting application on port 5000 with debug=True
2025-04-08 21:35:20 [WARNING] _internal - _log:  * Debugger is active!
2025-04-08 22:45:35 [INFO] supabase_service - get_supabase_client: Creating Supabase client
2025-04-08 22:45:35 [DEBUG] _config - load_ssl_context: load_ssl_context verify=True cert=None trust_env=True http2=False
2025-04-08 22:45:35 [DEBUG] _config - load_ssl_context_verify: load_verify_locations cafile='C:\\Users\\Silver\\AppData\\Local\\anaconda3\\Library\\ssl\\cacert.pem'
2025-04-08 22:45:50 [DEBUG] tpu_cluster_resolver - <module>: Falling back to TensorFlow client; we recommended you install the Cloud TPU client directly with pip install cloud-tpu-client.
2025-04-08 22:45:54 [DEBUG] __init__ - <module>: Creating converter from 7 to 5
2025-04-08 22:45:54 [DEBUG] __init__ - <module>: Creating converter from 5 to 7
2025-04-08 22:45:54 [DEBUG] __init__ - <module>: Creating converter from 7 to 5
2025-04-08 22:45:54 [DEBUG] __init__ - <module>: Creating converter from 5 to 7
2025-04-08 22:46:04 [INFO] utils - _init_num_threads: NumExpr defaulting to 4 threads.
2025-04-08 22:46:06 [DEBUG] __init__ - wrapper: matplotlib data path: C:\Users\Silver\AppData\Local\anaconda3\Lib\site-packages\matplotlib\mpl-data
2025-04-08 22:46:06 [DEBUG] __init__ - wrapper: CONFIGDIR=C:\Users\Silver\.matplotlib
2025-04-08 22:46:06 [DEBUG] __init__ - <module>: interactive is False
2025-04-08 22:46:06 [DEBUG] __init__ - <module>: platform is win32
2025-04-08 22:46:07 [DEBUG] __init__ - wrapper: CACHEDIR=C:\Users\Silver\.matplotlib
2025-04-08 22:46:07 [DEBUG] font_manager - _load_fontmanager: Using fontManager instance from C:\Users\Silver\.matplotlib\fontlist-v390.json
2025-04-08 22:46:21 [INFO] car_damage - __init__: Loaded car damage detection model from best.onnx
2025-04-08 22:46:21 [INFO] car_damage - <module>: Car damage detection model initialized successfully
2025-04-08 22:46:25 [WARNING] module_wrapper - _tfmw_add_deprecation_warning: From C:\Users\Silver\Desktop\TakaInsure2\app\blueprints\car_recognition.py:39: The name tf.GraphDef is deprecated. Please use tf.compat.v1.GraphDef instead.

2025-04-08 22:46:26 [INFO] car_recognition - <module>: Car make/model classifier initialized successfully
2025-04-08 22:46:26 [INFO] car_recognition - <module>: COCO labels loaded successfully
2025-04-08 22:46:26 [INFO] car_recognition - <module>: Loading YOLO model from disk...
2025-04-08 22:46:28 [INFO] car_recognition - <module>: YOLO model loaded with CUDA support
2025-04-08 22:46:29 [INFO] image_processing - <module>: Car make classifier initialized successfully
2025-04-08 22:46:29 [INFO] image_processing - initialize_yolo: YOLO model initialized successfully
2025-04-08 22:46:29 [INFO] __init__ - create_app: Application initialized successfully
2025-04-08 22:46:29 [INFO] app - <module>: Starting application on port 5000 with debug=True
2025-04-08 22:46:29 [WARNING] _internal - _log:  * Debugger is active!
2025-04-08 22:47:09 [INFO] supabase_service - get_supabase_client: Creating Supabase client
2025-04-08 22:47:09 [DEBUG] _config - load_ssl_context: load_ssl_context verify=True cert=None trust_env=True http2=False
2025-04-08 22:47:09 [DEBUG] _config - load_ssl_context_verify: load_verify_locations cafile='C:\\Users\\Silver\\AppData\\Local\\anaconda3\\Library\\ssl\\cacert.pem'
2025-04-08 22:47:15 [DEBUG] tpu_cluster_resolver - <module>: Falling back to TensorFlow client; we recommended you install the Cloud TPU client directly with pip install cloud-tpu-client.
2025-04-08 22:47:16 [DEBUG] __init__ - <module>: Creating converter from 7 to 5
2025-04-08 22:47:16 [DEBUG] __init__ - <module>: Creating converter from 5 to 7
2025-04-08 22:47:16 [DEBUG] __init__ - <module>: Creating converter from 7 to 5
2025-04-08 22:47:16 [DEBUG] __init__ - <module>: Creating converter from 5 to 7
2025-04-08 22:47:20 [INFO] utils - _init_num_threads: NumExpr defaulting to 4 threads.
2025-04-08 22:47:20 [DEBUG] __init__ - wrapper: matplotlib data path: C:\Users\Silver\AppData\Local\anaconda3\Lib\site-packages\matplotlib\mpl-data
2025-04-08 22:47:20 [DEBUG] __init__ - wrapper: CONFIGDIR=C:\Users\Silver\.matplotlib
2025-04-08 22:47:20 [DEBUG] __init__ - <module>: interactive is False
2025-04-08 22:47:20 [DEBUG] __init__ - <module>: platform is win32
2025-04-08 22:47:21 [DEBUG] __init__ - wrapper: CACHEDIR=C:\Users\Silver\.matplotlib
2025-04-08 22:47:21 [DEBUG] font_manager - _load_fontmanager: Using fontManager instance from C:\Users\Silver\.matplotlib\fontlist-v390.json
2025-04-08 22:47:23 [INFO] car_damage - __init__: Loaded car damage detection model from best.onnx
2025-04-08 22:47:23 [INFO] car_damage - <module>: Car damage detection model initialized successfully
2025-04-08 22:47:24 [WARNING] module_wrapper - _tfmw_add_deprecation_warning: From C:\Users\Silver\Desktop\TakaInsure2\app\blueprints\car_recognition.py:39: The name tf.GraphDef is deprecated. Please use tf.compat.v1.GraphDef instead.

2025-04-08 22:47:24 [INFO] car_recognition - <module>: Car make/model classifier initialized successfully
2025-04-08 22:47:24 [INFO] car_recognition - <module>: COCO labels loaded successfully
2025-04-08 22:47:24 [INFO] car_recognition - <module>: Loading YOLO model from disk...
2025-04-08 22:47:24 [INFO] car_recognition - <module>: YOLO model loaded with CUDA support
2025-04-08 22:47:25 [INFO] image_processing - <module>: Car make classifier initialized successfully
2025-04-08 22:47:25 [INFO] image_processing - initialize_yolo: YOLO model initialized successfully
2025-04-08 22:47:25 [INFO] __init__ - create_app: Application initialized successfully
2025-04-08 22:47:25 [INFO] app - <module>: Starting application on port 5000 with debug=True
2025-04-08 22:47:25 [WARNING] _internal - _log:  * Debugger is active!
2025-04-08 22:49:02 [INFO] supabase_service - get_supabase_client: Creating Supabase client
2025-04-08 22:49:02 [DEBUG] _config - load_ssl_context: load_ssl_context verify=True cert=None trust_env=True http2=False
2025-04-08 22:49:02 [DEBUG] _config - load_ssl_context_verify: load_verify_locations cafile='C:\\Users\\Silver\\AppData\\Local\\anaconda3\\Library\\ssl\\cacert.pem'
2025-04-08 22:49:08 [DEBUG] tpu_cluster_resolver - <module>: Falling back to TensorFlow client; we recommended you install the Cloud TPU client directly with pip install cloud-tpu-client.
2025-04-08 22:49:08 [DEBUG] __init__ - <module>: Creating converter from 7 to 5
2025-04-08 22:49:09 [DEBUG] __init__ - <module>: Creating converter from 5 to 7
2025-04-08 22:49:09 [DEBUG] __init__ - <module>: Creating converter from 7 to 5
2025-04-08 22:49:09 [DEBUG] __init__ - <module>: Creating converter from 5 to 7
2025-04-08 22:49:11 [INFO] utils - _init_num_threads: NumExpr defaulting to 4 threads.
2025-04-08 22:49:11 [DEBUG] __init__ - wrapper: matplotlib data path: C:\Users\Silver\AppData\Local\anaconda3\Lib\site-packages\matplotlib\mpl-data
2025-04-08 22:49:11 [DEBUG] __init__ - wrapper: CONFIGDIR=C:\Users\Silver\.matplotlib
2025-04-08 22:49:11 [DEBUG] __init__ - <module>: interactive is False
2025-04-08 22:49:11 [DEBUG] __init__ - <module>: platform is win32
2025-04-08 22:49:11 [DEBUG] __init__ - wrapper: CACHEDIR=C:\Users\Silver\.matplotlib
2025-04-08 22:49:11 [DEBUG] font_manager - _load_fontmanager: Using fontManager instance from C:\Users\Silver\.matplotlib\fontlist-v390.json
2025-04-08 22:49:14 [INFO] car_damage - __init__: Loaded car damage detection model from best.onnx
2025-04-08 22:49:14 [INFO] car_damage - <module>: Car damage detection model initialized successfully
2025-04-08 22:49:15 [WARNING] module_wrapper - _tfmw_add_deprecation_warning: From C:\Users\Silver\Desktop\TakaInsure2\app\blueprints\car_recognition.py:39: The name tf.GraphDef is deprecated. Please use tf.compat.v1.GraphDef instead.

2025-04-08 22:49:15 [INFO] car_recognition - <module>: Car make/model classifier initialized successfully
2025-04-08 22:49:15 [INFO] car_recognition - <module>: COCO labels loaded successfully
2025-04-08 22:49:15 [INFO] car_recognition - <module>: Loading YOLO model from disk...
2025-04-08 22:49:15 [INFO] car_recognition - <module>: YOLO model loaded with CUDA support
2025-04-08 22:49:16 [INFO] image_processing - <module>: Car make classifier initialized successfully
2025-04-08 22:49:16 [INFO] image_processing - initialize_yolo: YOLO model initialized successfully
2025-04-08 22:49:16 [INFO] __init__ - create_app: Application initialized successfully
2025-04-08 22:49:16 [INFO] app - <module>: Starting application on port 5000 with debug=True
2025-04-08 22:49:16 [WARNING] _internal - _log:  * Debugger is active!
2025-04-08 22:54:15 [INFO] supabase_service - get_supabase_client: Creating Supabase client
2025-04-08 22:54:15 [DEBUG] _config - load_ssl_context: load_ssl_context verify=True cert=None trust_env=True http2=False
2025-04-08 22:54:15 [DEBUG] _config - load_ssl_context_verify: load_verify_locations cafile='C:\\Users\\Silver\\AppData\\Local\\anaconda3\\Library\\ssl\\cacert.pem'
2025-04-08 22:54:19 [DEBUG] tpu_cluster_resolver - <module>: Falling back to TensorFlow client; we recommended you install the Cloud TPU client directly with pip install cloud-tpu-client.
2025-04-08 22:54:19 [DEBUG] __init__ - <module>: Creating converter from 7 to 5
2025-04-08 22:54:19 [DEBUG] __init__ - <module>: Creating converter from 5 to 7
2025-04-08 22:54:19 [DEBUG] __init__ - <module>: Creating converter from 7 to 5
2025-04-08 22:54:19 [DEBUG] __init__ - <module>: Creating converter from 5 to 7
2025-04-08 22:54:22 [INFO] utils - _init_num_threads: NumExpr defaulting to 4 threads.
2025-04-08 22:54:23 [DEBUG] __init__ - wrapper: matplotlib data path: C:\Users\Silver\AppData\Local\anaconda3\Lib\site-packages\matplotlib\mpl-data
2025-04-08 22:54:23 [DEBUG] __init__ - wrapper: CONFIGDIR=C:\Users\Silver\.matplotlib
2025-04-08 22:54:23 [DEBUG] __init__ - <module>: interactive is False
2025-04-08 22:54:23 [DEBUG] __init__ - <module>: platform is win32
2025-04-08 22:54:23 [DEBUG] __init__ - wrapper: CACHEDIR=C:\Users\Silver\.matplotlib
2025-04-08 22:54:23 [DEBUG] font_manager - _load_fontmanager: Using fontManager instance from C:\Users\Silver\.matplotlib\fontlist-v390.json
2025-04-08 22:54:26 [INFO] car_damage - __init__: Loaded car damage detection model from best.onnx
2025-04-08 22:54:26 [INFO] car_damage - <module>: Car damage detection model initialized successfully
2025-04-08 22:54:27 [WARNING] module_wrapper - _tfmw_add_deprecation_warning: From C:\Users\Silver\Desktop\TakaInsure2\app\blueprints\car_recognition.py:39: The name tf.GraphDef is deprecated. Please use tf.compat.v1.GraphDef instead.

2025-04-08 22:54:27 [INFO] car_recognition - <module>: Car make/model classifier initialized successfully
2025-04-08 22:54:27 [INFO] car_recognition - <module>: COCO labels loaded successfully
2025-04-08 22:54:27 [INFO] car_recognition - <module>: Loading YOLO model from disk...
2025-04-08 22:54:28 [INFO] car_recognition - <module>: YOLO model loaded with CUDA support
2025-04-08 22:54:28 [INFO] image_processing - <module>: Car make classifier initialized successfully
2025-04-08 22:54:28 [INFO] image_processing - initialize_yolo: YOLO model initialized successfully
2025-04-08 22:54:28 [INFO] __init__ - create_app: Application initialized successfully
2025-04-08 22:54:28 [INFO] app - <module>: Starting application on port 5000 with debug=True
2025-04-08 22:54:32 [INFO] supabase_service - get_supabase_client: Creating Supabase client
2025-04-08 22:54:32 [DEBUG] _config - load_ssl_context: load_ssl_context verify=True cert=None trust_env=True http2=False
2025-04-08 22:54:32 [DEBUG] _config - load_ssl_context_verify: load_verify_locations cafile='C:\\Users\\Silver\\AppData\\Local\\anaconda3\\Library\\ssl\\cacert.pem'
2025-04-08 22:54:36 [DEBUG] tpu_cluster_resolver - <module>: Falling back to TensorFlow client; we recommended you install the Cloud TPU client directly with pip install cloud-tpu-client.
2025-04-08 22:54:37 [DEBUG] __init__ - <module>: Creating converter from 7 to 5
2025-04-08 22:54:37 [DEBUG] __init__ - <module>: Creating converter from 5 to 7
2025-04-08 22:54:37 [DEBUG] __init__ - <module>: Creating converter from 7 to 5
2025-04-08 22:54:37 [DEBUG] __init__ - <module>: Creating converter from 5 to 7
2025-04-08 22:54:39 [INFO] utils - _init_num_threads: NumExpr defaulting to 4 threads.
2025-04-08 22:54:39 [DEBUG] __init__ - wrapper: matplotlib data path: C:\Users\Silver\AppData\Local\anaconda3\Lib\site-packages\matplotlib\mpl-data
2025-04-08 22:54:39 [DEBUG] __init__ - wrapper: CONFIGDIR=C:\Users\Silver\.matplotlib
2025-04-08 22:54:39 [DEBUG] __init__ - <module>: interactive is False
2025-04-08 22:54:39 [DEBUG] __init__ - <module>: platform is win32
2025-04-08 22:54:39 [DEBUG] __init__ - wrapper: CACHEDIR=C:\Users\Silver\.matplotlib
2025-04-08 22:54:39 [DEBUG] font_manager - _load_fontmanager: Using fontManager instance from C:\Users\Silver\.matplotlib\fontlist-v390.json
2025-04-08 22:54:43 [INFO] car_damage - __init__: Loaded car damage detection model from best.onnx
2025-04-08 22:54:43 [INFO] car_damage - <module>: Car damage detection model initialized successfully
2025-04-08 22:54:46 [WARNING] module_wrapper - _tfmw_add_deprecation_warning: From C:\Users\Silver\Desktop\TakaInsure2\app\blueprints\car_recognition.py:39: The name tf.GraphDef is deprecated. Please use tf.compat.v1.GraphDef instead.

2025-04-08 22:54:46 [INFO] car_recognition - <module>: Car make/model classifier initialized successfully
2025-04-08 22:54:46 [INFO] car_recognition - <module>: COCO labels loaded successfully
2025-04-08 22:54:46 [INFO] car_recognition - <module>: Loading YOLO model from disk...
2025-04-08 22:54:47 [INFO] car_recognition - <module>: YOLO model loaded with CUDA support
2025-04-08 22:54:48 [INFO] image_processing - <module>: Car make classifier initialized successfully
2025-04-08 22:54:48 [INFO] image_processing - initialize_yolo: YOLO model initialized successfully
2025-04-08 22:54:48 [INFO] __init__ - create_app: Application initialized successfully
2025-04-08 22:54:48 [INFO] app - <module>: Starting application on port 5000 with debug=True
2025-04-08 22:54:48 [WARNING] _internal - _log:  * Debugger is active!
2025-04-08 23:03:59 [INFO] supabase_service - get_supabase_client: Creating Supabase client
2025-04-08 23:03:59 [DEBUG] _config - load_ssl_context: load_ssl_context verify=True cert=None trust_env=True http2=False
2025-04-08 23:03:59 [DEBUG] _config - load_ssl_context_verify: load_verify_locations cafile='C:\\Users\\Silver\\AppData\\Local\\anaconda3\\Library\\ssl\\cacert.pem'
2025-04-08 23:04:05 [DEBUG] tpu_cluster_resolver - <module>: Falling back to TensorFlow client; we recommended you install the Cloud TPU client directly with pip install cloud-tpu-client.
2025-04-08 23:04:06 [DEBUG] __init__ - <module>: Creating converter from 7 to 5
2025-04-08 23:04:06 [DEBUG] __init__ - <module>: Creating converter from 5 to 7
2025-04-08 23:04:06 [DEBUG] __init__ - <module>: Creating converter from 7 to 5
2025-04-08 23:04:06 [DEBUG] __init__ - <module>: Creating converter from 5 to 7
2025-04-08 23:04:10 [INFO] utils - _init_num_threads: NumExpr defaulting to 4 threads.
2025-04-08 23:04:11 [DEBUG] __init__ - wrapper: matplotlib data path: C:\Users\Silver\AppData\Local\anaconda3\Lib\site-packages\matplotlib\mpl-data
2025-04-08 23:04:11 [DEBUG] __init__ - wrapper: CONFIGDIR=C:\Users\Silver\.matplotlib
2025-04-08 23:04:11 [DEBUG] __init__ - <module>: interactive is False
2025-04-08 23:04:11 [DEBUG] __init__ - <module>: platform is win32
2025-04-08 23:04:11 [DEBUG] __init__ - wrapper: CACHEDIR=C:\Users\Silver\.matplotlib
2025-04-08 23:04:11 [DEBUG] font_manager - _load_fontmanager: Using fontManager instance from C:\Users\Silver\.matplotlib\fontlist-v390.json
2025-04-08 23:04:15 [INFO] car_damage - __init__: Loaded car damage detection model from best.onnx
2025-04-08 23:04:15 [INFO] car_damage - <module>: Car damage detection model initialized successfully
2025-04-08 23:04:16 [WARNING] module_wrapper - _tfmw_add_deprecation_warning: From C:\Users\Silver\Desktop\TakaInsure2\app\blueprints\car_recognition.py:39: The name tf.GraphDef is deprecated. Please use tf.compat.v1.GraphDef instead.

2025-04-08 23:04:16 [INFO] car_recognition - <module>: Car make/model classifier initialized successfully
2025-04-08 23:04:16 [INFO] car_recognition - <module>: COCO labels loaded successfully
2025-04-08 23:04:16 [INFO] car_recognition - <module>: Loading YOLO model from disk...
2025-04-08 23:04:17 [INFO] car_recognition - <module>: YOLO model loaded with CUDA support
2025-04-08 23:04:17 [INFO] image_processing - <module>: Car make classifier initialized successfully
2025-04-08 23:04:18 [INFO] image_processing - initialize_yolo: YOLO model initialized successfully
2025-04-08 23:04:18 [INFO] __init__ - create_app: Application initialized successfully
2025-04-08 23:04:18 [INFO] app - <module>: Starting application on port 5000 with debug=True
2025-04-08 23:04:18 [WARNING] _internal - _log:  * Debugger is active!
2025-04-08 23:46:15 [INFO] __init__ - before_request: Request started: POST /api/car-recognition/detect - IP: 192.168.1.121
2025-04-08 23:46:15 [INFO] __init__ - before_request: Files included in request: ['file']
2025-04-08 23:46:15 [INFO] car_recognition - detect_car: Processing image of size 720x540
2025-04-08 23:46:17 [INFO] car_recognition - detect_car: YOLO detection took 2.2011 seconds
2025-04-08 23:46:19 [INFO] car_recognition - detect_car: Car classification took 2.4955 seconds
2025-04-08 23:46:19 [INFO] __init__ - after_request: Request completed: POST /api/car-recognition/detect - Status: 200 - Duration: 4853.24ms
2025-04-08 23:47:28 [INFO] __init__ - before_request: Request started: POST /api/license-plate/detect - IP: 192.168.1.121
2025-04-08 23:47:28 [INFO] __init__ - before_request: Files included in request: ['file']
2025-04-08 23:47:28 [DEBUG] pytesseract - run_tesseract: ['C:\\Program Files\\Tesseract-OCR\\tesseract.exe', 'C:\\Users\\Silver\\AppData\\Local\\Temp\\tess_p8ujmiw3_input.PNG', 'C:\\Users\\Silver\\AppData\\Local\\Temp\\tess_p8ujmiw3', '--oem', '1', '--psm', '7', 'txt']
2025-04-08 23:47:30 [DEBUG] pytesseract - run_tesseract: ['C:\\Program Files\\Tesseract-OCR\\tesseract.exe', 'C:\\Users\\Silver\\AppData\\Local\\Temp\\tess_fd73cgvk_input.PNG', 'C:\\Users\\Silver\\AppData\\Local\\Temp\\tess_fd73cgvk', '--oem', '1', '--psm', '8', 'txt']
2025-04-08 23:47:30 [DEBUG] pytesseract - run_tesseract: ['C:\\Program Files\\Tesseract-OCR\\tesseract.exe', 'C:\\Users\\Silver\\AppData\\Local\\Temp\\tess_z6gm11v__input.PNG', 'C:\\Users\\Silver\\AppData\\Local\\Temp\\tess_z6gm11v_', '--oem', '1', '--psm', '10', 'txt']
2025-04-08 23:47:30 [DEBUG] pytesseract - run_tesseract: ['C:\\Program Files\\Tesseract-OCR\\tesseract.exe', 'C:\\Users\\Silver\\AppData\\Local\\Temp\\tess_9bnl0xlr_input.PNG', 'C:\\Users\\Silver\\AppData\\Local\\Temp\\tess_9bnl0xlr', '--oem', '1', '--psm', '11', 'txt']
2025-04-08 23:47:30 [DEBUG] pytesseract - run_tesseract: ['C:\\Program Files\\Tesseract-OCR\\tesseract.exe', 'C:\\Users\\Silver\\AppData\\Local\\Temp\\tess_8wmbwtq7_input.PNG', 'C:\\Users\\Silver\\AppData\\Local\\Temp\\tess_8wmbwtq7', '--oem', '1', '--psm', '6', 'txt']
2025-04-08 23:47:31 [DEBUG] pytesseract - run_tesseract: ['C:\\Program Files\\Tesseract-OCR\\tesseract.exe', 'C:\\Users\\Silver\\AppData\\Local\\Temp\\tess_gd2aj55i_input.PNG', 'C:\\Users\\Silver\\AppData\\Local\\Temp\\tess_gd2aj55i', '--oem', '1', '--psm', '7', 'txt']
2025-04-08 23:47:31 [DEBUG] pytesseract - run_tesseract: ['C:\\Program Files\\Tesseract-OCR\\tesseract.exe', 'C:\\Users\\Silver\\AppData\\Local\\Temp\\tess_6fy3wj2l_input.PNG', 'C:\\Users\\Silver\\AppData\\Local\\Temp\\tess_6fy3wj2l', '--oem', '1', '--psm', '8', 'txt']
2025-04-08 23:47:31 [DEBUG] pytesseract - run_tesseract: ['C:\\Program Files\\Tesseract-OCR\\tesseract.exe', 'C:\\Users\\Silver\\AppData\\Local\\Temp\\tess_ek4_znhl_input.PNG', 'C:\\Users\\Silver\\AppData\\Local\\Temp\\tess_ek4_znhl', '--oem', '1', '--psm', '10', 'txt']
2025-04-08 23:47:31 [DEBUG] pytesseract - run_tesseract: ['C:\\Program Files\\Tesseract-OCR\\tesseract.exe', 'C:\\Users\\Silver\\AppData\\Local\\Temp\\tess_h2jfyyc0_input.PNG', 'C:\\Users\\Silver\\AppData\\Local\\Temp\\tess_h2jfyyc0', '--oem', '1', '--psm', '11', 'txt']
2025-04-08 23:47:31 [DEBUG] pytesseract - run_tesseract: ['C:\\Program Files\\Tesseract-OCR\\tesseract.exe', 'C:\\Users\\Silver\\AppData\\Local\\Temp\\tess_z4py0bgz_input.PNG', 'C:\\Users\\Silver\\AppData\\Local\\Temp\\tess_z4py0bgz', '--oem', '1', '--psm', '6', 'txt']
2025-04-08 23:47:32 [INFO] license_plate - detect_license_plate: License plate detected: wa
2025-04-08 23:47:32 [INFO] __init__ - after_request: Request completed: POST /api/license-plate/detect - Status: 200 - Duration: 4189.27ms
2025-04-08 23:48:50 [INFO] __init__ - before_request: Request started: POST /api/car-recognition/detect - IP: 192.168.1.24
2025-04-08 23:48:51 [INFO] __init__ - before_request: Files included in request: ['file']
2025-04-08 23:48:51 [INFO] car_recognition - detect_car: Processing image of size 1286x965
2025-04-08 23:48:51 [INFO] car_recognition - detect_car: YOLO detection took 0.7651 seconds
2025-04-08 23:48:51 [INFO] car_recognition - detect_car: Car classification took 0.0147 seconds
2025-04-08 23:48:51 [INFO] __init__ - after_request: Request completed: POST /api/car-recognition/detect - Status: 200 - Duration: 1766.84ms
2025-04-08 23:49:36 [INFO] __init__ - before_request: Request started: POST /api/license-plate/detect - IP: 192.168.1.24
2025-04-08 23:49:36 [INFO] __init__ - before_request: Files included in request: ['file']
2025-04-08 23:49:36 [DEBUG] pytesseract - run_tesseract: ['C:\\Program Files\\Tesseract-OCR\\tesseract.exe', 'C:\\Users\\Silver\\AppData\\Local\\Temp\\tess_1w28cdmh_input.PNG', 'C:\\Users\\Silver\\AppData\\Local\\Temp\\tess_1w28cdmh', '--oem', '1', '--psm', '7', 'txt']
2025-04-08 23:49:36 [DEBUG] pytesseract - run_tesseract: ['C:\\Program Files\\Tesseract-OCR\\tesseract.exe', 'C:\\Users\\Silver\\AppData\\Local\\Temp\\tess_kxzpgyxn_input.PNG', 'C:\\Users\\Silver\\AppData\\Local\\Temp\\tess_kxzpgyxn', '--oem', '1', '--psm', '8', 'txt']
2025-04-08 23:49:37 [DEBUG] pytesseract - run_tesseract: ['C:\\Program Files\\Tesseract-OCR\\tesseract.exe', 'C:\\Users\\Silver\\AppData\\Local\\Temp\\tess_nn40gvhb_input.PNG', 'C:\\Users\\Silver\\AppData\\Local\\Temp\\tess_nn40gvhb', '--oem', '1', '--psm', '10', 'txt']
2025-04-08 23:49:37 [DEBUG] pytesseract - run_tesseract: ['C:\\Program Files\\Tesseract-OCR\\tesseract.exe', 'C:\\Users\\Silver\\AppData\\Local\\Temp\\tess_sq6vzhid_input.PNG', 'C:\\Users\\Silver\\AppData\\Local\\Temp\\tess_sq6vzhid', '--oem', '1', '--psm', '11', 'txt']
2025-04-08 23:49:38 [DEBUG] pytesseract - run_tesseract: ['C:\\Program Files\\Tesseract-OCR\\tesseract.exe', 'C:\\Users\\Silver\\AppData\\Local\\Temp\\tess_6llmhso3_input.PNG', 'C:\\Users\\Silver\\AppData\\Local\\Temp\\tess_6llmhso3', '--oem', '1', '--psm', '6', 'txt']
2025-04-08 23:49:38 [DEBUG] pytesseract - run_tesseract: ['C:\\Program Files\\Tesseract-OCR\\tesseract.exe', 'C:\\Users\\Silver\\AppData\\Local\\Temp\\tess_j53x328z_input.PNG', 'C:\\Users\\Silver\\AppData\\Local\\Temp\\tess_j53x328z', '--oem', '1', '--psm', '7', 'txt']
2025-04-08 23:49:38 [DEBUG] pytesseract - run_tesseract: ['C:\\Program Files\\Tesseract-OCR\\tesseract.exe', 'C:\\Users\\Silver\\AppData\\Local\\Temp\\tess_bxiz3o7t_input.PNG', 'C:\\Users\\Silver\\AppData\\Local\\Temp\\tess_bxiz3o7t', '--oem', '1', '--psm', '8', 'txt']
2025-04-08 23:49:38 [DEBUG] pytesseract - run_tesseract: ['C:\\Program Files\\Tesseract-OCR\\tesseract.exe', 'C:\\Users\\Silver\\AppData\\Local\\Temp\\tess_7g7owa7n_input.PNG', 'C:\\Users\\Silver\\AppData\\Local\\Temp\\tess_7g7owa7n', '--oem', '1', '--psm', '10', 'txt']
2025-04-08 23:49:38 [DEBUG] pytesseract - run_tesseract: ['C:\\Program Files\\Tesseract-OCR\\tesseract.exe', 'C:\\Users\\Silver\\AppData\\Local\\Temp\\tess_knag5e9w_input.PNG', 'C:\\Users\\Silver\\AppData\\Local\\Temp\\tess_knag5e9w', '--oem', '1', '--psm', '11', 'txt']
2025-04-08 23:49:39 [DEBUG] pytesseract - run_tesseract: ['C:\\Program Files\\Tesseract-OCR\\tesseract.exe', 'C:\\Users\\Silver\\AppData\\Local\\Temp\\tess__icilqrn_input.PNG', 'C:\\Users\\Silver\\AppData\\Local\\Temp\\tess__icilqrn', '--oem', '1', '--psm', '6', 'txt']
2025-04-08 23:49:39 [INFO] license_plate - detect_license_plate: License plate detected: - Sse
2025-04-08 23:49:39 [INFO] __init__ - after_request: Request completed: POST /api/license-plate/detect - Status: 200 - Duration: 2769.58ms
2025-04-09 00:01:02 [INFO] __init__ - before_request: Request started: POST /api/car-recognition/detect - IP: 192.168.1.121
2025-04-09 00:01:02 [INFO] __init__ - before_request: Files included in request: ['file']
2025-04-09 00:01:02 [INFO] car_recognition - detect_car: Processing image of size 720x540
2025-04-09 00:01:03 [INFO] car_recognition - detect_car: YOLO detection took 0.7647 seconds
2025-04-09 00:01:03 [INFO] car_recognition - detect_car: Car classification took 0.0368 seconds
2025-04-09 00:01:03 [INFO] __init__ - after_request: Request completed: POST /api/car-recognition/detect - Status: 200 - Duration: 893.13ms
2025-04-09 00:02:00 [INFO] supabase_service - get_supabase_client: Creating Supabase client
2025-04-09 00:02:00 [DEBUG] _config - load_ssl_context: load_ssl_context verify=True cert=None trust_env=True http2=False
2025-04-09 00:02:00 [DEBUG] _config - load_ssl_context_verify: load_verify_locations cafile='C:\\Users\\Silver\\AppData\\Local\\anaconda3\\Library\\ssl\\cacert.pem'
2025-04-09 00:02:10 [DEBUG] tpu_cluster_resolver - <module>: Falling back to TensorFlow client; we recommended you install the Cloud TPU client directly with pip install cloud-tpu-client.
2025-04-09 00:02:12 [DEBUG] __init__ - <module>: Creating converter from 7 to 5
2025-04-09 00:02:12 [DEBUG] __init__ - <module>: Creating converter from 5 to 7
2025-04-09 00:02:12 [DEBUG] __init__ - <module>: Creating converter from 7 to 5
2025-04-09 00:02:12 [DEBUG] __init__ - <module>: Creating converter from 5 to 7
2025-04-09 00:02:20 [INFO] utils - _init_num_threads: NumExpr defaulting to 4 threads.
2025-04-09 00:02:22 [DEBUG] __init__ - wrapper: matplotlib data path: C:\Users\Silver\AppData\Local\anaconda3\Lib\site-packages\matplotlib\mpl-data
2025-04-09 00:02:22 [DEBUG] __init__ - wrapper: CONFIGDIR=C:\Users\Silver\.matplotlib
2025-04-09 00:02:22 [DEBUG] __init__ - <module>: interactive is False
2025-04-09 00:02:22 [DEBUG] __init__ - <module>: platform is win32
2025-04-09 00:02:22 [DEBUG] __init__ - wrapper: CACHEDIR=C:\Users\Silver\.matplotlib
2025-04-09 00:02:22 [DEBUG] font_manager - _load_fontmanager: Using fontManager instance from C:\Users\Silver\.matplotlib\fontlist-v390.json
2025-04-09 00:02:29 [INFO] car_damage - __init__: Loaded car damage detection model from best.onnx
2025-04-09 00:02:29 [INFO] car_damage - <module>: Car damage detection model initialized successfully
2025-04-09 00:02:31 [WARNING] module_wrapper - _tfmw_add_deprecation_warning: From C:\Users\Silver\Desktop\TakaInsure2\app\blueprints\car_recognition.py:39: The name tf.GraphDef is deprecated. Please use tf.compat.v1.GraphDef instead.

2025-04-09 00:02:31 [INFO] car_recognition - <module>: Car make/model classifier initialized successfully
2025-04-09 00:02:31 [INFO] car_recognition - <module>: COCO labels loaded successfully
2025-04-09 00:02:31 [INFO] car_recognition - <module>: Loading YOLO model from disk...
2025-04-09 00:02:32 [INFO] car_recognition - <module>: YOLO model loaded with CUDA support
2025-04-09 00:02:32 [INFO] image_processing - <module>: Car make classifier initialized successfully
2025-04-09 00:02:33 [INFO] image_processing - initialize_yolo: YOLO model initialized successfully
2025-04-09 00:02:33 [INFO] __init__ - create_app: Application initialized successfully
2025-04-09 00:02:33 [INFO] app - <module>: Starting application on port 5000 with debug=True
2025-04-09 00:02:33 [WARNING] _internal - _log:  * Debugger is active!
2025-04-09 00:06:22 [INFO] __init__ - before_request: Request started: POST /api/car-recognition/detect - IP: 192.168.1.121
2025-04-09 00:06:22 [INFO] __init__ - before_request: Files included in request: ['file']
2025-04-09 00:06:22 [INFO] car_recognition - detect_car: Processing image of size 720x540
2025-04-09 00:06:23 [INFO] car_recognition - detect_car: YOLO detection took 1.7712 seconds
2025-04-09 00:06:25 [INFO] car_recognition - detect_car: Car classification took 1.3455 seconds
2025-04-09 00:06:25 [INFO] __init__ - after_request: Request completed: POST /api/car-recognition/detect - Status: 200 - Duration: 3247.64ms
2025-04-09 00:07:40 [INFO] supabase_service - get_supabase_client: Creating Supabase client
2025-04-09 00:07:40 [DEBUG] _config - load_ssl_context: load_ssl_context verify=True cert=None trust_env=True http2=False
2025-04-09 00:07:40 [DEBUG] _config - load_ssl_context_verify: load_verify_locations cafile='C:\\Users\\Silver\\AppData\\Local\\anaconda3\\Library\\ssl\\cacert.pem'
2025-04-09 00:07:43 [DEBUG] tpu_cluster_resolver - <module>: Falling back to TensorFlow client; we recommended you install the Cloud TPU client directly with pip install cloud-tpu-client.
2025-04-09 00:07:44 [DEBUG] __init__ - <module>: Creating converter from 7 to 5
2025-04-09 00:07:44 [DEBUG] __init__ - <module>: Creating converter from 5 to 7
2025-04-09 00:07:44 [DEBUG] __init__ - <module>: Creating converter from 7 to 5
2025-04-09 00:07:44 [DEBUG] __init__ - <module>: Creating converter from 5 to 7
2025-04-09 00:07:46 [INFO] utils - _init_num_threads: NumExpr defaulting to 4 threads.
2025-04-09 00:07:46 [DEBUG] __init__ - wrapper: matplotlib data path: C:\Users\Silver\AppData\Local\anaconda3\Lib\site-packages\matplotlib\mpl-data
2025-04-09 00:07:46 [DEBUG] __init__ - wrapper: CONFIGDIR=C:\Users\Silver\.matplotlib
2025-04-09 00:07:46 [DEBUG] __init__ - <module>: interactive is False
2025-04-09 00:07:46 [DEBUG] __init__ - <module>: platform is win32
2025-04-09 00:07:46 [DEBUG] __init__ - wrapper: CACHEDIR=C:\Users\Silver\.matplotlib
2025-04-09 00:07:46 [DEBUG] font_manager - _load_fontmanager: Using fontManager instance from C:\Users\Silver\.matplotlib\fontlist-v390.json
2025-04-09 00:07:49 [INFO] car_damage - __init__: Loaded car damage detection model from best.onnx
2025-04-09 00:07:49 [INFO] car_damage - <module>: Car damage detection model initialized successfully
2025-04-09 00:07:51 [WARNING] module_wrapper - _tfmw_add_deprecation_warning: From C:\Users\Silver\Desktop\TakaInsure2\app\blueprints\car_recognition.py:39: The name tf.GraphDef is deprecated. Please use tf.compat.v1.GraphDef instead.

2025-04-09 00:07:51 [INFO] car_recognition - <module>: Car make/model classifier initialized successfully
2025-04-09 00:07:51 [INFO] car_recognition - <module>: COCO labels loaded successfully
2025-04-09 00:07:51 [INFO] car_recognition - <module>: Loading YOLO model from disk...
2025-04-09 00:07:52 [INFO] car_recognition - <module>: YOLO model loaded with CUDA support
2025-04-09 00:07:52 [INFO] image_processing - <module>: Car make classifier initialized successfully
2025-04-09 00:07:53 [INFO] image_processing - initialize_yolo: YOLO model initialized successfully
2025-04-09 00:07:53 [INFO] __init__ - create_app: Application initialized successfully
2025-04-09 00:07:53 [INFO] app - <module>: Starting application on port 5000 with debug=True
2025-04-09 00:07:53 [WARNING] _internal - _log:  * Debugger is active!
2025-04-09 00:21:19 [INFO] __init__ - before_request: Request started: POST /api/car-recognition/detect - IP: 192.168.1.121
2025-04-09 00:21:19 [INFO] __init__ - before_request: Files included in request: ['file']
2025-04-09 00:21:19 [INFO] car_recognition - detect_car: Processing image of size 1000x750
2025-04-09 00:21:21 [INFO] car_recognition - detect_car: YOLO detection took 1.8148 seconds
2025-04-09 00:21:22 [INFO] car_recognition - detect_car: Car classification took 1.3886 seconds
2025-04-09 00:21:22 [INFO] __init__ - after_request: Request completed: POST /api/car-recognition/detect - Status: 200 - Duration: 3328.56ms
2025-04-09 00:21:33 [INFO] __init__ - before_request: Request started: POST /api/car-recognition/detect - IP: 192.168.1.24
2025-04-09 00:21:33 [INFO] __init__ - before_request: Files included in request: ['file']
2025-04-09 00:21:33 [INFO] car_recognition - detect_car: Processing image of size 1286x965
2025-04-09 00:21:34 [INFO] car_recognition - detect_car: YOLO detection took 0.7355 seconds
2025-04-09 00:21:34 [INFO] car_recognition - detect_car: Car classification took 0.0161 seconds
2025-04-09 00:21:34 [INFO] __init__ - after_request: Request completed: POST /api/car-recognition/detect - Status: 200 - Duration: 998.64ms
2025-04-09 00:21:53 [INFO] __init__ - before_request: Request started: POST /api/license-plate/detect - IP: 192.168.1.24
2025-04-09 00:21:53 [INFO] __init__ - before_request: Files included in request: ['file']
2025-04-09 00:21:54 [DEBUG] pytesseract - run_tesseract: ['C:\\Program Files\\Tesseract-OCR\\tesseract.exe', 'C:\\Users\\Silver\\AppData\\Local\\Temp\\tess_i7k6ra1n_input.PNG', 'C:\\Users\\Silver\\AppData\\Local\\Temp\\tess_i7k6ra1n', '--oem', '1', '--psm', '7', 'txt']
2025-04-09 00:21:55 [DEBUG] pytesseract - run_tesseract: ['C:\\Program Files\\Tesseract-OCR\\tesseract.exe', 'C:\\Users\\Silver\\AppData\\Local\\Temp\\tess_nwtypgra_input.PNG', 'C:\\Users\\Silver\\AppData\\Local\\Temp\\tess_nwtypgra', '--oem', '1', '--psm', '8', 'txt']
2025-04-09 00:21:56 [DEBUG] pytesseract - run_tesseract: ['C:\\Program Files\\Tesseract-OCR\\tesseract.exe', 'C:\\Users\\Silver\\AppData\\Local\\Temp\\tess_opk708va_input.PNG', 'C:\\Users\\Silver\\AppData\\Local\\Temp\\tess_opk708va', '--oem', '1', '--psm', '10', 'txt']
2025-04-09 00:21:56 [DEBUG] pytesseract - run_tesseract: ['C:\\Program Files\\Tesseract-OCR\\tesseract.exe', 'C:\\Users\\Silver\\AppData\\Local\\Temp\\tess_jxd85hpt_input.PNG', 'C:\\Users\\Silver\\AppData\\Local\\Temp\\tess_jxd85hpt', '--oem', '1', '--psm', '11', 'txt']
2025-04-09 00:21:56 [DEBUG] pytesseract - run_tesseract: ['C:\\Program Files\\Tesseract-OCR\\tesseract.exe', 'C:\\Users\\Silver\\AppData\\Local\\Temp\\tess_ubtgqgn6_input.PNG', 'C:\\Users\\Silver\\AppData\\Local\\Temp\\tess_ubtgqgn6', '--oem', '1', '--psm', '6', 'txt']
2025-04-09 00:21:56 [DEBUG] pytesseract - run_tesseract: ['C:\\Program Files\\Tesseract-OCR\\tesseract.exe', 'C:\\Users\\Silver\\AppData\\Local\\Temp\\tess__vm28a0j_input.PNG', 'C:\\Users\\Silver\\AppData\\Local\\Temp\\tess__vm28a0j', '--oem', '1', '--psm', '7', 'txt']
2025-04-09 00:21:56 [DEBUG] pytesseract - run_tesseract: ['C:\\Program Files\\Tesseract-OCR\\tesseract.exe', 'C:\\Users\\Silver\\AppData\\Local\\Temp\\tess_e7m8ojs6_input.PNG', 'C:\\Users\\Silver\\AppData\\Local\\Temp\\tess_e7m8ojs6', '--oem', '1', '--psm', '8', 'txt']
2025-04-09 00:21:57 [DEBUG] pytesseract - run_tesseract: ['C:\\Program Files\\Tesseract-OCR\\tesseract.exe', 'C:\\Users\\Silver\\AppData\\Local\\Temp\\tess_lcyra_v4_input.PNG', 'C:\\Users\\Silver\\AppData\\Local\\Temp\\tess_lcyra_v4', '--oem', '1', '--psm', '10', 'txt']
2025-04-09 00:21:57 [DEBUG] pytesseract - run_tesseract: ['C:\\Program Files\\Tesseract-OCR\\tesseract.exe', 'C:\\Users\\Silver\\AppData\\Local\\Temp\\tess_jast1w58_input.PNG', 'C:\\Users\\Silver\\AppData\\Local\\Temp\\tess_jast1w58', '--oem', '1', '--psm', '11', 'txt']
2025-04-09 00:21:57 [DEBUG] pytesseract - run_tesseract: ['C:\\Program Files\\Tesseract-OCR\\tesseract.exe', 'C:\\Users\\Silver\\AppData\\Local\\Temp\\tess_j48yxggk_input.PNG', 'C:\\Users\\Silver\\AppData\\Local\\Temp\\tess_j48yxggk', '--oem', '1', '--psm', '6', 'txt']
2025-04-09 00:21:57 [INFO] license_plate - detect_license_plate: License plate detected: od
2025-04-09 00:21:57 [INFO] __init__ - after_request: Request completed: POST /api/license-plate/detect - Status: 200 - Duration: 3763.9ms
2025-04-09 10:31:12 [INFO] supabase_service - get_supabase_client: Creating Supabase client
2025-04-09 10:31:12 [DEBUG] _config - load_ssl_context: load_ssl_context verify=True cert=None trust_env=True http2=False
2025-04-09 10:31:12 [DEBUG] _config - load_ssl_context_verify: load_verify_locations cafile='C:\\Users\\Silver\\AppData\\Local\\anaconda3\\Library\\ssl\\cacert.pem'
2025-04-09 10:31:39 [DEBUG] tpu_cluster_resolver - <module>: Falling back to TensorFlow client; we recommended you install the Cloud TPU client directly with pip install cloud-tpu-client.
2025-04-09 10:31:44 [DEBUG] __init__ - <module>: Creating converter from 7 to 5
2025-04-09 10:31:44 [DEBUG] __init__ - <module>: Creating converter from 5 to 7
2025-04-09 10:31:44 [DEBUG] __init__ - <module>: Creating converter from 7 to 5
2025-04-09 10:31:44 [DEBUG] __init__ - <module>: Creating converter from 5 to 7
2025-04-09 10:31:58 [INFO] utils - _init_num_threads: NumExpr defaulting to 4 threads.
2025-04-09 10:32:01 [DEBUG] __init__ - wrapper: matplotlib data path: C:\Users\Silver\AppData\Local\anaconda3\Lib\site-packages\matplotlib\mpl-data
2025-04-09 10:32:02 [DEBUG] __init__ - wrapper: CONFIGDIR=C:\Users\Silver\.matplotlib
2025-04-09 10:32:02 [DEBUG] __init__ - <module>: interactive is False
2025-04-09 10:32:02 [DEBUG] __init__ - <module>: platform is win32
2025-04-09 10:32:02 [DEBUG] __init__ - wrapper: CACHEDIR=C:\Users\Silver\.matplotlib
2025-04-09 10:32:02 [DEBUG] font_manager - _load_fontmanager: Using fontManager instance from C:\Users\Silver\.matplotlib\fontlist-v390.json
2025-04-09 10:32:13 [INFO] car_damage - __init__: Loaded car damage detection model from best.onnx
2025-04-09 10:32:13 [INFO] car_damage - <module>: Car damage detection model initialized successfully
2025-04-09 10:32:20 [WARNING] module_wrapper - _tfmw_add_deprecation_warning: From C:\Users\Silver\Desktop\TakaInsure2\app\blueprints\car_recognition.py:39: The name tf.GraphDef is deprecated. Please use tf.compat.v1.GraphDef instead.

2025-04-09 10:32:22 [INFO] car_recognition - <module>: Car make/model classifier initialized successfully
2025-04-09 10:32:22 [INFO] car_recognition - <module>: COCO labels loaded successfully
2025-04-09 10:32:22 [INFO] car_recognition - <module>: Loading YOLO model from disk...
2025-04-09 10:32:41 [INFO] car_recognition - <module>: YOLO model loaded with CUDA support
2025-04-09 10:32:42 [INFO] image_processing - <module>: Car make classifier initialized successfully
2025-04-09 10:32:43 [INFO] image_processing - initialize_yolo: YOLO model initialized successfully
2025-04-09 10:32:43 [INFO] __init__ - create_app: Application initialized successfully
2025-04-09 10:32:43 [INFO] app - <module>: Starting application on port 5000 with debug=True
2025-04-09 10:33:36 [INFO] supabase_service - get_supabase_client: Creating Supabase client
2025-04-09 10:33:36 [DEBUG] _config - load_ssl_context: load_ssl_context verify=True cert=None trust_env=True http2=False
2025-04-09 10:33:36 [DEBUG] _config - load_ssl_context_verify: load_verify_locations cafile='C:\\Users\\Silver\\AppData\\Local\\anaconda3\\Library\\ssl\\cacert.pem'
2025-04-09 10:34:24 [DEBUG] tpu_cluster_resolver - <module>: Falling back to TensorFlow client; we recommended you install the Cloud TPU client directly with pip install cloud-tpu-client.
2025-04-09 10:34:34 [DEBUG] __init__ - <module>: Creating converter from 7 to 5
2025-04-09 10:34:34 [DEBUG] __init__ - <module>: Creating converter from 5 to 7
2025-04-09 10:34:34 [DEBUG] __init__ - <module>: Creating converter from 7 to 5
2025-04-09 10:34:34 [DEBUG] __init__ - <module>: Creating converter from 5 to 7
2025-04-09 10:34:58 [INFO] utils - _init_num_threads: NumExpr defaulting to 4 threads.
2025-04-09 10:35:00 [DEBUG] __init__ - wrapper: matplotlib data path: C:\Users\Silver\AppData\Local\anaconda3\Lib\site-packages\matplotlib\mpl-data
2025-04-09 10:35:00 [DEBUG] __init__ - wrapper: CONFIGDIR=C:\Users\Silver\.matplotlib
2025-04-09 10:35:00 [DEBUG] __init__ - <module>: interactive is False
2025-04-09 10:35:00 [DEBUG] __init__ - <module>: platform is win32
2025-04-09 10:35:00 [DEBUG] __init__ - wrapper: CACHEDIR=C:\Users\Silver\.matplotlib
2025-04-09 10:35:00 [DEBUG] font_manager - _load_fontmanager: Using fontManager instance from C:\Users\Silver\.matplotlib\fontlist-v390.json
2025-04-09 10:35:06 [INFO] car_damage - __init__: Loaded car damage detection model from best.onnx
2025-04-09 10:35:06 [INFO] car_damage - <module>: Car damage detection model initialized successfully
2025-04-09 10:35:09 [WARNING] module_wrapper - _tfmw_add_deprecation_warning: From C:\Users\Silver\Desktop\TakaInsure2\app\blueprints\car_recognition.py:39: The name tf.GraphDef is deprecated. Please use tf.compat.v1.GraphDef instead.

2025-04-09 10:35:09 [INFO] car_recognition - <module>: Car make/model classifier initialized successfully
2025-04-09 10:35:09 [INFO] car_recognition - <module>: COCO labels loaded successfully
2025-04-09 10:35:09 [INFO] car_recognition - <module>: Loading YOLO model from disk...
2025-04-09 10:35:10 [INFO] car_recognition - <module>: YOLO model loaded with CUDA support
2025-04-09 10:35:10 [INFO] image_processing - <module>: Car make classifier initialized successfully
2025-04-09 10:35:11 [INFO] image_processing - initialize_yolo: YOLO model initialized successfully
2025-04-09 10:35:11 [INFO] __init__ - create_app: Application initialized successfully
2025-04-09 10:35:11 [INFO] app - <module>: Starting application on port 5000 with debug=True
2025-04-09 10:35:11 [WARNING] _internal - _log:  * Debugger is active!
2025-04-09 10:35:58 [INFO] __init__ - before_request: Request started: POST /api/car-recognition/detect - IP: 192.168.1.121
2025-04-09 10:35:58 [INFO] __init__ - before_request: Files included in request: ['file']
2025-04-09 10:35:58 [INFO] car_recognition - detect_car: Processing image of size 720x540
2025-04-09 10:36:00 [INFO] car_recognition - detect_car: YOLO detection took 2.6096 seconds
2025-04-09 10:36:03 [INFO] car_recognition - detect_car: Car classification took 2.3267 seconds
2025-04-09 10:36:03 [INFO] __init__ - after_request: Request completed: POST /api/car-recognition/detect - Status: 200 - Duration: 5171.29ms
2025-04-09 10:42:28 [INFO] __init__ - before_request: Request started: POST /api/car-recognition/detect - IP: 192.168.1.121
2025-04-09 10:42:28 [INFO] __init__ - before_request: Files included in request: ['file']
2025-04-09 10:42:28 [INFO] car_recognition - detect_car: Processing image of size 720x540
2025-04-09 10:42:29 [INFO] car_recognition - detect_car: YOLO detection took 1.2860 seconds
2025-04-09 10:42:29 [INFO] car_recognition - detect_car: Car classification took 0.0122 seconds
2025-04-09 10:42:29 [INFO] __init__ - after_request: Request completed: POST /api/car-recognition/detect - Status: 200 - Duration: 1436.27ms
2025-04-09 10:44:42 [INFO] __init__ - before_request: Request started: POST /api/car-recognition/detect - IP: 192.168.1.121
2025-04-09 10:44:42 [INFO] __init__ - before_request: Files included in request: ['file']
2025-04-09 10:44:42 [INFO] car_recognition - detect_car: Processing image of size 720x540
2025-04-09 10:44:43 [INFO] car_recognition - detect_car: YOLO detection took 0.9042 seconds
2025-04-09 10:44:43 [INFO] car_recognition - detect_car: Car classification took 0.0295 seconds
2025-04-09 10:44:43 [INFO] __init__ - after_request: Request completed: POST /api/car-recognition/detect - Status: 200 - Duration: 1064.0ms
2025-04-09 11:08:54 [INFO] supabase_service - get_supabase_client: Creating Supabase client
2025-04-09 11:08:54 [DEBUG] _config - load_ssl_context: load_ssl_context verify=True cert=None trust_env=True http2=False
2025-04-09 11:08:54 [DEBUG] _config - load_ssl_context_verify: load_verify_locations cafile='C:\\Users\\Silver\\AppData\\Local\\anaconda3\\Library\\ssl\\cacert.pem'
2025-04-09 11:09:02 [DEBUG] tpu_cluster_resolver - <module>: Falling back to TensorFlow client; we recommended you install the Cloud TPU client directly with pip install cloud-tpu-client.
2025-04-09 11:09:05 [DEBUG] __init__ - <module>: Creating converter from 7 to 5
2025-04-09 11:09:05 [DEBUG] __init__ - <module>: Creating converter from 5 to 7
2025-04-09 11:09:05 [DEBUG] __init__ - <module>: Creating converter from 7 to 5
2025-04-09 11:09:05 [DEBUG] __init__ - <module>: Creating converter from 5 to 7
2025-04-09 11:09:10 [INFO] utils - _init_num_threads: NumExpr defaulting to 4 threads.
2025-04-09 11:09:11 [DEBUG] __init__ - wrapper: matplotlib data path: C:\Users\Silver\AppData\Local\anaconda3\Lib\site-packages\matplotlib\mpl-data
2025-04-09 11:09:11 [DEBUG] __init__ - wrapper: CONFIGDIR=C:\Users\Silver\.matplotlib
2025-04-09 11:09:11 [DEBUG] __init__ - <module>: interactive is False
2025-04-09 11:09:11 [DEBUG] __init__ - <module>: platform is win32
2025-04-09 11:09:11 [DEBUG] __init__ - wrapper: CACHEDIR=C:\Users\Silver\.matplotlib
2025-04-09 11:09:11 [DEBUG] font_manager - _load_fontmanager: Using fontManager instance from C:\Users\Silver\.matplotlib\fontlist-v390.json
2025-04-09 11:09:17 [INFO] car_damage - __init__: Loaded car damage detection model from best.onnx
2025-04-09 11:09:17 [INFO] car_damage - <module>: Car damage detection model initialized successfully
2025-04-09 11:09:20 [WARNING] module_wrapper - _tfmw_add_deprecation_warning: From C:\Users\Silver\Desktop\TakaInsure2\app\blueprints\car_recognition.py:39: The name tf.GraphDef is deprecated. Please use tf.compat.v1.GraphDef instead.

2025-04-09 11:09:21 [INFO] car_recognition - <module>: Car make/model classifier initialized successfully
2025-04-09 11:09:21 [INFO] car_recognition - <module>: COCO labels loaded successfully
2025-04-09 11:09:21 [INFO] car_recognition - <module>: Loading YOLO model from disk...
2025-04-09 11:09:22 [INFO] car_recognition - <module>: YOLO model loaded with CUDA support
2025-04-09 11:09:22 [INFO] image_processing - <module>: Car make classifier initialized successfully
2025-04-09 11:09:22 [INFO] image_processing - initialize_yolo: YOLO model initialized successfully
2025-04-09 11:09:22 [INFO] __init__ - create_app: Application initialized successfully
2025-04-09 11:09:22 [INFO] app - <module>: Starting application on port 5000 with debug=True
2025-04-09 11:09:22 [WARNING] _internal - _log:  * Debugger is active!
2025-04-09 11:12:17 [INFO] supabase_service - get_supabase_client: Creating Supabase client
2025-04-09 11:12:17 [DEBUG] _config - load_ssl_context: load_ssl_context verify=True cert=None trust_env=True http2=False
2025-04-09 11:12:17 [DEBUG] _config - load_ssl_context_verify: load_verify_locations cafile='C:\\Users\\Silver\\AppData\\Local\\anaconda3\\Library\\ssl\\cacert.pem'
2025-04-09 11:12:20 [DEBUG] tpu_cluster_resolver - <module>: Falling back to TensorFlow client; we recommended you install the Cloud TPU client directly with pip install cloud-tpu-client.
2025-04-09 11:12:21 [DEBUG] __init__ - <module>: Creating converter from 7 to 5
2025-04-09 11:12:21 [DEBUG] __init__ - <module>: Creating converter from 5 to 7
2025-04-09 11:12:21 [DEBUG] __init__ - <module>: Creating converter from 7 to 5
2025-04-09 11:12:21 [DEBUG] __init__ - <module>: Creating converter from 5 to 7
2025-04-09 11:12:23 [INFO] utils - _init_num_threads: NumExpr defaulting to 4 threads.
2025-04-09 11:12:23 [DEBUG] __init__ - wrapper: matplotlib data path: C:\Users\Silver\AppData\Local\anaconda3\Lib\site-packages\matplotlib\mpl-data
2025-04-09 11:12:23 [DEBUG] __init__ - wrapper: CONFIGDIR=C:\Users\Silver\.matplotlib
2025-04-09 11:12:23 [DEBUG] __init__ - <module>: interactive is False
2025-04-09 11:12:23 [DEBUG] __init__ - <module>: platform is win32
2025-04-09 11:12:23 [DEBUG] __init__ - wrapper: CACHEDIR=C:\Users\Silver\.matplotlib
2025-04-09 11:12:23 [DEBUG] font_manager - _load_fontmanager: Using fontManager instance from C:\Users\Silver\.matplotlib\fontlist-v390.json
2025-04-09 11:12:26 [INFO] car_damage - __init__: Loaded car damage detection model from best.onnx
2025-04-09 11:12:26 [INFO] car_damage - <module>: Car damage detection model initialized successfully
2025-04-09 11:12:28 [WARNING] module_wrapper - _tfmw_add_deprecation_warning: From C:\Users\Silver\Desktop\TakaInsure2\app\blueprints\car_recognition.py:39: The name tf.GraphDef is deprecated. Please use tf.compat.v1.GraphDef instead.

2025-04-09 11:12:28 [INFO] car_recognition - <module>: Car make/model classifier initialized successfully
2025-04-09 11:12:28 [INFO] car_recognition - <module>: COCO labels loaded successfully
2025-04-09 11:12:28 [INFO] car_recognition - <module>: Loading YOLO model from disk...
2025-04-09 11:12:28 [INFO] car_recognition - <module>: YOLO model loaded with CUDA support
2025-04-09 11:12:29 [INFO] image_processing - <module>: Car make classifier initialized successfully
2025-04-09 11:12:29 [INFO] image_processing - initialize_yolo: YOLO model initialized successfully
2025-04-09 11:12:29 [INFO] __init__ - create_app: Application initialized successfully
2025-04-09 11:12:29 [INFO] app - <module>: Starting application on port 5000 with debug=True
2025-04-09 11:12:29 [WARNING] _internal - _log:  * Debugger is active!
2025-04-09 11:15:14 [INFO] __init__ - before_request: Request started: POST /api/car-recognition/detect - IP: 192.168.1.121
2025-04-09 11:15:14 [INFO] __init__ - before_request: Files included in request: ['file']
2025-04-09 11:15:14 [INFO] car_recognition - detect_car: Processing image of size 720x540
2025-04-09 11:15:16 [INFO] car_recognition - detect_car: YOLO detection took 1.9110 seconds
2025-04-09 11:15:17 [INFO] car_recognition - detect_car: Car classification took 1.2975 seconds
2025-04-09 11:15:17 [INFO] __init__ - after_request: Request completed: POST /api/car-recognition/detect - Status: 200 - Duration: 3354.08ms
2025-04-09 11:16:42 [INFO] __init__ - before_request: Request started: POST /api/vehicle/upload - IP: 192.168.1.121
2025-04-09 11:16:42 [DEBUG] __init__ - before_request: Form data: {'folder': 'vehicles', 'image_type': 'car'}
2025-04-09 11:16:42 [INFO] __init__ - before_request: Files included in request: ['file']
2025-04-09 11:16:42 [INFO] vehicle - upload_vehicle_image: Saved car image: C:\Users\Silver\Desktop\TakaInsure2\uploads\vehicles\vehicles\b0e792ec-5a5f-4c10-a1e4-93f46f712d2e.jpeg
2025-04-09 11:16:42 [INFO] image_processing - process_car_image: Processing car image: C:\Users\Silver\Desktop\TakaInsure2\uploads\vehicles\vehicles\b0e792ec-5a5f-4c10-a1e4-93f46f712d2e.jpeg
2025-04-09 11:16:44 [INFO] vehicle - upload_vehicle_image: Car image processed: {'make': 'Toyota', 'model': 'Corolla', 'confidence': 0.9375646}
2025-04-09 11:16:44 [INFO] __init__ - after_request: Request completed: POST /api/vehicle/upload - Status: 200 - Duration: 1547.66ms
2025-04-09 11:30:46 [INFO] __init__ - before_request: Request started: POST /api/car-recognition/detect - IP: 192.168.1.24
2025-04-09 11:30:47 [INFO] __init__ - before_request: Files included in request: ['file']
2025-04-09 11:30:47 [INFO] car_recognition - detect_car: Processing image of size 1286x965
2025-04-09 11:30:48 [INFO] car_recognition - detect_car: YOLO detection took 1.0247 seconds
2025-04-09 11:30:48 [INFO] car_recognition - detect_car: Car classification took 0.0193 seconds
2025-04-09 11:30:48 [INFO] __init__ - after_request: Request completed: POST /api/car-recognition/detect - Status: 200 - Duration: 2072.43ms
2025-04-09 11:31:06 [INFO] __init__ - before_request: Request started: POST /api/license-plate/detect - IP: 192.168.1.24
2025-04-09 11:31:06 [INFO] __init__ - before_request: Files included in request: ['file']
2025-04-09 11:31:06 [DEBUG] pytesseract - run_tesseract: ['C:\\Program Files\\Tesseract-OCR\\tesseract.exe', 'C:\\Users\\Silver\\AppData\\Local\\Temp\\tess_sqxxzx3f_input.PNG', 'C:\\Users\\Silver\\AppData\\Local\\Temp\\tess_sqxxzx3f', '--oem', '1', '--psm', '7', 'txt']
2025-04-09 11:31:11 [DEBUG] pytesseract - run_tesseract: ['C:\\Program Files\\Tesseract-OCR\\tesseract.exe', 'C:\\Users\\Silver\\AppData\\Local\\Temp\\tess_ur7ul09e_input.PNG', 'C:\\Users\\Silver\\AppData\\Local\\Temp\\tess_ur7ul09e', '--oem', '1', '--psm', '8', 'txt']
2025-04-09 11:31:12 [DEBUG] pytesseract - run_tesseract: ['C:\\Program Files\\Tesseract-OCR\\tesseract.exe', 'C:\\Users\\Silver\\AppData\\Local\\Temp\\tess_aam_vuhn_input.PNG', 'C:\\Users\\Silver\\AppData\\Local\\Temp\\tess_aam_vuhn', '--oem', '1', '--psm', '10', 'txt']
2025-04-09 11:31:12 [DEBUG] pytesseract - run_tesseract: ['C:\\Program Files\\Tesseract-OCR\\tesseract.exe', 'C:\\Users\\Silver\\AppData\\Local\\Temp\\tess_2jl8uwsf_input.PNG', 'C:\\Users\\Silver\\AppData\\Local\\Temp\\tess_2jl8uwsf', '--oem', '1', '--psm', '11', 'txt']
2025-04-09 11:31:12 [DEBUG] pytesseract - run_tesseract: ['C:\\Program Files\\Tesseract-OCR\\tesseract.exe', 'C:\\Users\\Silver\\AppData\\Local\\Temp\\tess_v_zirpo7_input.PNG', 'C:\\Users\\Silver\\AppData\\Local\\Temp\\tess_v_zirpo7', '--oem', '1', '--psm', '6', 'txt']
2025-04-09 11:31:13 [DEBUG] pytesseract - run_tesseract: ['C:\\Program Files\\Tesseract-OCR\\tesseract.exe', 'C:\\Users\\Silver\\AppData\\Local\\Temp\\tess_hnsjifxw_input.PNG', 'C:\\Users\\Silver\\AppData\\Local\\Temp\\tess_hnsjifxw', '--oem', '1', '--psm', '7', 'txt']
2025-04-09 11:31:14 [DEBUG] pytesseract - run_tesseract: ['C:\\Program Files\\Tesseract-OCR\\tesseract.exe', 'C:\\Users\\Silver\\AppData\\Local\\Temp\\tess_3j6aur4b_input.PNG', 'C:\\Users\\Silver\\AppData\\Local\\Temp\\tess_3j6aur4b', '--oem', '1', '--psm', '8', 'txt']
2025-04-09 11:31:15 [DEBUG] pytesseract - run_tesseract: ['C:\\Program Files\\Tesseract-OCR\\tesseract.exe', 'C:\\Users\\Silver\\AppData\\Local\\Temp\\tess_tr_4s30m_input.PNG', 'C:\\Users\\Silver\\AppData\\Local\\Temp\\tess_tr_4s30m', '--oem', '1', '--psm', '10', 'txt']
2025-04-09 11:31:15 [DEBUG] pytesseract - run_tesseract: ['C:\\Program Files\\Tesseract-OCR\\tesseract.exe', 'C:\\Users\\Silver\\AppData\\Local\\Temp\\tess_94xh775__input.PNG', 'C:\\Users\\Silver\\AppData\\Local\\Temp\\tess_94xh775_', '--oem', '1', '--psm', '11', 'txt']
2025-04-09 11:31:16 [DEBUG] pytesseract - run_tesseract: ['C:\\Program Files\\Tesseract-OCR\\tesseract.exe', 'C:\\Users\\Silver\\AppData\\Local\\Temp\\tess_n85yuyj1_input.PNG', 'C:\\Users\\Silver\\AppData\\Local\\Temp\\tess_n85yuyj1', '--oem', '1', '--psm', '6', 'txt']
2025-04-09 11:31:17 [INFO] license_plate - detect_license_plate: License plate detected: ee
2025-04-09 11:31:17 [INFO] __init__ - after_request: Request completed: POST /api/license-plate/detect - Status: 200 - Duration: 10677.4ms
2025-04-09 11:33:13 [INFO] supabase_service - get_supabase_client: Creating Supabase client
2025-04-09 11:33:13 [DEBUG] _config - load_ssl_context: load_ssl_context verify=True cert=None trust_env=True http2=False
2025-04-09 11:33:13 [DEBUG] _config - load_ssl_context_verify: load_verify_locations cafile='C:\\Users\\Silver\\AppData\\Local\\anaconda3\\Library\\ssl\\cacert.pem'
2025-04-09 11:33:21 [DEBUG] tpu_cluster_resolver - <module>: Falling back to TensorFlow client; we recommended you install the Cloud TPU client directly with pip install cloud-tpu-client.
2025-04-09 11:33:23 [DEBUG] __init__ - <module>: Creating converter from 7 to 5
2025-04-09 11:33:23 [DEBUG] __init__ - <module>: Creating converter from 5 to 7
2025-04-09 11:33:23 [DEBUG] __init__ - <module>: Creating converter from 7 to 5
2025-04-09 11:33:23 [DEBUG] __init__ - <module>: Creating converter from 5 to 7
2025-04-09 11:33:26 [INFO] utils - _init_num_threads: NumExpr defaulting to 4 threads.
2025-04-09 11:33:26 [DEBUG] __init__ - wrapper: matplotlib data path: C:\Users\Silver\AppData\Local\anaconda3\Lib\site-packages\matplotlib\mpl-data
2025-04-09 11:33:26 [DEBUG] __init__ - wrapper: CONFIGDIR=C:\Users\Silver\.matplotlib
2025-04-09 11:33:26 [DEBUG] __init__ - <module>: interactive is False
2025-04-09 11:33:26 [DEBUG] __init__ - <module>: platform is win32
2025-04-09 11:33:27 [DEBUG] __init__ - wrapper: CACHEDIR=C:\Users\Silver\.matplotlib
2025-04-09 11:33:27 [DEBUG] font_manager - _load_fontmanager: Using fontManager instance from C:\Users\Silver\.matplotlib\fontlist-v390.json
2025-04-09 11:33:30 [INFO] car_damage - __init__: Loaded car damage detection model from best.onnx
2025-04-09 11:33:30 [INFO] car_damage - <module>: Car damage detection model initialized successfully
2025-04-09 11:33:33 [WARNING] module_wrapper - _tfmw_add_deprecation_warning: From C:\Users\Silver\Desktop\TakaInsure2\app\blueprints\car_recognition.py:39: The name tf.GraphDef is deprecated. Please use tf.compat.v1.GraphDef instead.

2025-04-09 11:33:33 [INFO] car_recognition - <module>: Car make/model classifier initialized successfully
2025-04-09 11:33:33 [INFO] car_recognition - <module>: COCO labels loaded successfully
2025-04-09 11:33:33 [INFO] car_recognition - <module>: Loading YOLO model from disk...
2025-04-09 11:33:34 [INFO] car_recognition - <module>: YOLO model loaded with CUDA support
2025-04-09 11:33:34 [INFO] image_processing - <module>: Car make classifier initialized successfully
2025-04-09 11:33:34 [INFO] image_processing - initialize_yolo: YOLO model initialized successfully
2025-04-09 11:33:34 [INFO] __init__ - create_app: Application initialized successfully
2025-04-09 11:33:34 [INFO] app - <module>: Starting application on port 5000 with debug=True
2025-04-09 11:33:34 [WARNING] _internal - _log:  * Debugger is active!
2025-04-09 11:42:34 [INFO] supabase_service - get_supabase_client: Creating Supabase client
2025-04-09 11:42:34 [DEBUG] _config - load_ssl_context: load_ssl_context verify=True cert=None trust_env=True http2=False
2025-04-09 11:42:34 [DEBUG] _config - load_ssl_context_verify: load_verify_locations cafile='C:\\Users\\Silver\\AppData\\Local\\anaconda3\\Library\\ssl\\cacert.pem'
2025-04-09 11:42:36 [DEBUG] tpu_cluster_resolver - <module>: Falling back to TensorFlow client; we recommended you install the Cloud TPU client directly with pip install cloud-tpu-client.
2025-04-09 11:42:37 [DEBUG] __init__ - <module>: Creating converter from 7 to 5
2025-04-09 11:42:37 [DEBUG] __init__ - <module>: Creating converter from 5 to 7
2025-04-09 11:42:37 [DEBUG] __init__ - <module>: Creating converter from 7 to 5
2025-04-09 11:42:37 [DEBUG] __init__ - <module>: Creating converter from 5 to 7
2025-04-09 11:42:39 [INFO] utils - _init_num_threads: NumExpr defaulting to 4 threads.
2025-04-09 11:42:39 [DEBUG] __init__ - wrapper: matplotlib data path: C:\Users\Silver\AppData\Local\anaconda3\Lib\site-packages\matplotlib\mpl-data
2025-04-09 11:42:39 [DEBUG] __init__ - wrapper: CONFIGDIR=C:\Users\Silver\.matplotlib
2025-04-09 11:42:39 [DEBUG] __init__ - <module>: interactive is False
2025-04-09 11:42:39 [DEBUG] __init__ - <module>: platform is win32
2025-04-09 11:42:39 [DEBUG] __init__ - wrapper: CACHEDIR=C:\Users\Silver\.matplotlib
2025-04-09 11:42:39 [DEBUG] font_manager - _load_fontmanager: Using fontManager instance from C:\Users\Silver\.matplotlib\fontlist-v390.json
2025-04-09 11:42:41 [INFO] car_damage - __init__: Loaded car damage detection model from best.onnx
2025-04-09 11:42:41 [INFO] car_damage - <module>: Car damage detection model initialized successfully
2025-04-09 11:42:42 [WARNING] module_wrapper - _tfmw_add_deprecation_warning: From C:\Users\Silver\Desktop\TakaInsure2\app\blueprints\car_recognition.py:39: The name tf.GraphDef is deprecated. Please use tf.compat.v1.GraphDef instead.

2025-04-09 11:42:43 [INFO] car_recognition - <module>: Car make/model classifier initialized successfully
2025-04-09 11:42:43 [INFO] car_recognition - <module>: COCO labels loaded successfully
2025-04-09 11:42:43 [INFO] car_recognition - <module>: Loading YOLO model from disk...
2025-04-09 11:42:43 [INFO] car_recognition - <module>: YOLO model loaded with CUDA support
2025-04-09 11:42:43 [INFO] image_processing - <module>: Car make classifier initialized successfully
2025-04-09 11:42:44 [INFO] image_processing - initialize_yolo: YOLO model initialized successfully
2025-04-09 11:42:44 [INFO] __init__ - create_app: Application initialized successfully
2025-04-09 11:42:44 [INFO] app - <module>: Starting application on port 5000 with debug=True
2025-04-09 11:42:44 [WARNING] _internal - _log:  * Debugger is active!
2025-04-09 11:43:14 [INFO] __init__ - before_request: Request started: POST /api/car-recognition/detect - IP: 192.168.1.121
2025-04-09 11:43:14 [INFO] __init__ - before_request: Files included in request: ['file']
2025-04-09 11:43:14 [INFO] car_recognition - detect_car: Processing image of size 720x540
2025-04-09 11:43:16 [INFO] car_recognition - detect_car: YOLO detection took 1.8543 seconds
2025-04-09 11:43:18 [INFO] car_recognition - detect_car: Car classification took 1.1445 seconds
2025-04-09 11:43:18 [INFO] __init__ - after_request: Request completed: POST /api/car-recognition/detect - Status: 200 - Duration: 3117.09ms
2025-04-09 11:46:43 [INFO] __init__ - before_request: Request started: GET /api/vehicle/image/9a3f1c2d-2867-49db-a38d-021f70a91dc4/api/vehicle/image/vehicles/b0e792ec-5a5f-4c10-a1e4-93f46f712d2e.jpeg - IP: 192.168.1.121
2025-04-09 11:46:43 [INFO] vehicle - serve_vehicle_image: Serving image from C:\Users\Silver\Desktop\TakaInsure2\uploads\vehicles\9a3f1c2d-2867-49db-a38d-021f70a91dc4/api/vehicle/image/vehicles/b0e792ec-5a5f-4c10-a1e4-93f46f712d2e.jpeg
2025-04-09 11:46:43 [WARNING] vehicle - serve_vehicle_image: Image file not found: C:\Users\Silver\Desktop\TakaInsure2\uploads\vehicles\9a3f1c2d-2867-49db-a38d-021f70a91dc4/api/vehicle/image/vehicles\b0e792ec-5a5f-4c10-a1e4-93f46f712d2e.jpeg
2025-04-09 11:46:43 [INFO] __init__ - after_request: Request completed: GET /api/vehicle/image/9a3f1c2d-2867-49db-a38d-021f70a91dc4/api/vehicle/image/vehicles/b0e792ec-5a5f-4c10-a1e4-93f46f712d2e.jpeg - Status: 404 - Duration: 22.49ms
2025-04-09 11:46:46 [INFO] __init__ - before_request: Request started: GET /api/vehicle/image/9a3f1c2d-2867-49db-a38d-021f70a91dc4/car - IP: 192.168.1.121
2025-04-09 11:46:46 [INFO] vehicle - serve_vehicle_image: Serving image from C:\Users\Silver\Desktop\TakaInsure2\uploads\vehicles\9a3f1c2d-2867-49db-a38d-021f70a91dc4/car
2025-04-09 11:46:46 [WARNING] vehicle - serve_vehicle_image: Image file not found: C:\Users\Silver\Desktop\TakaInsure2\uploads\vehicles\9a3f1c2d-2867-49db-a38d-021f70a91dc4\car
2025-04-09 11:46:46 [INFO] __init__ - after_request: Request completed: GET /api/vehicle/image/9a3f1c2d-2867-49db-a38d-021f70a91dc4/car - Status: 404 - Duration: 2.02ms
2025-04-09 11:47:00 [INFO] __init__ - before_request: Request started: GET /api/vehicle/image/9a3f1c2d-2867-49db-a38d-021f70a91dc4/car - IP: 192.168.1.107
2025-04-09 11:47:00 [INFO] vehicle - serve_vehicle_image: Serving image from C:\Users\Silver\Desktop\TakaInsure2\uploads\vehicles\9a3f1c2d-2867-49db-a38d-021f70a91dc4/car
2025-04-09 11:47:00 [WARNING] vehicle - serve_vehicle_image: Image file not found: C:\Users\Silver\Desktop\TakaInsure2\uploads\vehicles\9a3f1c2d-2867-49db-a38d-021f70a91dc4\car
2025-04-09 11:47:00 [INFO] __init__ - after_request: Request completed: GET /api/vehicle/image/9a3f1c2d-2867-49db-a38d-021f70a91dc4/car - Status: 404 - Duration: 2.99ms
2025-04-09 11:47:00 [ERROR] _internal - _log: 192.168.1.107 - - [09/Apr/2025 11:47:00] code 400, message Bad request version ('\x13\x01\x13\x03\x13\x02À+À/Ì©Ì¨À,À0À\x13À\x14\x00\x9c\x00\x9d\x00/\x005\x01\x00\x06Ü\x00\x17\x00\x00ÿ\x01\x00\x01\x00\x00')
2025-04-09 11:47:00 [ERROR] _internal - _log: 192.168.1.107 - - [09/Apr/2025 11:47:00] code 400, message Bad request version ('\x00\x17\x00\x00ÿ\x01\x00\x01\x00\x00')
2025-04-09 11:47:47 [INFO] __init__ - before_request: Request started: GET /api/vehicle/image/9a3f1c2d-2867-49db-a38d-021f70a91dc4/car - IP: 192.168.1.121
2025-04-09 11:47:47 [INFO] vehicle - serve_vehicle_image: Serving image from C:\Users\Silver\Desktop\TakaInsure2\uploads\vehicles\9a3f1c2d-2867-49db-a38d-021f70a91dc4/car
2025-04-09 11:47:47 [WARNING] vehicle - serve_vehicle_image: Image file not found: C:\Users\Silver\Desktop\TakaInsure2\uploads\vehicles\9a3f1c2d-2867-49db-a38d-021f70a91dc4\car
2025-04-09 11:47:47 [INFO] __init__ - after_request: Request completed: GET /api/vehicle/image/9a3f1c2d-2867-49db-a38d-021f70a91dc4/car - Status: 404 - Duration: 4.08ms
2025-04-09 11:48:31 [INFO] __init__ - before_request: Request started: GET /api/vehicle/image/9a3f1c2d-2867-49db-a38d-021f70a91dc4/car - IP: 192.168.1.121
2025-04-09 11:48:31 [INFO] vehicle - serve_vehicle_image: Serving image from C:\Users\Silver\Desktop\TakaInsure2\uploads\vehicles\9a3f1c2d-2867-49db-a38d-021f70a91dc4/car
2025-04-09 11:48:31 [WARNING] vehicle - serve_vehicle_image: Image file not found: C:\Users\Silver\Desktop\TakaInsure2\uploads\vehicles\9a3f1c2d-2867-49db-a38d-021f70a91dc4\car
2025-04-09 11:48:31 [INFO] __init__ - after_request: Request completed: GET /api/vehicle/image/9a3f1c2d-2867-49db-a38d-021f70a91dc4/car - Status: 404 - Duration: 1.25ms
2025-04-09 11:49:33 [INFO] __init__ - before_request: Request started: GET /api/vehicle/image/b0e792ec-5a5f-4c10-a1e4-93f46f712d2e/car - IP: 192.168.1.107
2025-04-09 11:49:33 [INFO] vehicle - serve_vehicle_image: Serving image from C:\Users\Silver\Desktop\TakaInsure2\uploads\vehicles\b0e792ec-5a5f-4c10-a1e4-93f46f712d2e/car
2025-04-09 11:49:33 [WARNING] vehicle - serve_vehicle_image: Image file not found: C:\Users\Silver\Desktop\TakaInsure2\uploads\vehicles\b0e792ec-5a5f-4c10-a1e4-93f46f712d2e\car
2025-04-09 11:49:33 [INFO] __init__ - after_request: Request completed: GET /api/vehicle/image/b0e792ec-5a5f-4c10-a1e4-93f46f712d2e/car - Status: 404 - Duration: 5.0ms
2025-04-09 11:49:33 [ERROR] _internal - _log: 192.168.1.107 - - [09/Apr/2025 11:49:33] code 400, message Bad request version ('\x92å\x819K&ô\xad')
2025-04-09 11:49:33 [ERROR] _internal - _log: 192.168.1.107 - - [09/Apr/2025 11:49:33] code 400, message Bad request version ('\x00\x17\x00\x00ÿ\x01\x00\x01\x00\x00')
2025-04-09 11:52:49 [INFO] __init__ - before_request: Request started: POST /api/car-recognition/detect - IP: 192.168.1.121
2025-04-09 11:52:49 [INFO] __init__ - before_request: Files included in request: ['file']
2025-04-09 11:52:49 [INFO] car_recognition - detect_car: Processing image of size 720x540
2025-04-09 11:52:49 [INFO] car_recognition - detect_car: YOLO detection took 0.6302 seconds
2025-04-09 11:52:49 [INFO] car_recognition - detect_car: Car classification took 0.0133 seconds
2025-04-09 11:52:49 [INFO] __init__ - after_request: Request completed: POST /api/car-recognition/detect - Status: 200 - Duration: 738.86ms
2025-04-09 11:55:14 [INFO] __init__ - before_request: Request started: POST /api/car-recognition/detect - IP: 192.168.1.121
2025-04-09 11:55:14 [INFO] __init__ - before_request: Files included in request: ['file']
2025-04-09 11:55:14 [INFO] car_recognition - detect_car: Processing image of size 720x540
2025-04-09 11:55:14 [INFO] car_recognition - detect_car: YOLO detection took 0.6765 seconds
2025-04-09 11:55:14 [INFO] car_recognition - detect_car: Car classification took 0.0126 seconds
2025-04-09 11:55:14 [INFO] __init__ - after_request: Request completed: POST /api/car-recognition/detect - Status: 200 - Duration: 795.18ms
2025-04-09 11:55:31 [INFO] __init__ - before_request: Request started: POST /api/vehicle/upload - IP: 192.168.1.121
2025-04-09 11:55:31 [DEBUG] __init__ - before_request: Form data: {'folder': 'vehicles', 'image_type': 'car', 'image_id': '79f7942e-2cf0-4822-ac56-bd08e6167fce'}
2025-04-09 11:55:31 [INFO] __init__ - before_request: Files included in request: ['file']
2025-04-09 11:55:31 [INFO] vehicle - upload_vehicle_image: Saved car image: C:\Users\Silver\Desktop\TakaInsure2\uploads\vehicles\vehicles\79f7942e-2cf0-4822-ac56-bd08e6167fce.jpeg
2025-04-09 11:55:31 [INFO] image_processing - process_car_image: Processing car image: C:\Users\Silver\Desktop\TakaInsure2\uploads\vehicles\vehicles\79f7942e-2cf0-4822-ac56-bd08e6167fce.jpeg
2025-04-09 11:55:32 [INFO] vehicle - upload_vehicle_image: Car image processed: {'make': 'Toyota', 'model': 'Corolla', 'confidence': 0.9375646}
2025-04-09 11:55:32 [INFO] __init__ - after_request: Request completed: POST /api/vehicle/upload - Status: 200 - Duration: 1114.14ms
2025-04-09 11:55:34 [INFO] __init__ - before_request: Request started: GET /api/vehicle/image/vehicles/79f7942e-2cf0-4822-ac56-bd08e6167fce.jpeg - IP: 192.168.1.121
2025-04-09 11:55:34 [INFO] vehicle - serve_vehicle_image: Serving image from C:\Users\Silver\Desktop\TakaInsure2\uploads\vehicles\vehicles/79f7942e-2cf0-4822-ac56-bd08e6167fce.jpeg
2025-04-09 11:55:34 [INFO] __init__ - after_request: Request completed: GET /api/vehicle/image/vehicles/79f7942e-2cf0-4822-ac56-bd08e6167fce.jpeg - Status: 200 - Duration: 132.81ms
2025-04-09 12:14:12 [INFO] supabase_service - get_supabase_client: Creating Supabase client
2025-04-09 12:14:12 [DEBUG] _config - load_ssl_context: load_ssl_context verify=True cert=None trust_env=True http2=False
2025-04-09 12:14:12 [DEBUG] _config - load_ssl_context_verify: load_verify_locations cafile='C:\\Users\\Silver\\AppData\\Local\\anaconda3\\Library\\ssl\\cacert.pem'
2025-04-09 12:14:15 [DEBUG] tpu_cluster_resolver - <module>: Falling back to TensorFlow client; we recommended you install the Cloud TPU client directly with pip install cloud-tpu-client.
2025-04-09 12:14:16 [DEBUG] __init__ - <module>: Creating converter from 7 to 5
2025-04-09 12:14:16 [DEBUG] __init__ - <module>: Creating converter from 5 to 7
2025-04-09 12:14:16 [DEBUG] __init__ - <module>: Creating converter from 7 to 5
2025-04-09 12:14:16 [DEBUG] __init__ - <module>: Creating converter from 5 to 7
2025-04-09 12:14:17 [INFO] utils - _init_num_threads: NumExpr defaulting to 4 threads.
2025-04-09 12:14:18 [DEBUG] __init__ - wrapper: matplotlib data path: C:\Users\Silver\AppData\Local\anaconda3\Lib\site-packages\matplotlib\mpl-data
2025-04-09 12:14:18 [DEBUG] __init__ - wrapper: CONFIGDIR=C:\Users\Silver\.matplotlib
2025-04-09 12:14:18 [DEBUG] __init__ - <module>: interactive is False
2025-04-09 12:14:18 [DEBUG] __init__ - <module>: platform is win32
2025-04-09 12:14:18 [DEBUG] __init__ - wrapper: CACHEDIR=C:\Users\Silver\.matplotlib
2025-04-09 12:14:18 [DEBUG] font_manager - _load_fontmanager: Using fontManager instance from C:\Users\Silver\.matplotlib\fontlist-v390.json
2025-04-09 12:14:20 [INFO] car_damage - __init__: Loaded car damage detection model from best.onnx
2025-04-09 12:14:20 [INFO] car_damage - <module>: Car damage detection model initialized successfully
2025-04-09 12:14:21 [WARNING] module_wrapper - _tfmw_add_deprecation_warning: From C:\Users\Silver\Desktop\TakaInsure2\app\blueprints\car_recognition.py:39: The name tf.GraphDef is deprecated. Please use tf.compat.v1.GraphDef instead.

2025-04-09 12:14:21 [INFO] car_recognition - <module>: Car make/model classifier initialized successfully
2025-04-09 12:14:21 [INFO] car_recognition - <module>: COCO labels loaded successfully
2025-04-09 12:14:21 [INFO] car_recognition - <module>: Loading YOLO model from disk...
2025-04-09 12:14:21 [INFO] car_recognition - <module>: YOLO model loaded with CUDA support
2025-04-09 12:14:21 [INFO] image_processing - <module>: Car make classifier initialized successfully
2025-04-09 12:14:22 [INFO] image_processing - initialize_yolo: YOLO model initialized successfully
2025-04-09 12:14:22 [INFO] __init__ - create_app: Application initialized successfully
2025-04-09 12:14:22 [INFO] app - <module>: Starting application on port 5000 with debug=True
2025-04-09 12:14:22 [WARNING] _internal - _log:  * Debugger is active!
2025-04-09 12:34:12 [INFO] supabase_service - get_supabase_client: Creating Supabase client
2025-04-09 12:34:12 [DEBUG] _config - load_ssl_context: load_ssl_context verify=True cert=None trust_env=True http2=False
2025-04-09 12:34:12 [DEBUG] _config - load_ssl_context_verify: load_verify_locations cafile='C:\\Users\\Silver\\AppData\\Local\\anaconda3\\Library\\ssl\\cacert.pem'
2025-04-09 12:34:15 [DEBUG] tpu_cluster_resolver - <module>: Falling back to TensorFlow client; we recommended you install the Cloud TPU client directly with pip install cloud-tpu-client.
2025-04-09 12:34:15 [DEBUG] __init__ - <module>: Creating converter from 7 to 5
2025-04-09 12:34:15 [DEBUG] __init__ - <module>: Creating converter from 5 to 7
2025-04-09 12:34:15 [DEBUG] __init__ - <module>: Creating converter from 7 to 5
2025-04-09 12:34:15 [DEBUG] __init__ - <module>: Creating converter from 5 to 7
2025-04-09 12:34:17 [INFO] utils - _init_num_threads: NumExpr defaulting to 4 threads.
2025-04-09 12:34:18 [DEBUG] __init__ - wrapper: matplotlib data path: C:\Users\Silver\AppData\Local\anaconda3\Lib\site-packages\matplotlib\mpl-data
2025-04-09 12:34:18 [DEBUG] __init__ - wrapper: CONFIGDIR=C:\Users\Silver\.matplotlib
2025-04-09 12:34:18 [DEBUG] __init__ - <module>: interactive is False
2025-04-09 12:34:18 [DEBUG] __init__ - <module>: platform is win32
2025-04-09 12:34:18 [DEBUG] __init__ - wrapper: CACHEDIR=C:\Users\Silver\.matplotlib
2025-04-09 12:34:18 [DEBUG] font_manager - _load_fontmanager: Using fontManager instance from C:\Users\Silver\.matplotlib\fontlist-v390.json
2025-04-09 12:34:20 [INFO] car_damage - __init__: Loaded car damage detection model from best.onnx
2025-04-09 12:34:20 [INFO] car_damage - <module>: Car damage detection model initialized successfully
2025-04-09 12:34:21 [WARNING] module_wrapper - _tfmw_add_deprecation_warning: From C:\Users\Silver\Desktop\TakaInsure2\app\blueprints\car_recognition.py:39: The name tf.GraphDef is deprecated. Please use tf.compat.v1.GraphDef instead.

2025-04-09 12:34:21 [INFO] car_recognition - <module>: Car make/model classifier initialized successfully
2025-04-09 12:34:21 [INFO] car_recognition - <module>: COCO labels loaded successfully
2025-04-09 12:34:21 [INFO] car_recognition - <module>: Loading YOLO model from disk...
2025-04-09 12:34:21 [INFO] car_recognition - <module>: YOLO model loaded with CUDA support
2025-04-09 12:34:21 [INFO] image_processing - <module>: Car make classifier initialized successfully
2025-04-09 12:34:21 [INFO] image_processing - initialize_yolo: YOLO model initialized successfully
2025-04-09 12:34:22 [INFO] __init__ - create_app: Application initialized successfully
2025-04-09 12:34:22 [INFO] app - <module>: Starting application on port 5000 with debug=True
2025-04-09 12:34:22 [WARNING] _internal - _log:  * Debugger is active!
2025-04-09 13:14:12 [INFO] supabase_service - get_supabase_client: Creating Supabase client
2025-04-09 13:14:12 [DEBUG] _config - load_ssl_context: load_ssl_context verify=True cert=None trust_env=True http2=False
2025-04-09 13:14:12 [DEBUG] _config - load_ssl_context_verify: load_verify_locations cafile='C:\\Users\\Silver\\AppData\\Local\\anaconda3\\Library\\ssl\\cacert.pem'
2025-04-09 13:14:15 [DEBUG] tpu_cluster_resolver - <module>: Falling back to TensorFlow client; we recommended you install the Cloud TPU client directly with pip install cloud-tpu-client.
2025-04-09 13:14:16 [DEBUG] __init__ - <module>: Creating converter from 7 to 5
2025-04-09 13:14:16 [DEBUG] __init__ - <module>: Creating converter from 5 to 7
2025-04-09 13:14:16 [DEBUG] __init__ - <module>: Creating converter from 7 to 5
2025-04-09 13:14:16 [DEBUG] __init__ - <module>: Creating converter from 5 to 7
2025-04-09 13:14:18 [INFO] utils - _init_num_threads: NumExpr defaulting to 4 threads.
2025-04-09 13:14:18 [DEBUG] __init__ - wrapper: matplotlib data path: C:\Users\Silver\AppData\Local\anaconda3\Lib\site-packages\matplotlib\mpl-data
2025-04-09 13:14:18 [DEBUG] __init__ - wrapper: CONFIGDIR=C:\Users\Silver\.matplotlib
2025-04-09 13:14:18 [DEBUG] __init__ - <module>: interactive is False
2025-04-09 13:14:18 [DEBUG] __init__ - <module>: platform is win32
2025-04-09 13:14:18 [DEBUG] __init__ - wrapper: CACHEDIR=C:\Users\Silver\.matplotlib
2025-04-09 13:14:18 [DEBUG] font_manager - _load_fontmanager: Using fontManager instance from C:\Users\Silver\.matplotlib\fontlist-v390.json
2025-04-09 13:14:20 [INFO] car_damage - __init__: Loaded car damage detection model from best.onnx
2025-04-09 13:14:20 [INFO] car_damage - <module>: Car damage detection model initialized successfully
2025-04-09 13:14:21 [WARNING] module_wrapper - _tfmw_add_deprecation_warning: From C:\Users\Silver\Desktop\TakaInsure2\app\blueprints\car_recognition.py:39: The name tf.GraphDef is deprecated. Please use tf.compat.v1.GraphDef instead.

2025-04-09 13:14:21 [INFO] car_recognition - <module>: Car make/model classifier initialized successfully
2025-04-09 13:14:21 [INFO] car_recognition - <module>: COCO labels loaded successfully
2025-04-09 13:14:21 [INFO] car_recognition - <module>: Loading YOLO model from disk...
2025-04-09 13:14:22 [INFO] car_recognition - <module>: YOLO model loaded with CUDA support
2025-04-09 13:14:22 [INFO] image_processing - <module>: Car make classifier initialized successfully
2025-04-09 13:14:22 [INFO] image_processing - initialize_yolo: YOLO model initialized successfully
2025-04-09 13:14:22 [INFO] __init__ - create_app: Application initialized successfully
2025-04-09 13:14:22 [INFO] app - <module>: Starting application on port 5000 with debug=True
2025-04-09 13:14:22 [WARNING] _internal - _log:  * Debugger is active!
2025-04-09 13:34:14 [INFO] supabase_service - get_supabase_client: Creating Supabase client
2025-04-09 13:34:14 [DEBUG] _config - load_ssl_context: load_ssl_context verify=True cert=None trust_env=True http2=False
2025-04-09 13:34:14 [DEBUG] _config - load_ssl_context_verify: load_verify_locations cafile='C:\\Users\\Silver\\AppData\\Local\\anaconda3\\Library\\ssl\\cacert.pem'
2025-04-09 13:34:18 [DEBUG] tpu_cluster_resolver - <module>: Falling back to TensorFlow client; we recommended you install the Cloud TPU client directly with pip install cloud-tpu-client.
2025-04-09 13:34:18 [DEBUG] __init__ - <module>: Creating converter from 7 to 5
2025-04-09 13:34:18 [DEBUG] __init__ - <module>: Creating converter from 5 to 7
2025-04-09 13:34:18 [DEBUG] __init__ - <module>: Creating converter from 7 to 5
2025-04-09 13:34:18 [DEBUG] __init__ - <module>: Creating converter from 5 to 7
2025-04-09 13:34:21 [INFO] utils - _init_num_threads: NumExpr defaulting to 4 threads.
2025-04-09 13:34:21 [DEBUG] __init__ - wrapper: matplotlib data path: C:\Users\Silver\AppData\Local\anaconda3\Lib\site-packages\matplotlib\mpl-data
2025-04-09 13:34:21 [DEBUG] __init__ - wrapper: CONFIGDIR=C:\Users\Silver\.matplotlib
2025-04-09 13:34:21 [DEBUG] __init__ - <module>: interactive is False
2025-04-09 13:34:21 [DEBUG] __init__ - <module>: platform is win32
2025-04-09 13:34:21 [DEBUG] __init__ - wrapper: CACHEDIR=C:\Users\Silver\.matplotlib
2025-04-09 13:34:21 [DEBUG] font_manager - _load_fontmanager: Using fontManager instance from C:\Users\Silver\.matplotlib\fontlist-v390.json
2025-04-09 13:34:24 [INFO] car_damage - __init__: Loaded car damage detection model from best.onnx
2025-04-09 13:34:24 [INFO] car_damage - <module>: Car damage detection model initialized successfully
2025-04-09 13:34:25 [WARNING] module_wrapper - _tfmw_add_deprecation_warning: From C:\Users\Silver\Desktop\TakaInsure2\app\blueprints\car_recognition.py:39: The name tf.GraphDef is deprecated. Please use tf.compat.v1.GraphDef instead.

2025-04-09 13:34:25 [INFO] car_recognition - <module>: Car make/model classifier initialized successfully
2025-04-09 13:34:25 [INFO] car_recognition - <module>: COCO labels loaded successfully
2025-04-09 13:34:25 [INFO] car_recognition - <module>: Loading YOLO model from disk...
2025-04-09 13:34:25 [INFO] car_recognition - <module>: YOLO model loaded with CUDA support
2025-04-09 13:34:26 [INFO] image_processing - <module>: Car make classifier initialized successfully
2025-04-09 13:34:26 [INFO] image_processing - initialize_yolo: YOLO model initialized successfully
2025-04-09 13:34:26 [INFO] __init__ - create_app: Application initialized successfully
2025-04-09 13:34:26 [INFO] app - <module>: Starting application on port 5000 with debug=True
2025-04-09 13:34:26 [WARNING] _internal - _log:  * Debugger is active!
2025-04-09 13:43:22 [INFO] supabase_service - get_supabase_client: Creating Supabase client
2025-04-09 13:43:22 [DEBUG] _config - load_ssl_context: load_ssl_context verify=True cert=None trust_env=True http2=False
2025-04-09 13:43:22 [DEBUG] _config - load_ssl_context_verify: load_verify_locations cafile='C:\\Users\\Silver\\AppData\\Local\\anaconda3\\Library\\ssl\\cacert.pem'
2025-04-09 13:43:28 [DEBUG] tpu_cluster_resolver - <module>: Falling back to TensorFlow client; we recommended you install the Cloud TPU client directly with pip install cloud-tpu-client.
2025-04-09 13:43:29 [DEBUG] __init__ - <module>: Creating converter from 7 to 5
2025-04-09 13:43:29 [DEBUG] __init__ - <module>: Creating converter from 5 to 7
2025-04-09 13:43:29 [DEBUG] __init__ - <module>: Creating converter from 7 to 5
2025-04-09 13:43:29 [DEBUG] __init__ - <module>: Creating converter from 5 to 7
2025-04-09 13:43:31 [INFO] utils - _init_num_threads: NumExpr defaulting to 4 threads.
2025-04-09 13:43:32 [DEBUG] __init__ - wrapper: matplotlib data path: C:\Users\Silver\AppData\Local\anaconda3\Lib\site-packages\matplotlib\mpl-data
2025-04-09 13:43:32 [DEBUG] __init__ - wrapper: CONFIGDIR=C:\Users\Silver\.matplotlib
2025-04-09 13:43:32 [DEBUG] __init__ - <module>: interactive is False
2025-04-09 13:43:32 [DEBUG] __init__ - <module>: platform is win32
2025-04-09 13:43:32 [DEBUG] __init__ - wrapper: CACHEDIR=C:\Users\Silver\.matplotlib
2025-04-09 13:43:32 [DEBUG] font_manager - _load_fontmanager: Using fontManager instance from C:\Users\Silver\.matplotlib\fontlist-v390.json
2025-04-09 13:43:34 [INFO] car_damage - __init__: Loaded car damage detection model from best.onnx
2025-04-09 13:43:34 [INFO] car_damage - <module>: Car damage detection model initialized successfully
2025-04-09 13:43:35 [WARNING] module_wrapper - _tfmw_add_deprecation_warning: From C:\Users\Silver\Desktop\TakaInsure2\app\blueprints\car_recognition.py:39: The name tf.GraphDef is deprecated. Please use tf.compat.v1.GraphDef instead.

2025-04-09 13:43:36 [INFO] car_recognition - <module>: Car make/model classifier initialized successfully
2025-04-09 13:43:36 [INFO] car_recognition - <module>: COCO labels loaded successfully
2025-04-09 13:43:36 [INFO] car_recognition - <module>: Loading YOLO model from disk...
2025-04-09 13:43:36 [INFO] car_recognition - <module>: YOLO model loaded with CUDA support
2025-04-09 13:43:36 [INFO] image_processing - <module>: Car make classifier initialized successfully
2025-04-09 13:43:37 [INFO] image_processing - initialize_yolo: YOLO model initialized successfully
2025-04-09 13:43:37 [INFO] __init__ - create_app: Application initialized successfully
2025-04-09 13:43:37 [INFO] app - <module>: Starting application on port 5000 with debug=True
2025-04-09 13:43:37 [WARNING] _internal - _log:  * Debugger is active!
2025-04-09 13:48:05 [INFO] supabase_service - get_supabase_client: Creating Supabase client
2025-04-09 13:48:05 [DEBUG] _config - load_ssl_context: load_ssl_context verify=True cert=None trust_env=True http2=False
2025-04-09 13:48:05 [DEBUG] _config - load_ssl_context_verify: load_verify_locations cafile='C:\\Users\\Silver\\AppData\\Local\\anaconda3\\Library\\ssl\\cacert.pem'
2025-04-09 13:48:10 [DEBUG] tpu_cluster_resolver - <module>: Falling back to TensorFlow client; we recommended you install the Cloud TPU client directly with pip install cloud-tpu-client.
2025-04-09 13:48:11 [DEBUG] __init__ - <module>: Creating converter from 7 to 5
2025-04-09 13:48:11 [DEBUG] __init__ - <module>: Creating converter from 5 to 7
2025-04-09 13:48:11 [DEBUG] __init__ - <module>: Creating converter from 7 to 5
2025-04-09 13:48:11 [DEBUG] __init__ - <module>: Creating converter from 5 to 7
2025-04-09 13:48:14 [INFO] utils - _init_num_threads: NumExpr defaulting to 4 threads.
2025-04-09 13:48:15 [DEBUG] __init__ - wrapper: matplotlib data path: C:\Users\Silver\AppData\Local\anaconda3\Lib\site-packages\matplotlib\mpl-data
2025-04-09 13:48:15 [DEBUG] __init__ - wrapper: CONFIGDIR=C:\Users\Silver\.matplotlib
2025-04-09 13:48:15 [DEBUG] __init__ - <module>: interactive is False
2025-04-09 13:48:15 [DEBUG] __init__ - <module>: platform is win32
2025-04-09 13:48:15 [DEBUG] __init__ - wrapper: CACHEDIR=C:\Users\Silver\.matplotlib
2025-04-09 13:48:15 [DEBUG] font_manager - _load_fontmanager: Using fontManager instance from C:\Users\Silver\.matplotlib\fontlist-v390.json
2025-04-09 13:48:17 [INFO] car_damage - __init__: Loaded car damage detection model from best.onnx
2025-04-09 13:48:17 [INFO] car_damage - <module>: Car damage detection model initialized successfully
2025-04-09 13:48:19 [WARNING] module_wrapper - _tfmw_add_deprecation_warning: From C:\Users\Silver\Desktop\TakaInsure2\app\blueprints\car_recognition.py:39: The name tf.GraphDef is deprecated. Please use tf.compat.v1.GraphDef instead.

2025-04-09 13:48:19 [INFO] car_recognition - <module>: Car make/model classifier initialized successfully
2025-04-09 13:48:19 [INFO] car_recognition - <module>: COCO labels loaded successfully
2025-04-09 13:48:19 [INFO] car_recognition - <module>: Loading YOLO model from disk...
2025-04-09 13:48:19 [INFO] car_recognition - <module>: YOLO model loaded with CUDA support
2025-04-09 13:48:19 [INFO] image_processing - <module>: Car make classifier initialized successfully
2025-04-09 13:48:19 [INFO] image_processing - initialize_yolo: YOLO model initialized successfully
2025-04-09 13:48:19 [INFO] __init__ - create_app: Application initialized successfully
2025-04-09 13:48:19 [INFO] app - <module>: Starting application on port 5000 with debug=True
2025-04-09 13:48:20 [WARNING] _internal - _log:  * Debugger is active!
2025-04-09 14:14:16 [INFO] supabase_service - get_supabase_client: Creating Supabase client
2025-04-09 14:14:16 [DEBUG] _config - load_ssl_context: load_ssl_context verify=True cert=None trust_env=True http2=False
2025-04-09 14:14:16 [DEBUG] _config - load_ssl_context_verify: load_verify_locations cafile='C:\\Users\\Silver\\AppData\\Local\\anaconda3\\Library\\ssl\\cacert.pem'
2025-04-09 14:14:20 [DEBUG] tpu_cluster_resolver - <module>: Falling back to TensorFlow client; we recommended you install the Cloud TPU client directly with pip install cloud-tpu-client.
2025-04-09 14:14:21 [DEBUG] __init__ - <module>: Creating converter from 7 to 5
2025-04-09 14:14:21 [DEBUG] __init__ - <module>: Creating converter from 5 to 7
2025-04-09 14:14:21 [DEBUG] __init__ - <module>: Creating converter from 7 to 5
2025-04-09 14:14:21 [DEBUG] __init__ - <module>: Creating converter from 5 to 7
2025-04-09 14:14:23 [INFO] utils - _init_num_threads: NumExpr defaulting to 4 threads.
2025-04-09 14:14:24 [DEBUG] __init__ - wrapper: matplotlib data path: C:\Users\Silver\AppData\Local\anaconda3\Lib\site-packages\matplotlib\mpl-data
2025-04-09 14:14:24 [DEBUG] __init__ - wrapper: CONFIGDIR=C:\Users\Silver\.matplotlib
2025-04-09 14:14:24 [DEBUG] __init__ - <module>: interactive is False
2025-04-09 14:14:24 [DEBUG] __init__ - <module>: platform is win32
2025-04-09 14:14:24 [DEBUG] __init__ - wrapper: CACHEDIR=C:\Users\Silver\.matplotlib
2025-04-09 14:14:24 [DEBUG] font_manager - _load_fontmanager: Using fontManager instance from C:\Users\Silver\.matplotlib\fontlist-v390.json
2025-04-09 14:14:26 [INFO] car_damage - __init__: Loaded car damage detection model from best.onnx
2025-04-09 14:14:26 [INFO] car_damage - <module>: Car damage detection model initialized successfully
2025-04-09 14:14:27 [WARNING] module_wrapper - _tfmw_add_deprecation_warning: From C:\Users\Silver\Desktop\TakaInsure2\app\blueprints\car_recognition.py:39: The name tf.GraphDef is deprecated. Please use tf.compat.v1.GraphDef instead.

2025-04-09 14:14:27 [INFO] car_recognition - <module>: Car make/model classifier initialized successfully
2025-04-09 14:14:27 [INFO] car_recognition - <module>: COCO labels loaded successfully
2025-04-09 14:14:27 [INFO] car_recognition - <module>: Loading YOLO model from disk...
2025-04-09 14:14:27 [INFO] car_recognition - <module>: YOLO model loaded with CUDA support
2025-04-09 14:14:28 [INFO] image_processing - <module>: Car make classifier initialized successfully
2025-04-09 14:14:28 [INFO] image_processing - initialize_yolo: YOLO model initialized successfully
2025-04-09 14:14:28 [INFO] __init__ - create_app: Application initialized successfully
2025-04-09 14:14:28 [INFO] app - <module>: Starting application on port 5000 with debug=True
2025-04-09 14:14:28 [WARNING] _internal - _log:  * Debugger is active!
2025-04-09 14:15:07 [INFO] supabase_service - get_supabase_client: Creating Supabase client
2025-04-09 14:15:07 [DEBUG] _config - load_ssl_context: load_ssl_context verify=True cert=None trust_env=True http2=False
2025-04-09 14:15:07 [DEBUG] _config - load_ssl_context_verify: load_verify_locations cafile='C:\\Users\\Silver\\AppData\\Local\\anaconda3\\Library\\ssl\\cacert.pem'
2025-04-09 14:15:11 [DEBUG] tpu_cluster_resolver - <module>: Falling back to TensorFlow client; we recommended you install the Cloud TPU client directly with pip install cloud-tpu-client.
2025-04-09 14:15:11 [DEBUG] __init__ - <module>: Creating converter from 7 to 5
2025-04-09 14:15:11 [DEBUG] __init__ - <module>: Creating converter from 5 to 7
2025-04-09 14:15:11 [DEBUG] __init__ - <module>: Creating converter from 7 to 5
2025-04-09 14:15:11 [DEBUG] __init__ - <module>: Creating converter from 5 to 7
2025-04-09 14:15:14 [INFO] utils - _init_num_threads: NumExpr defaulting to 4 threads.
2025-04-09 14:15:15 [DEBUG] __init__ - wrapper: matplotlib data path: C:\Users\Silver\AppData\Local\anaconda3\Lib\site-packages\matplotlib\mpl-data
2025-04-09 14:15:15 [DEBUG] __init__ - wrapper: CONFIGDIR=C:\Users\Silver\.matplotlib
2025-04-09 14:15:15 [DEBUG] __init__ - <module>: interactive is False
2025-04-09 14:15:15 [DEBUG] __init__ - <module>: platform is win32
2025-04-09 14:15:15 [DEBUG] __init__ - wrapper: CACHEDIR=C:\Users\Silver\.matplotlib
2025-04-09 14:15:15 [DEBUG] font_manager - _load_fontmanager: Using fontManager instance from C:\Users\Silver\.matplotlib\fontlist-v390.json
2025-04-09 14:15:17 [INFO] car_damage - __init__: Loaded car damage detection model from best.onnx
2025-04-09 14:15:17 [INFO] car_damage - <module>: Car damage detection model initialized successfully
2025-04-09 14:15:21 [WARNING] module_wrapper - _tfmw_add_deprecation_warning: From C:\Users\Silver\Desktop\TakaInsure2\app\blueprints\car_recognition.py:39: The name tf.GraphDef is deprecated. Please use tf.compat.v1.GraphDef instead.

2025-04-09 14:15:21 [INFO] car_recognition - <module>: Car make/model classifier initialized successfully
2025-04-09 14:15:21 [INFO] car_recognition - <module>: COCO labels loaded successfully
2025-04-09 14:15:21 [INFO] car_recognition - <module>: Loading YOLO model from disk...
2025-04-09 14:15:22 [INFO] car_recognition - <module>: YOLO model loaded with CUDA support
2025-04-09 14:15:22 [INFO] image_processing - <module>: Car make classifier initialized successfully
2025-04-09 14:15:23 [INFO] image_processing - initialize_yolo: YOLO model initialized successfully
2025-04-09 14:19:01 [INFO] supabase_service - get_supabase_client: Creating Supabase client
2025-04-09 14:19:01 [DEBUG] _config - load_ssl_context: load_ssl_context verify=True cert=None trust_env=True http2=False
2025-04-09 14:19:01 [DEBUG] _config - load_ssl_context_verify: load_verify_locations cafile='C:\\Users\\Silver\\AppData\\Local\\anaconda3\\Library\\ssl\\cacert.pem'
2025-04-09 14:19:04 [DEBUG] tpu_cluster_resolver - <module>: Falling back to TensorFlow client; we recommended you install the Cloud TPU client directly with pip install cloud-tpu-client.
2025-04-09 14:19:05 [DEBUG] __init__ - <module>: Creating converter from 7 to 5
2025-04-09 14:19:05 [DEBUG] __init__ - <module>: Creating converter from 5 to 7
2025-04-09 14:19:05 [DEBUG] __init__ - <module>: Creating converter from 7 to 5
2025-04-09 14:19:05 [DEBUG] __init__ - <module>: Creating converter from 5 to 7
2025-04-09 14:19:07 [INFO] utils - _init_num_threads: NumExpr defaulting to 4 threads.
2025-04-09 14:19:07 [DEBUG] __init__ - wrapper: matplotlib data path: C:\Users\Silver\AppData\Local\anaconda3\Lib\site-packages\matplotlib\mpl-data
2025-04-09 14:19:07 [DEBUG] __init__ - wrapper: CONFIGDIR=C:\Users\Silver\.matplotlib
2025-04-09 14:19:07 [DEBUG] __init__ - <module>: interactive is False
2025-04-09 14:19:07 [DEBUG] __init__ - <module>: platform is win32
2025-04-09 14:19:07 [DEBUG] __init__ - wrapper: CACHEDIR=C:\Users\Silver\.matplotlib
2025-04-09 14:19:07 [DEBUG] font_manager - _load_fontmanager: Using fontManager instance from C:\Users\Silver\.matplotlib\fontlist-v390.json
2025-04-09 14:19:09 [INFO] car_damage - __init__: Loaded car damage detection model from best.onnx
2025-04-09 14:19:09 [INFO] car_damage - <module>: Car damage detection model initialized successfully
2025-04-09 14:19:10 [WARNING] module_wrapper - _tfmw_add_deprecation_warning: From C:\Users\Silver\Desktop\TakaInsure2\app\blueprints\car_recognition.py:39: The name tf.GraphDef is deprecated. Please use tf.compat.v1.GraphDef instead.

2025-04-09 14:19:10 [INFO] car_recognition - <module>: Car make/model classifier initialized successfully
2025-04-09 14:19:10 [INFO] car_recognition - <module>: COCO labels loaded successfully
2025-04-09 14:19:10 [INFO] car_recognition - <module>: Loading YOLO model from disk...
2025-04-09 14:19:11 [INFO] car_recognition - <module>: YOLO model loaded with CUDA support
2025-04-09 14:19:11 [INFO] image_processing - <module>: Car make classifier initialized successfully
2025-04-09 14:19:11 [INFO] image_processing - initialize_yolo: YOLO model initialized successfully
2025-04-09 14:19:11 [INFO] __init__ - create_app: Created directory: C:\Users\Silver\Desktop\uploads
2025-04-09 14:19:11 [INFO] __init__ - create_app: Created directory: C:\Users\Silver\Desktop\uploads\vehicles
2025-04-09 14:19:11 [INFO] __init__ - create_app: Created directory: C:\Users\Silver\Desktop\uploads\claims
2025-04-09 14:19:11 [INFO] __init__ - create_app: Created directory: C:\Users\Silver\Desktop\uploads\profiles
2025-04-09 14:19:11 [INFO] __init__ - create_app: Created directory: C:\Users\Silver\Desktop\temp
2025-04-09 14:19:11 [INFO] __init__ - create_app: Application initialized successfully
2025-04-09 14:19:11 [INFO] app - <module>: Starting application on port 5000 with debug=True
2025-04-09 14:19:14 [INFO] supabase_service - get_supabase_client: Creating Supabase client
2025-04-09 14:19:14 [DEBUG] _config - load_ssl_context: load_ssl_context verify=True cert=None trust_env=True http2=False
2025-04-09 14:19:14 [DEBUG] _config - load_ssl_context_verify: load_verify_locations cafile='C:\\Users\\Silver\\AppData\\Local\\anaconda3\\Library\\ssl\\cacert.pem'
2025-04-09 14:19:17 [DEBUG] tpu_cluster_resolver - <module>: Falling back to TensorFlow client; we recommended you install the Cloud TPU client directly with pip install cloud-tpu-client.
2025-04-09 14:19:18 [DEBUG] __init__ - <module>: Creating converter from 7 to 5
2025-04-09 14:19:18 [DEBUG] __init__ - <module>: Creating converter from 5 to 7
2025-04-09 14:19:18 [DEBUG] __init__ - <module>: Creating converter from 7 to 5
2025-04-09 14:19:18 [DEBUG] __init__ - <module>: Creating converter from 5 to 7
2025-04-09 14:19:19 [INFO] utils - _init_num_threads: NumExpr defaulting to 4 threads.
2025-04-09 14:19:20 [DEBUG] __init__ - wrapper: matplotlib data path: C:\Users\Silver\AppData\Local\anaconda3\Lib\site-packages\matplotlib\mpl-data
2025-04-09 14:19:20 [DEBUG] __init__ - wrapper: CONFIGDIR=C:\Users\Silver\.matplotlib
2025-04-09 14:19:20 [DEBUG] __init__ - <module>: interactive is False
2025-04-09 14:19:20 [DEBUG] __init__ - <module>: platform is win32
2025-04-09 14:19:20 [DEBUG] __init__ - wrapper: CACHEDIR=C:\Users\Silver\.matplotlib
2025-04-09 14:19:20 [DEBUG] font_manager - _load_fontmanager: Using fontManager instance from C:\Users\Silver\.matplotlib\fontlist-v390.json
2025-04-09 14:19:22 [INFO] car_damage - __init__: Loaded car damage detection model from best.onnx
2025-04-09 14:19:22 [INFO] car_damage - <module>: Car damage detection model initialized successfully
2025-04-09 14:19:23 [WARNING] module_wrapper - _tfmw_add_deprecation_warning: From C:\Users\Silver\Desktop\TakaInsure2\app\blueprints\car_recognition.py:39: The name tf.GraphDef is deprecated. Please use tf.compat.v1.GraphDef instead.

2025-04-09 14:19:23 [INFO] car_recognition - <module>: Car make/model classifier initialized successfully
2025-04-09 14:19:23 [INFO] car_recognition - <module>: COCO labels loaded successfully
2025-04-09 14:19:23 [INFO] car_recognition - <module>: Loading YOLO model from disk...
2025-04-09 14:19:24 [INFO] car_recognition - <module>: YOLO model loaded with CUDA support
2025-04-09 14:19:24 [INFO] image_processing - <module>: Car make classifier initialized successfully
2025-04-09 14:19:24 [INFO] image_processing - initialize_yolo: YOLO model initialized successfully
2025-04-09 14:19:24 [INFO] __init__ - create_app: Application initialized successfully
2025-04-09 14:19:24 [INFO] app - <module>: Starting application on port 5000 with debug=True
2025-04-09 14:19:24 [WARNING] _internal - _log:  * Debugger is active!
2025-04-09 14:20:03 [INFO] __init__ - before_request: Request started: POST /api/car-damage/detection - IP: 192.168.1.121
2025-04-09 14:20:03 [INFO] __init__ - before_request: Files included in request: ['file']
2025-04-09 14:20:03 [DEBUG] TiffImagePlugin - load: tag: ImageWidth (256) - type: long (4) - value: b'\x00\x00\x048'
2025-04-09 14:20:03 [DEBUG] TiffImagePlugin - load: tag: ImageLength (257) - type: long (4) - value: b'\x00\x00\x03*'
2025-04-09 14:20:03 [DEBUG] TiffImagePlugin - load: tag: ExifIFD (34665) - type: long (4) - value: b'\x00\x00\x00>'
2025-04-09 14:20:03 [DEBUG] TiffImagePlugin - load: tag: Orientation (274) - type: long (4) - value: b'\x00\x00\x00\x00'
2025-04-09 14:20:03 [INFO] car_damage - detect_damage: Processing image of shape (810, 1080, 3)
2025-04-09 14:20:03 [INFO] car_damage - detect_damage: Detected 1 damaged parts
2025-04-09 14:20:03 [INFO] __init__ - after_request: Request completed: POST /api/car-damage/detection - Status: 200 - Duration: 457.22ms
2025-04-09 14:24:23 [INFO] __init__ - before_request: Request started: POST /api/claim/upload-image - IP: 192.168.1.121
2025-04-09 14:24:23 [DEBUG] __init__ - before_request: Form data: {'claim_id': 'temp_1744201467144', 'image_index': '0'}
2025-04-09 14:24:23 [INFO] __init__ - before_request: Files included in request: ['file']
2025-04-09 14:24:23 [DEBUG] TiffImagePlugin - load: tag: ImageWidth (256) - type: long (4) - value: b'\x00\x00\x048'
2025-04-09 14:24:23 [DEBUG] TiffImagePlugin - load: tag: ImageLength (257) - type: long (4) - value: b'\x00\x00\x03*'
2025-04-09 14:24:23 [DEBUG] TiffImagePlugin - load: tag: ExifIFD (34665) - type: long (4) - value: b'\x00\x00\x00>'
2025-04-09 14:24:24 [DEBUG] TiffImagePlugin - load: tag: Orientation (274) - type: long (4) - value: b'\x00\x00\x00\x00'
2025-04-09 14:24:24 [INFO] file_upload_service - save_claim_image: Saved image for claim temp_1744201467144: C:\Users\Silver\Desktop\TakaInsure2\uploads\claims\temp_1744201467144\temp_1744201467144_evidence_0.jpeg
2025-04-09 14:24:24 [INFO] __init__ - after_request: Request completed: POST /api/claim/upload-image - Status: 200 - Duration: 75.28ms
2025-04-09 14:34:18 [INFO] supabase_service - get_supabase_client: Creating Supabase client
2025-04-09 14:34:18 [DEBUG] _config - load_ssl_context: load_ssl_context verify=True cert=None trust_env=True http2=False
2025-04-09 14:34:18 [DEBUG] _config - load_ssl_context_verify: load_verify_locations cafile='C:\\Users\\Silver\\AppData\\Local\\anaconda3\\Library\\ssl\\cacert.pem'
2025-04-09 14:34:27 [DEBUG] tpu_cluster_resolver - <module>: Falling back to TensorFlow client; we recommended you install the Cloud TPU client directly with pip install cloud-tpu-client.
2025-04-09 14:34:29 [DEBUG] __init__ - <module>: Creating converter from 7 to 5
2025-04-09 14:34:29 [DEBUG] __init__ - <module>: Creating converter from 5 to 7
2025-04-09 14:34:29 [DEBUG] __init__ - <module>: Creating converter from 7 to 5
2025-04-09 14:34:29 [DEBUG] __init__ - <module>: Creating converter from 5 to 7
2025-04-09 14:34:33 [INFO] utils - _init_num_threads: NumExpr defaulting to 4 threads.
2025-04-09 14:34:34 [DEBUG] __init__ - wrapper: matplotlib data path: C:\Users\Silver\AppData\Local\anaconda3\Lib\site-packages\matplotlib\mpl-data
2025-04-09 14:34:34 [DEBUG] __init__ - wrapper: CONFIGDIR=C:\Users\Silver\.matplotlib
2025-04-09 14:34:34 [DEBUG] __init__ - <module>: interactive is False
2025-04-09 14:34:34 [DEBUG] __init__ - <module>: platform is win32
2025-04-09 14:34:34 [DEBUG] __init__ - wrapper: CACHEDIR=C:\Users\Silver\.matplotlib
2025-04-09 14:34:34 [DEBUG] font_manager - _load_fontmanager: Using fontManager instance from C:\Users\Silver\.matplotlib\fontlist-v390.json
2025-04-09 14:34:39 [INFO] car_damage - __init__: Loaded car damage detection model from best.onnx
2025-04-09 14:34:39 [INFO] car_damage - <module>: Car damage detection model initialized successfully
2025-04-09 14:34:41 [WARNING] module_wrapper - _tfmw_add_deprecation_warning: From C:\Users\Silver\Desktop\TakaInsure2\app\blueprints\car_recognition.py:39: The name tf.GraphDef is deprecated. Please use tf.compat.v1.GraphDef instead.

2025-04-09 14:34:42 [INFO] car_recognition - <module>: Car make/model classifier initialized successfully
2025-04-09 14:34:42 [INFO] car_recognition - <module>: COCO labels loaded successfully
2025-04-09 14:34:42 [INFO] car_recognition - <module>: Loading YOLO model from disk...
2025-04-09 14:34:43 [INFO] car_recognition - <module>: YOLO model loaded with CUDA support
2025-04-09 14:34:43 [INFO] image_processing - <module>: Car make classifier initialized successfully
2025-04-09 14:34:44 [INFO] image_processing - initialize_yolo: YOLO model initialized successfully
2025-04-09 14:34:44 [INFO] __init__ - create_app: Application initialized successfully
2025-04-09 14:34:44 [INFO] app - <module>: Starting application on port 5000 with debug=True
2025-04-09 14:34:44 [WARNING] _internal - _log:  * Debugger is active!
2025-04-09 14:58:40 [INFO] supabase_service - get_supabase_client: Creating Supabase client
2025-04-09 14:58:40 [DEBUG] _config - load_ssl_context: load_ssl_context verify=True cert=None trust_env=True http2=False
2025-04-09 14:58:40 [DEBUG] _config - load_ssl_context_verify: load_verify_locations cafile='C:\\Users\\Silver\\AppData\\Local\\anaconda3\\Library\\ssl\\cacert.pem'
2025-04-09 14:58:50 [DEBUG] tpu_cluster_resolver - <module>: Falling back to TensorFlow client; we recommended you install the Cloud TPU client directly with pip install cloud-tpu-client.
2025-04-09 14:58:51 [DEBUG] __init__ - <module>: Creating converter from 7 to 5
2025-04-09 14:58:51 [DEBUG] __init__ - <module>: Creating converter from 5 to 7
2025-04-09 14:58:51 [DEBUG] __init__ - <module>: Creating converter from 7 to 5
2025-04-09 14:58:51 [DEBUG] __init__ - <module>: Creating converter from 5 to 7
2025-04-09 14:58:57 [INFO] utils - _init_num_threads: NumExpr defaulting to 4 threads.
2025-04-09 14:58:58 [DEBUG] __init__ - wrapper: matplotlib data path: C:\Users\Silver\AppData\Local\anaconda3\Lib\site-packages\matplotlib\mpl-data
2025-04-09 14:58:58 [DEBUG] __init__ - wrapper: CONFIGDIR=C:\Users\Silver\.matplotlib
2025-04-09 14:58:58 [DEBUG] __init__ - <module>: interactive is False
2025-04-09 14:58:58 [DEBUG] __init__ - <module>: platform is win32
2025-04-09 14:58:58 [DEBUG] __init__ - wrapper: CACHEDIR=C:\Users\Silver\.matplotlib
2025-04-09 14:58:58 [DEBUG] font_manager - _load_fontmanager: Using fontManager instance from C:\Users\Silver\.matplotlib\fontlist-v390.json
2025-04-09 14:59:01 [INFO] car_damage - __init__: Loaded car damage detection model from best.onnx
2025-04-09 14:59:01 [INFO] car_damage - <module>: Car damage detection model initialized successfully
2025-04-09 14:59:02 [WARNING] module_wrapper - _tfmw_add_deprecation_warning: From C:\Users\Silver\Desktop\TakaInsure2\app\blueprints\car_recognition.py:39: The name tf.GraphDef is deprecated. Please use tf.compat.v1.GraphDef instead.

2025-04-09 14:59:02 [INFO] car_recognition - <module>: Car make/model classifier initialized successfully
2025-04-09 14:59:02 [INFO] car_recognition - <module>: COCO labels loaded successfully
2025-04-09 14:59:02 [INFO] car_recognition - <module>: Loading YOLO model from disk...
2025-04-09 14:59:03 [INFO] car_recognition - <module>: YOLO model loaded with CUDA support
2025-04-09 14:59:03 [INFO] image_processing - <module>: Car make classifier initialized successfully
2025-04-09 14:59:04 [INFO] image_processing - initialize_yolo: YOLO model initialized successfully
2025-04-09 14:59:04 [INFO] __init__ - create_app: Application initialized successfully
2025-04-09 14:59:04 [INFO] app - <module>: Starting application on port 5000 with debug=True
2025-04-09 14:59:04 [WARNING] _internal - _log:  * Debugger is active!
2025-04-09 15:00:52 [INFO] supabase_service - get_supabase_client: Creating Supabase client
2025-04-09 15:00:52 [DEBUG] _config - load_ssl_context: load_ssl_context verify=True cert=None trust_env=True http2=False
2025-04-09 15:00:52 [DEBUG] _config - load_ssl_context_verify: load_verify_locations cafile='C:\\Users\\Silver\\AppData\\Local\\anaconda3\\Library\\ssl\\cacert.pem'
2025-04-09 15:00:57 [DEBUG] tpu_cluster_resolver - <module>: Falling back to TensorFlow client; we recommended you install the Cloud TPU client directly with pip install cloud-tpu-client.
2025-04-09 15:00:58 [DEBUG] __init__ - <module>: Creating converter from 7 to 5
2025-04-09 15:00:58 [DEBUG] __init__ - <module>: Creating converter from 5 to 7
2025-04-09 15:00:58 [DEBUG] __init__ - <module>: Creating converter from 7 to 5
2025-04-09 15:00:58 [DEBUG] __init__ - <module>: Creating converter from 5 to 7
2025-04-09 15:01:01 [INFO] utils - _init_num_threads: NumExpr defaulting to 4 threads.
2025-04-09 15:01:02 [DEBUG] __init__ - wrapper: matplotlib data path: C:\Users\Silver\AppData\Local\anaconda3\Lib\site-packages\matplotlib\mpl-data
2025-04-09 15:01:02 [DEBUG] __init__ - wrapper: CONFIGDIR=C:\Users\Silver\.matplotlib
2025-04-09 15:01:02 [DEBUG] __init__ - <module>: interactive is False
2025-04-09 15:01:02 [DEBUG] __init__ - <module>: platform is win32
2025-04-09 15:01:02 [DEBUG] __init__ - wrapper: CACHEDIR=C:\Users\Silver\.matplotlib
2025-04-09 15:01:02 [DEBUG] font_manager - _load_fontmanager: Using fontManager instance from C:\Users\Silver\.matplotlib\fontlist-v390.json
2025-04-09 15:01:07 [INFO] car_damage - __init__: Loaded car damage detection model from best.onnx
2025-04-09 15:01:07 [INFO] car_damage - <module>: Car damage detection model initialized successfully
2025-04-09 15:01:10 [WARNING] module_wrapper - _tfmw_add_deprecation_warning: From C:\Users\Silver\Desktop\TakaInsure2\app\blueprints\car_recognition.py:39: The name tf.GraphDef is deprecated. Please use tf.compat.v1.GraphDef instead.

2025-04-09 15:01:10 [INFO] car_recognition - <module>: Car make/model classifier initialized successfully
2025-04-09 15:01:10 [INFO] car_recognition - <module>: COCO labels loaded successfully
2025-04-09 15:01:10 [INFO] car_recognition - <module>: Loading YOLO model from disk...
2025-04-09 15:01:10 [INFO] car_recognition - <module>: YOLO model loaded with CUDA support
2025-04-09 15:01:10 [INFO] image_processing - <module>: Car make classifier initialized successfully
2025-04-09 15:01:11 [INFO] image_processing - initialize_yolo: YOLO model initialized successfully
2025-04-09 15:01:11 [INFO] __init__ - create_app: Application initialized successfully
2025-04-09 15:01:11 [INFO] app - <module>: Starting application on port 5000 with debug=True
2025-04-09 15:01:11 [WARNING] _internal - _log:  * Debugger is active!
2025-04-09 15:01:20 [INFO] supabase_service - get_supabase_client: Creating Supabase client
2025-04-09 15:01:20 [DEBUG] _config - load_ssl_context: load_ssl_context verify=True cert=None trust_env=True http2=False
2025-04-09 15:01:20 [DEBUG] _config - load_ssl_context_verify: load_verify_locations cafile='C:\\Users\\Silver\\AppData\\Local\\anaconda3\\Library\\ssl\\cacert.pem'
2025-04-09 15:01:24 [DEBUG] tpu_cluster_resolver - <module>: Falling back to TensorFlow client; we recommended you install the Cloud TPU client directly with pip install cloud-tpu-client.
2025-04-09 15:01:25 [DEBUG] __init__ - <module>: Creating converter from 7 to 5
2025-04-09 15:01:25 [DEBUG] __init__ - <module>: Creating converter from 5 to 7
2025-04-09 15:01:25 [DEBUG] __init__ - <module>: Creating converter from 7 to 5
2025-04-09 15:01:26 [DEBUG] __init__ - <module>: Creating converter from 5 to 7
2025-04-09 15:01:30 [INFO] utils - _init_num_threads: NumExpr defaulting to 4 threads.
2025-04-09 15:01:31 [DEBUG] __init__ - wrapper: matplotlib data path: C:\Users\Silver\AppData\Local\anaconda3\Lib\site-packages\matplotlib\mpl-data
2025-04-09 15:01:31 [DEBUG] __init__ - wrapper: CONFIGDIR=C:\Users\Silver\.matplotlib
2025-04-09 15:01:31 [DEBUG] __init__ - <module>: interactive is False
2025-04-09 15:01:31 [DEBUG] __init__ - <module>: platform is win32
2025-04-09 15:01:31 [DEBUG] __init__ - wrapper: CACHEDIR=C:\Users\Silver\.matplotlib
2025-04-09 15:01:31 [DEBUG] font_manager - _load_fontmanager: Using fontManager instance from C:\Users\Silver\.matplotlib\fontlist-v390.json
2025-04-09 15:01:35 [INFO] car_damage - __init__: Loaded car damage detection model from best.onnx
2025-04-09 15:01:35 [INFO] car_damage - <module>: Car damage detection model initialized successfully
2025-04-09 15:01:37 [WARNING] module_wrapper - _tfmw_add_deprecation_warning: From C:\Users\Silver\Desktop\TakaInsure2\app\blueprints\car_recognition.py:39: The name tf.GraphDef is deprecated. Please use tf.compat.v1.GraphDef instead.

2025-04-09 15:01:37 [INFO] car_recognition - <module>: Car make/model classifier initialized successfully
2025-04-09 15:01:37 [INFO] car_recognition - <module>: COCO labels loaded successfully
2025-04-09 15:01:37 [INFO] car_recognition - <module>: Loading YOLO model from disk...
2025-04-09 15:01:37 [INFO] car_recognition - <module>: YOLO model loaded with CUDA support
2025-04-09 15:01:37 [INFO] image_processing - <module>: Car make classifier initialized successfully
2025-04-09 15:01:38 [INFO] image_processing - initialize_yolo: YOLO model initialized successfully
2025-04-09 15:01:38 [INFO] paynow_service - <module>: Paynow client initialized successfully
2025-04-09 15:01:38 [INFO] __init__ - create_app: Application initialized successfully
2025-04-09 15:01:38 [INFO] app - <module>: Starting application on port 5000 with debug=True
2025-04-09 15:01:38 [WARNING] _internal - _log:  * Debugger is active!
2025-04-09 15:02:31 [INFO] supabase_service - get_supabase_client: Creating Supabase client
2025-04-09 15:02:31 [DEBUG] _config - load_ssl_context: load_ssl_context verify=True cert=None trust_env=True http2=False
2025-04-09 15:02:31 [DEBUG] _config - load_ssl_context_verify: load_verify_locations cafile='C:\\Users\\Silver\\AppData\\Local\\anaconda3\\Library\\ssl\\cacert.pem'
2025-04-09 15:02:36 [DEBUG] tpu_cluster_resolver - <module>: Falling back to TensorFlow client; we recommended you install the Cloud TPU client directly with pip install cloud-tpu-client.
2025-04-09 15:02:37 [DEBUG] __init__ - <module>: Creating converter from 7 to 5
2025-04-09 15:02:37 [DEBUG] __init__ - <module>: Creating converter from 5 to 7
2025-04-09 15:02:37 [DEBUG] __init__ - <module>: Creating converter from 7 to 5
2025-04-09 15:02:37 [DEBUG] __init__ - <module>: Creating converter from 5 to 7
2025-04-09 15:02:39 [INFO] utils - _init_num_threads: NumExpr defaulting to 4 threads.
2025-04-09 15:02:40 [DEBUG] __init__ - wrapper: matplotlib data path: C:\Users\Silver\AppData\Local\anaconda3\Lib\site-packages\matplotlib\mpl-data
2025-04-09 15:02:40 [DEBUG] __init__ - wrapper: CONFIGDIR=C:\Users\Silver\.matplotlib
2025-04-09 15:02:40 [DEBUG] __init__ - <module>: interactive is False
2025-04-09 15:02:40 [DEBUG] __init__ - <module>: platform is win32
2025-04-09 15:02:41 [DEBUG] __init__ - wrapper: CACHEDIR=C:\Users\Silver\.matplotlib
2025-04-09 15:02:41 [DEBUG] font_manager - _load_fontmanager: Using fontManager instance from C:\Users\Silver\.matplotlib\fontlist-v390.json
2025-04-09 15:02:45 [INFO] car_damage - __init__: Loaded car damage detection model from best.onnx
2025-04-09 15:02:45 [INFO] car_damage - <module>: Car damage detection model initialized successfully
2025-04-09 15:02:47 [WARNING] module_wrapper - _tfmw_add_deprecation_warning: From C:\Users\Silver\Desktop\TakaInsure2\app\blueprints\car_recognition.py:39: The name tf.GraphDef is deprecated. Please use tf.compat.v1.GraphDef instead.

2025-04-09 15:02:47 [INFO] car_recognition - <module>: Car make/model classifier initialized successfully
2025-04-09 15:02:47 [INFO] car_recognition - <module>: COCO labels loaded successfully
2025-04-09 15:02:47 [INFO] car_recognition - <module>: Loading YOLO model from disk...
2025-04-09 15:02:47 [INFO] car_recognition - <module>: YOLO model loaded with CUDA support
2025-04-09 15:02:47 [INFO] image_processing - <module>: Car make classifier initialized successfully
2025-04-09 15:02:48 [INFO] image_processing - initialize_yolo: YOLO model initialized successfully
2025-04-09 15:02:48 [INFO] paynow_service - <module>: Paynow client initialized successfully
2025-04-09 15:02:48 [INFO] __init__ - create_app: Application initialized successfully
2025-04-09 15:02:48 [INFO] app - <module>: Starting application on port 5000 with debug=True
2025-04-09 15:02:48 [WARNING] _internal - _log:  * Debugger is active!
2025-04-09 15:02:57 [INFO] supabase_service - get_supabase_client: Creating Supabase client
2025-04-09 15:02:57 [DEBUG] _config - load_ssl_context: load_ssl_context verify=True cert=None trust_env=True http2=False
2025-04-09 15:02:57 [DEBUG] _config - load_ssl_context_verify: load_verify_locations cafile='C:\\Users\\Silver\\AppData\\Local\\anaconda3\\Library\\ssl\\cacert.pem'
2025-04-09 15:03:01 [DEBUG] tpu_cluster_resolver - <module>: Falling back to TensorFlow client; we recommended you install the Cloud TPU client directly with pip install cloud-tpu-client.
2025-04-09 15:03:03 [DEBUG] __init__ - <module>: Creating converter from 7 to 5
2025-04-09 15:03:03 [DEBUG] __init__ - <module>: Creating converter from 5 to 7
2025-04-09 15:03:03 [DEBUG] __init__ - <module>: Creating converter from 7 to 5
2025-04-09 15:03:03 [DEBUG] __init__ - <module>: Creating converter from 5 to 7
2025-04-09 15:03:06 [INFO] utils - _init_num_threads: NumExpr defaulting to 4 threads.
2025-04-09 15:03:06 [DEBUG] __init__ - wrapper: matplotlib data path: C:\Users\Silver\AppData\Local\anaconda3\Lib\site-packages\matplotlib\mpl-data
2025-04-09 15:03:06 [DEBUG] __init__ - wrapper: CONFIGDIR=C:\Users\Silver\.matplotlib
2025-04-09 15:03:06 [DEBUG] __init__ - <module>: interactive is False
2025-04-09 15:03:06 [DEBUG] __init__ - <module>: platform is win32
2025-04-09 15:03:07 [DEBUG] __init__ - wrapper: CACHEDIR=C:\Users\Silver\.matplotlib
2025-04-09 15:03:07 [DEBUG] font_manager - _load_fontmanager: Using fontManager instance from C:\Users\Silver\.matplotlib\fontlist-v390.json
2025-04-09 15:03:09 [INFO] car_damage - __init__: Loaded car damage detection model from best.onnx
2025-04-09 15:03:09 [INFO] car_damage - <module>: Car damage detection model initialized successfully
2025-04-09 15:03:11 [WARNING] module_wrapper - _tfmw_add_deprecation_warning: From C:\Users\Silver\Desktop\TakaInsure2\app\blueprints\car_recognition.py:39: The name tf.GraphDef is deprecated. Please use tf.compat.v1.GraphDef instead.

2025-04-09 15:03:11 [INFO] car_recognition - <module>: Car make/model classifier initialized successfully
2025-04-09 15:03:11 [INFO] car_recognition - <module>: COCO labels loaded successfully
2025-04-09 15:03:11 [INFO] car_recognition - <module>: Loading YOLO model from disk...
2025-04-09 15:03:11 [INFO] car_recognition - <module>: YOLO model loaded with CUDA support
2025-04-09 15:03:11 [INFO] image_processing - <module>: Car make classifier initialized successfully
2025-04-09 15:03:12 [INFO] image_processing - initialize_yolo: YOLO model initialized successfully
2025-04-09 15:03:12 [INFO] paynow_service - <module>: Paynow client initialized successfully
2025-04-09 15:03:12 [INFO] __init__ - create_app: Application initialized successfully
2025-04-09 15:03:12 [INFO] daily_premium_checker - check_and_process_daily_premiums: Checking for daily premium payments for 2025-04-09
2025-04-09 15:03:12 [INFO] daily_premium_checker - start_premium_checker_thread: Started daily premium checker thread
2025-04-09 15:03:12 [INFO] supabase_service - get_supabase_client: Creating Supabase client
2025-04-09 15:03:12 [INFO] app - <module>: Daily premium checker enabled
2025-04-09 15:03:12 [DEBUG] _config - load_ssl_context: load_ssl_context verify=True cert=None trust_env=True http2=False
2025-04-09 15:03:12 [INFO] app - <module>: Starting application on port 5000 with debug=True
2025-04-09 15:03:12 [DEBUG] _config - load_ssl_context_verify: load_verify_locations cafile='C:\\Users\\Silver\\AppData\\Local\\anaconda3\\Library\\ssl\\cacert.pem'
2025-04-09 15:03:12 [WARNING] _internal - _log:  * Debugger is active!
2025-04-09 15:03:12 [DEBUG] _config - load_ssl_context: load_ssl_context verify=True cert=None trust_env=True http2=False
2025-04-09 15:03:12 [DEBUG] _config - load_ssl_context_verify: load_verify_locations cafile='C:\\Users\\Silver\\AppData\\Local\\anaconda3\\Library\\ssl\\cacert.pem'
2025-04-09 15:03:13 [DEBUG] _trace - trace: connect_tcp.started host='ugpyvtzzqtzuiibitsbr.supabase.co' port=443 local_address=None timeout=120 socket_options=None
2025-04-09 15:03:13 [DEBUG] _trace - trace: connect_tcp.complete return_value=<httpcore._backends.sync.SyncStream object at 0x000001963A239820>
2025-04-09 15:03:13 [DEBUG] _trace - trace: start_tls.started ssl_context=<ssl.SSLContext object at 0x000001963A22E350> server_hostname='ugpyvtzzqtzuiibitsbr.supabase.co' timeout=120
2025-04-09 15:03:13 [DEBUG] _trace - trace: start_tls.complete return_value=<httpcore._backends.sync.SyncStream object at 0x000001963A2397F0>
2025-04-09 15:03:13 [DEBUG] _trace - trace: send_connection_init.started request=<Request [b'GET']>
2025-04-09 15:03:13 [DEBUG] _trace - trace: send_connection_init.complete
2025-04-09 15:03:13 [DEBUG] _trace - trace: send_request_headers.started request=<Request [b'GET']> stream_id=1
2025-04-09 15:03:13 [DEBUG] hpack - add: Adding (b':method', b'GET') to the header table, sensitive:False, huffman:True
2025-04-09 15:03:13 [DEBUG] hpack - encode_integer: Encoding 2 with 7 bits
2025-04-09 15:03:13 [DEBUG] hpack - add: Adding (b':authority', b'ugpyvtzzqtzuiibitsbr.supabase.co') to the header table, sensitive:False, huffman:True
2025-04-09 15:03:13 [DEBUG] hpack - encode_integer: Encoding 1 with 6 bits
2025-04-09 15:03:13 [DEBUG] hpack - encode_integer: Encoding 23 with 7 bits
2025-04-09 15:03:13 [DEBUG] hpack - add: Adding (b':scheme', b'https') to the header table, sensitive:False, huffman:True
2025-04-09 15:03:13 [DEBUG] hpack - encode_integer: Encoding 7 with 7 bits
2025-04-09 15:03:13 [DEBUG] hpack - add: Adding (b':path', b'/rest/v1/policy?select=%2A&status=eq.active') to the header table, sensitive:False, huffman:True
2025-04-09 15:03:13 [DEBUG] hpack - encode_integer: Encoding 4 with 6 bits
2025-04-09 15:03:13 [DEBUG] hpack - encode_integer: Encoding 31 with 7 bits
2025-04-09 15:03:13 [DEBUG] hpack - add: Adding (b'accept', b'*/*') to the header table, sensitive:False, huffman:True
2025-04-09 15:03:13 [DEBUG] hpack - encode_integer: Encoding 19 with 6 bits
2025-04-09 15:03:13 [DEBUG] hpack - encode_integer: Encoding 3 with 7 bits
2025-04-09 15:03:13 [DEBUG] hpack - add: Adding (b'accept-encoding', b'gzip, deflate, br') to the header table, sensitive:False, huffman:True
2025-04-09 15:03:13 [DEBUG] hpack - encode_integer: Encoding 16 with 6 bits
2025-04-09 15:03:13 [DEBUG] hpack - encode_integer: Encoding 13 with 7 bits
2025-04-09 15:03:13 [DEBUG] hpack - add: Adding (b'user-agent', b'python-httpx/0.27.0') to the header table, sensitive:False, huffman:True
2025-04-09 15:03:13 [DEBUG] hpack - encode_integer: Encoding 58 with 6 bits
2025-04-09 15:03:13 [DEBUG] hpack - encode_integer: Encoding 14 with 7 bits
2025-04-09 15:03:13 [DEBUG] hpack - add: Adding (b'x-client-info', b'supabase-py/2.15.0') to the header table, sensitive:False, huffman:True
2025-04-09 15:03:13 [DEBUG] hpack - encode_integer: Encoding 10 with 7 bits
2025-04-09 15:03:13 [DEBUG] hpack - encode_integer: Encoding 13 with 7 bits
2025-04-09 15:03:13 [DEBUG] hpack - add: Adding (b'apikey', b'eyJhbGciOiJIUzI1NiIsInR5cCI6IkpXVCJ9.eyJpc3MiOiJzdXBhYmFzZSIsInJlZiI6InVncHl2dHp6cXR6dWlpYml0c2JyIiwicm9sZSI6ImFub24iLCJpYXQiOjE3NDM1ODIzMjYsImV4cCI6MjA1OTE1ODMyNn0.y8I8-2r15_5sU5JMSomtOElhKGb3V-3yfZM8q_LCiJg') to the header table, sensitive:False, huffman:True
2025-04-09 15:03:13 [DEBUG] hpack - encode_integer: Encoding 5 with 7 bits
2025-04-09 15:03:13 [DEBUG] hpack - encode_integer: Encoding 166 with 7 bits
2025-04-09 15:03:13 [DEBUG] hpack - add: Adding (b'authorization', b'Bearer eyJhbGciOiJIUzI1NiIsInR5cCI6IkpXVCJ9.eyJpc3MiOiJzdXBhYmFzZSIsInJlZiI6InVncHl2dHp6cXR6dWlpYml0c2JyIiwicm9sZSI6ImFub24iLCJpYXQiOjE3NDM1ODIzMjYsImV4cCI6MjA1OTE1ODMyNn0.y8I8-2r15_5sU5JMSomtOElhKGb3V-3yfZM8q_LCiJg') to the header table, sensitive:True, huffman:True
2025-04-09 15:03:13 [DEBUG] hpack - encode_integer: Encoding 23 with 4 bits
2025-04-09 15:03:13 [DEBUG] hpack - encode_integer: Encoding 171 with 7 bits
2025-04-09 15:03:13 [DEBUG] hpack - add: Adding (b'accept-profile', b'public') to the header table, sensitive:False, huffman:True
2025-04-09 15:03:13 [DEBUG] hpack - encode_integer: Encoding 10 with 7 bits
2025-04-09 15:03:13 [DEBUG] hpack - encode_integer: Encoding 5 with 7 bits
2025-04-09 15:03:13 [DEBUG] hpack - add: Adding (b'content-profile', b'public') to the header table, sensitive:False, huffman:True
2025-04-09 15:03:13 [DEBUG] hpack - encode_integer: Encoding 11 with 7 bits
2025-04-09 15:03:13 [DEBUG] hpack - encode_integer: Encoding 5 with 7 bits
2025-04-09 15:03:13 [DEBUG] hpack - encode: Encoded header block to b"\x82A\x97\xb6j\xfdwO\xbf}\x93\xee\xd3\x1a3%\x11\xd8\xba-\xacq\x8d\x05\\\x87\x87D\x9fb\xc2\xa1,w\x0b\x15\x9e\x83\x13\xd7\xf8\x82\xd0R&\x05E\x0f\xc2\x124\xda\x88\x0b\xd9q\x91&\xee_S\x83\xf9c\xe7P\x8d\x9b\xd9\xab\xfaRB\xcb@\xd2_\xa5#\xb3z\x8e\xaf\xd2g=KN\x94\xd7\xe5\x80.'W\x07@\x8a\xf2\xb1(1jJ\xc6\xaaS\xff\x8dE\xb5\x8e1\xa0\xabW\xe9\x81.\x16\xd7\x07@\x85\x1df\xea__\xff'/\xac\xb3\xc7\x88\x86\xd4l\xb98{\xc8\x1d&\xc8\x8c\x95ml\x97\xb29\x93\xad\x7f\x9coe}r\xfa\xcbY\x19\xd0mF\xcb\xeeO\xcb\xb3\xf3\xa7\x0f\xbf\xdd\xd9\x11\x92\xac\xb4~\x9b#\x99*\xe3Q1\xd0)1\xd6\xe1?6\xb9'*+\xe7M\x00 \xb2\xfa\xc8o\x06%/\xa3\xf7vG2S\x86\xd8\xc4\xd1\xb3\xde\xcb_?\xcd\x86\xd5\xd3\x03:o\xe8\x0e\xab\xf9=\xe8\xe9\xcd\x19)\xe2\xd1/dsGHC\xab~\x00\xea\xbf\xa3\xd6\x9a\x80\xbf\xa7\xb2<\xb0\xac\x0bq6\x8e\r\xe5\xd1\xb8\xf4\xa7V\n'\xcd\x8a6x\xac\xcf\xa9\x7ft=\xda,\xf7\x8d\x96o\x1f\x08\xff,\xbaQ\xd8[\x14/\xac\xb3\xc7\x88\x86\xd4l\xb98{\xc8\x1d&\xc8\x8c\x95ml\x97\xb29\x93\xad\x7f\x9coe}r\xfa\xcbY\x19\xd0mF\xcb\xeeO\xcb\xb3\xf3\xa7\x0f\xbf\xdd\xd9\x11\x92\xac\xb4~\x9b#\x99*\xe3Q1\xd0)1\xd6\xe1?6\xb9'*+\xe7M\x00 \xb2\xfa\xc8o\x06%/\xa3\xf7vG2S\x86\xd8\xc4\xd1\xb3\xde\xcb_?\xcd\x86\xd5\xd3\x03:o\xe8\x0e\xab\xf9=\xe8\xe9\xcd\x19)\xe2\xd1/dsGHC\xab~\x00\xea\xbf\xa3\xd6\x9a\x80\xbf\xa7\xb2<\xb0\xac\x0bq6\x8e\r\xe5\xd1\xb8\xf4\xa7V\n'\xcd\x8a6x\xac\xcf\xa9\x7ft=\xda,\xf7\x8d\x96o@\x8a\x19\x08Z\xd2\xb5v\x1eSP_\x85\xae\xd8\xe81?@\x8b!\xeaIjJ\xd5\xd8yMA\x7f\x85\xae\xd8\xe81?"
2025-04-09 15:03:13 [DEBUG] _trace - trace: send_request_headers.complete
2025-04-09 15:03:13 [DEBUG] _trace - trace: send_request_body.started request=<Request [b'GET']> stream_id=1
2025-04-09 15:03:13 [DEBUG] _trace - trace: send_request_body.complete
2025-04-09 15:03:13 [DEBUG] _trace - trace: receive_response_headers.started request=<Request [b'GET']> stream_id=1
2025-04-09 15:03:13 [DEBUG] _trace - trace: receive_remote_settings.started
2025-04-09 15:03:13 [DEBUG] _trace - trace: receive_remote_settings.complete return_value=<RemoteSettingsChanged changed_settings:{ChangedSetting(setting=3, original_value=None, new_value=100), ChangedSetting(setting=4, original_value=65535, new_value=65536), ChangedSetting(setting=5, original_value=16384, new_value=16777215)}>
2025-04-09 15:03:14 [DEBUG] hpack - decode: Decoding b'?\xe1\x1f\x88a\x96\xe4Y>\x94\x03\xeaC]\x8a\x08\x02m@\xb3p\x0c\xdc\x0bjb\xd1\xbf_\x96\x1du\xd0b\r&=LtA\xea\xfbP\x93\x8e\xc4\x150Z\x99V{^\x84\x02\xc0c\xe7@\x85$\xabX?_\x8f|R\r\x96\x82\xd4\xafF\x028A\xad\x97M\xdf@\x8a$\xab\x10d\x9c\xab!#M\xa8\x86\xbf\xcfL:2^Z\x83\x9b\xd9\xab]\x99b\xb3\xd0bz\xff\x10Z\nD\xc0\xa8\xa1\xf8BF\x9bQ\x01{.2$\xdd\xcbx\xa0\xa4~V\x1c\xc5\x81\x90\xb6\xcb\x80\x00>\xd45D\xa2\xd9\x0b\xba\xd8\xef\x9e\x91\x9a\xa4}\xa9]\x85\xa0\xe3\x93{\x8b\x84\x84-i[\x05D<\x86\xaao@\x8b!\xeaIjJ\xd5\xd8yMA\x7f\x85\xae\xd8\xe81?@\x8dDkL4\x97\xc0\xfd-\xdc\xb6 \xc7\xab\x011@\x8aDkWa\xfa\x14\x89Z\xc2\xcb\x8f\xb6j\xfdwO\xbf}\x93\xee\xd3\x1a3%\x11\xd9@\x90\xf2\xb1\x0fRKRVO\xaa\xca\xb1\xebI\x8fR?\x85\xa8\xe8\xa8\xd2\xcb@\x8f\xf2\xb1j\xee\x7fK\r)-5\xa5b\x1e\xda\x93\x011@\x95\xf2\xb1j\xee\x7fK[Z\x13aGJ\xc8-\x9d\xccB\xac\x93R_\x0216v\x87%\x07\xb6Ih\x1d\x85@\x85\x1d\tY\x1d\xc9\x90\x9d\x98?\x9b\x8d4\xcf\xf3\xf6\xa5#\x81\xe7\x1a\x00?'
2025-04-09 15:03:14 [DEBUG] hpack - decode_integer: Decoded 4096, consumed 3 bytes
2025-04-09 15:03:14 [DEBUG] table - maxsize: Resizing header table to 4096 from 4096
2025-04-09 15:03:14 [DEBUG] hpack - decode_integer: Decoded 8, consumed 1 bytes
2025-04-09 15:03:14 [DEBUG] hpack - _decode_indexed: Decoded (b':status', b'200'), consumed 1
2025-04-09 15:03:14 [DEBUG] hpack - decode_integer: Decoded 33, consumed 1 bytes
2025-04-09 15:03:14 [DEBUG] hpack - decode_integer: Decoded 22, consumed 1 bytes
2025-04-09 15:03:14 [DEBUG] hpack - _decode_literal: Decoded (b'date', b'Wed, 09 Apr 2025 13:03:15 GMT'), total consumed 24 bytes, indexed True
2025-04-09 15:03:14 [DEBUG] hpack - decode_integer: Decoded 31, consumed 1 bytes
2025-04-09 15:03:14 [DEBUG] hpack - decode_integer: Decoded 22, consumed 1 bytes
2025-04-09 15:03:14 [DEBUG] hpack - _decode_literal: Decoded (b'content-type', b'application/json; charset=utf-8'), total consumed 24 bytes, indexed True
2025-04-09 15:03:14 [DEBUG] hpack - decode_integer: Decoded 30, consumed 1 bytes
2025-04-09 15:03:14 [DEBUG] hpack - decode_integer: Decoded 4, consumed 1 bytes
2025-04-09 15:03:14 [DEBUG] hpack - _decode_literal: Decoded (b'content-range', b'0-0/*'), total consumed 6 bytes, indexed True
2025-04-09 15:03:14 [DEBUG] hpack - decode_integer: Decoded 5, consumed 1 bytes
2025-04-09 15:03:14 [DEBUG] hpack - decode_integer: Decoded 15, consumed 1 bytes
2025-04-09 15:03:14 [DEBUG] hpack - _decode_literal: Decoded (b'cf-ray', b'92da3414f8b0c6ca-JNB'), total consumed 23 bytes, indexed True
2025-04-09 15:03:14 [DEBUG] hpack - decode_integer: Decoded 10, consumed 1 bytes
2025-04-09 15:03:14 [DEBUG] hpack - decode_integer: Decoded 6, consumed 1 bytes
2025-04-09 15:03:14 [DEBUG] hpack - _decode_literal: Decoded (b'cf-cache-status', b'DYNAMIC'), total consumed 19 bytes, indexed True
2025-04-09 15:03:14 [DEBUG] hpack - decode_integer: Decoded 26, consumed 1 bytes
2025-04-09 15:03:14 [DEBUG] hpack - decode_integer: Decoded 3, consumed 1 bytes
2025-04-09 15:03:14 [DEBUG] hpack - _decode_literal: Decoded (b'content-encoding', b'gzip'), total consumed 5 bytes, indexed True
2025-04-09 15:03:14 [DEBUG] hpack - decode_integer: Decoded 29, consumed 1 bytes
2025-04-09 15:03:14 [DEBUG] hpack - decode_integer: Decoded 25, consumed 1 bytes
2025-04-09 15:03:14 [DEBUG] hpack - _decode_literal: Decoded (b'content-location', b'/policy?select=%2A&status=eq.active'), total consumed 27 bytes, indexed True
2025-04-09 15:03:14 [DEBUG] hpack - decode_integer: Decoded 56, consumed 1 bytes
2025-04-09 15:03:14 [DEBUG] hpack - decode_integer: Decoded 32, consumed 1 bytes
2025-04-09 15:03:14 [DEBUG] hpack - _decode_literal: Decoded (b'strict-transport-security', b'max-age=31536000; includeSubDomains; preload'), total consumed 34 bytes, indexed True
2025-04-09 15:03:14 [DEBUG] hpack - decode_integer: Decoded 59, consumed 1 bytes
2025-04-09 15:03:14 [DEBUG] hpack - decode_integer: Decoded 11, consumed 1 bytes
2025-04-09 15:03:14 [DEBUG] hpack - _decode_literal: Decoded (b'vary', b'Accept-Encoding'), total consumed 13 bytes, indexed True
2025-04-09 15:03:14 [DEBUG] hpack - decode_integer: Decoded 11, consumed 1 bytes
2025-04-09 15:03:14 [DEBUG] hpack - decode_integer: Decoded 5, consumed 1 bytes
2025-04-09 15:03:14 [DEBUG] hpack - _decode_literal: Decoded (b'content-profile', b'public'), total consumed 19 bytes, indexed True
2025-04-09 15:03:14 [DEBUG] hpack - decode_integer: Decoded 13, consumed 1 bytes
2025-04-09 15:03:14 [DEBUG] hpack - decode_integer: Decoded 1, consumed 1 bytes
2025-04-09 15:03:14 [DEBUG] hpack - _decode_literal: Decoded (b'sb-gateway-version', <memory at 0x000001963A1F90C0>), total consumed 17 bytes, indexed True
2025-04-09 15:03:14 [DEBUG] hpack - decode_integer: Decoded 10, consumed 1 bytes
2025-04-09 15:03:14 [DEBUG] hpack - decode_integer: Decoded 15, consumed 1 bytes
2025-04-09 15:03:14 [DEBUG] hpack - _decode_literal: Decoded (b'sb-project-ref', b'ugpyvtzzqtzuiibitsbr'), total consumed 28 bytes, indexed True
2025-04-09 15:03:14 [DEBUG] hpack - decode_integer: Decoded 16, consumed 1 bytes
2025-04-09 15:03:14 [DEBUG] hpack - decode_integer: Decoded 5, consumed 1 bytes
2025-04-09 15:03:14 [DEBUG] hpack - _decode_literal: Decoded (b'x-content-type-options', b'nosniff'), total consumed 24 bytes, indexed True
2025-04-09 15:03:14 [DEBUG] hpack - decode_integer: Decoded 15, consumed 1 bytes
2025-04-09 15:03:14 [DEBUG] hpack - decode_integer: Decoded 1, consumed 1 bytes
2025-04-09 15:03:14 [DEBUG] hpack - _decode_literal: Decoded (b'x-envoy-attempt-count', <memory at 0x000001963A1F9180>), total consumed 19 bytes, indexed True
2025-04-09 15:03:14 [DEBUG] hpack - decode_integer: Decoded 21, consumed 1 bytes
2025-04-09 15:03:14 [DEBUG] hpack - decode_integer: Decoded 2, consumed 1 bytes
2025-04-09 15:03:14 [DEBUG] hpack - _decode_literal: Decoded (b'x-envoy-upstream-service-time', <memory at 0x000001963A1F9000>), total consumed 26 bytes, indexed True
2025-04-09 15:03:14 [DEBUG] hpack - decode_integer: Decoded 54, consumed 1 bytes
2025-04-09 15:03:14 [DEBUG] hpack - decode_integer: Decoded 7, consumed 1 bytes
2025-04-09 15:03:14 [DEBUG] hpack - _decode_literal: Decoded (b'server', b'cloudflare'), total consumed 9 bytes, indexed True
2025-04-09 15:03:14 [DEBUG] hpack - decode_integer: Decoded 5, consumed 1 bytes
2025-04-09 15:03:14 [DEBUG] hpack - decode_integer: Decoded 16, consumed 1 bytes
2025-04-09 15:03:14 [DEBUG] hpack - _decode_literal: Decoded (b'alt-svc', b'h3=":443"; ma=86400'), total consumed 24 bytes, indexed True
2025-04-09 15:03:14 [DEBUG] _trace - trace: receive_response_headers.complete return_value=(200, [(b'date', b'Wed, 09 Apr 2025 13:03:15 GMT'), (b'content-type', b'application/json; charset=utf-8'), (b'content-range', b'0-0/*'), (b'cf-ray', b'92da3414f8b0c6ca-JNB'), (b'cf-cache-status', b'DYNAMIC'), (b'content-encoding', b'gzip'), (b'content-location', b'/policy?select=%2A&status=eq.active'), (b'strict-transport-security', b'max-age=31536000; includeSubDomains; preload'), (b'vary', b'Accept-Encoding'), (b'content-profile', b'public'), (b'sb-gateway-version', b'1'), (b'sb-project-ref', b'ugpyvtzzqtzuiibitsbr'), (b'x-content-type-options', b'nosniff'), (b'x-envoy-attempt-count', b'1'), (b'x-envoy-upstream-service-time', b'16'), (b'server', b'cloudflare'), (b'alt-svc', b'h3=":443"; ma=86400')])
2025-04-09 15:03:14 [INFO] _client - _send_single_request: HTTP Request: GET https://ugpyvtzzqtzuiibitsbr.supabase.co/rest/v1/policy?select=%2A&status=eq.active "HTTP/2 200 OK"
2025-04-09 15:03:14 [DEBUG] _trace - trace: receive_response_body.started request=<Request [b'GET']> stream_id=1
2025-04-09 15:03:14 [DEBUG] _trace - trace: receive_response_body.complete
2025-04-09 15:03:14 [DEBUG] _trace - trace: response_closed.started stream_id=1
2025-04-09 15:03:14 [DEBUG] _trace - trace: response_closed.complete
2025-04-09 15:03:14 [INFO] daily_premium_checker - check_and_process_daily_premiums: Found 1 policyholders with active policies
2025-04-09 15:03:14 [DEBUG] _trace - trace: send_request_headers.started request=<Request [b'GET']> stream_id=3
2025-04-09 15:03:14 [DEBUG] hpack - add: Adding (b':method', b'GET') to the header table, sensitive:False, huffman:True
2025-04-09 15:03:14 [DEBUG] hpack - encode_integer: Encoding 2 with 7 bits
2025-04-09 15:03:14 [DEBUG] hpack - add: Adding (b':authority', b'ugpyvtzzqtzuiibitsbr.supabase.co') to the header table, sensitive:False, huffman:True
2025-04-09 15:03:14 [DEBUG] hpack - encode_integer: Encoding 70 with 7 bits
2025-04-09 15:03:14 [DEBUG] hpack - add: Adding (b':scheme', b'https') to the header table, sensitive:False, huffman:True
2025-04-09 15:03:14 [DEBUG] hpack - encode_integer: Encoding 7 with 7 bits
2025-04-09 15:03:14 [DEBUG] hpack - add: Adding (b':path', b'/rest/v1/policyholder?select=%2A&policyholder_id=eq.b290fe04-55a0-4ee6-841d-2e8142f1aaf6') to the header table, sensitive:False, huffman:True
2025-04-09 15:03:14 [DEBUG] hpack - encode_integer: Encoding 4 with 6 bits
2025-04-09 15:03:14 [DEBUG] hpack - encode_integer: Encoding 63 with 7 bits
2025-04-09 15:03:14 [DEBUG] hpack - add: Adding (b'accept', b'*/*') to the header table, sensitive:False, huffman:True
2025-04-09 15:03:14 [DEBUG] hpack - encode_integer: Encoding 69 with 7 bits
2025-04-09 15:03:14 [DEBUG] hpack - add: Adding (b'accept-encoding', b'gzip, deflate, br') to the header table, sensitive:False, huffman:True
2025-04-09 15:03:14 [DEBUG] hpack - encode_integer: Encoding 68 with 7 bits
2025-04-09 15:03:14 [DEBUG] hpack - add: Adding (b'user-agent', b'python-httpx/0.27.0') to the header table, sensitive:False, huffman:True
2025-04-09 15:03:14 [DEBUG] hpack - encode_integer: Encoding 67 with 7 bits
2025-04-09 15:03:14 [DEBUG] hpack - add: Adding (b'x-client-info', b'supabase-py/2.15.0') to the header table, sensitive:False, huffman:True
2025-04-09 15:03:14 [DEBUG] hpack - encode_integer: Encoding 66 with 7 bits
2025-04-09 15:03:14 [DEBUG] hpack - add: Adding (b'apikey', b'eyJhbGciOiJIUzI1NiIsInR5cCI6IkpXVCJ9.eyJpc3MiOiJzdXBhYmFzZSIsInJlZiI6InVncHl2dHp6cXR6dWlpYml0c2JyIiwicm9sZSI6ImFub24iLCJpYXQiOjE3NDM1ODIzMjYsImV4cCI6MjA1OTE1ODMyNn0.y8I8-2r15_5sU5JMSomtOElhKGb3V-3yfZM8q_LCiJg') to the header table, sensitive:False, huffman:True
2025-04-09 15:03:14 [DEBUG] hpack - encode_integer: Encoding 65 with 7 bits
2025-04-09 15:03:14 [DEBUG] hpack - add: Adding (b'authorization', b'Bearer eyJhbGciOiJIUzI1NiIsInR5cCI6IkpXVCJ9.eyJpc3MiOiJzdXBhYmFzZSIsInJlZiI6InVncHl2dHp6cXR6dWlpYml0c2JyIiwicm9sZSI6ImFub24iLCJpYXQiOjE3NDM1ODIzMjYsImV4cCI6MjA1OTE1ODMyNn0.y8I8-2r15_5sU5JMSomtOElhKGb3V-3yfZM8q_LCiJg') to the header table, sensitive:True, huffman:True
2025-04-09 15:03:14 [DEBUG] hpack - encode_integer: Encoding 23 with 4 bits
2025-04-09 15:03:14 [DEBUG] hpack - encode_integer: Encoding 171 with 7 bits
2025-04-09 15:03:14 [DEBUG] hpack - add: Adding (b'accept-profile', b'public') to the header table, sensitive:False, huffman:True
2025-04-09 15:03:14 [DEBUG] hpack - encode_integer: Encoding 64 with 7 bits
2025-04-09 15:03:14 [DEBUG] hpack - add: Adding (b'content-profile', b'public') to the header table, sensitive:False, huffman:True
2025-04-09 15:03:14 [DEBUG] hpack - encode_integer: Encoding 63 with 7 bits
2025-04-09 15:03:14 [DEBUG] hpack - encode: Encoded header block to b'\x82\xc6\x87D\xbfb\xc2\xa1,w\x0b\x15\x9e\x83\x13\xd4\xe7\xa2B\xd9\xfe \xb4\x14\x89\x81QC\xf1Y\xe81=Nz$-\x91\x1aH\x0b\xd9x\xc4\xf8%(\x1aY\xb6\xc6\x05\x9a)\\Y\xe6\x83"\xc2+\xc1hR\x84c\x95\xcf\xc5\xc4\xc3\xc2\xc1\x1f\x08\xff,\xbaQ\xd8[\x14/\xac\xb3\xc7\x88\x86\xd4l\xb98{\xc8\x1d&\xc8\x8c\x95ml\x97\xb29\x93\xad\x7f\x9coe}r\xfa\xcbY\x19\xd0mF\xcb\xeeO\xcb\xb3\xf3\xa7\x0f\xbf\xdd\xd9\x11\x92\xac\xb4~\x9b#\x99*\xe3Q1\xd0)1\xd6\xe1?6\xb9\'*+\xe7M\x00 \xb2\xfa\xc8o\x06%/\xa3\xf7vG2S\x86\xd8\xc4\xd1\xb3\xde\xcb_?\xcd\x86\xd5\xd3\x03:o\xe8\x0e\xab\xf9=\xe8\xe9\xcd\x19)\xe2\xd1/dsGHC\xab~\x00\xea\xbf\xa3\xd6\x9a\x80\xbf\xa7\xb2<\xb0\xac\x0bq6\x8e\r\xe5\xd1\xb8\xf4\xa7V\n\'\xcd\x8a6x\xac\xcf\xa9\x7ft=\xda,\xf7\x8d\x96o\xc0\xbf'
2025-04-09 15:03:14 [DEBUG] _trace - trace: send_request_headers.complete
2025-04-09 15:03:14 [DEBUG] _trace - trace: send_request_body.started request=<Request [b'GET']> stream_id=3
2025-04-09 15:03:14 [DEBUG] _trace - trace: send_request_body.complete
2025-04-09 15:03:14 [DEBUG] _trace - trace: receive_response_headers.started request=<Request [b'GET']> stream_id=3
2025-04-09 15:03:15 [DEBUG] hpack - decode: Decoding b"\x88a\x96\xe4Y>\x94\x03\xeaC]\x8a\x08\x02m@\xb3p\x0c\xdc\x0b\x8ab\xd1\xbf\xce\xcd\x7f\r\x8f|R\r\x96\x82F\xe4v28A\xad\x97M\xdf\xcc\xcb]\xb9b\xb3\xd0bz\x9c\xf4H[?\xca\xcfA\x89\xeas\xd1!l\x88\xd2@^\xcb\xc6'\xc1)@\xd2\xcd\xb60,\xd1J\xe2\xcf4\x19\x16\x11^\x0bB\x94#\x1c\xae| \xb4\x14\x89\x81QC\xca\xc9\xc8\xc7\xc6\xc5\xc4\x7f\x04\x012\xc3\xc2"
2025-04-09 15:03:15 [DEBUG] hpack - decode_integer: Decoded 8, consumed 1 bytes
2025-04-09 15:03:15 [DEBUG] hpack - _decode_indexed: Decoded (b':status', b'200'), consumed 1
2025-04-09 15:03:15 [DEBUG] hpack - decode_integer: Decoded 33, consumed 1 bytes
2025-04-09 15:03:15 [DEBUG] hpack - decode_integer: Decoded 22, consumed 1 bytes
2025-04-09 15:03:15 [DEBUG] hpack - _decode_literal: Decoded (b'date', b'Wed, 09 Apr 2025 13:03:16 GMT'), total consumed 24 bytes, indexed True
2025-04-09 15:03:15 [DEBUG] hpack - decode_integer: Decoded 78, consumed 1 bytes
2025-04-09 15:03:15 [DEBUG] hpack - _decode_indexed: Decoded (b'content-type', b'application/json; charset=utf-8'), consumed 1
2025-04-09 15:03:15 [DEBUG] hpack - decode_integer: Decoded 77, consumed 1 bytes
2025-04-09 15:03:15 [DEBUG] hpack - _decode_indexed: Decoded (b'content-range', b'0-0/*'), consumed 1
2025-04-09 15:03:15 [DEBUG] hpack - decode_integer: Decoded 76, consumed 2 bytes
2025-04-09 15:03:15 [DEBUG] hpack - decode_integer: Decoded 15, consumed 1 bytes
2025-04-09 15:03:15 [DEBUG] hpack - _decode_literal: Decoded (b'cf-ray', b'92da341c5d7bc6ca-JNB'), total consumed 18 bytes, indexed True
2025-04-09 15:03:15 [DEBUG] hpack - decode_integer: Decoded 76, consumed 1 bytes
2025-04-09 15:03:15 [DEBUG] hpack - _decode_indexed: Decoded (b'cf-cache-status', b'DYNAMIC'), consumed 1
2025-04-09 15:03:15 [DEBUG] hpack - decode_integer: Decoded 75, consumed 1 bytes
2025-04-09 15:03:15 [DEBUG] hpack - _decode_indexed: Decoded (b'content-encoding', b'gzip'), consumed 1
2025-04-09 15:03:15 [DEBUG] hpack - decode_integer: Decoded 29, consumed 1 bytes
2025-04-09 15:03:15 [DEBUG] hpack - decode_integer: Decoded 57, consumed 1 bytes
2025-04-09 15:03:15 [DEBUG] hpack - _decode_literal: Decoded (b'content-location', b'/policyholder?policyholder_id=eq.b290fe04-55a0-4ee6-841d-2e8142f1aaf6&select=%2A'), total consumed 59 bytes, indexed True
2025-04-09 15:03:15 [DEBUG] hpack - decode_integer: Decoded 74, consumed 1 bytes
2025-04-09 15:03:15 [DEBUG] hpack - _decode_indexed: Decoded (b'strict-transport-security', b'max-age=31536000; includeSubDomains; preload'), consumed 1
2025-04-09 15:03:15 [DEBUG] hpack - decode_integer: Decoded 73, consumed 1 bytes
2025-04-09 15:03:15 [DEBUG] hpack - _decode_indexed: Decoded (b'vary', b'Accept-Encoding'), consumed 1
2025-04-09 15:03:15 [DEBUG] hpack - decode_integer: Decoded 72, consumed 1 bytes
2025-04-09 15:03:15 [DEBUG] hpack - _decode_indexed: Decoded (b'content-profile', b'public'), consumed 1
2025-04-09 15:03:15 [DEBUG] hpack - decode_integer: Decoded 71, consumed 1 bytes
2025-04-09 15:03:15 [DEBUG] hpack - _decode_indexed: Decoded (b'sb-gateway-version', <memory at 0x000001963A1F90C0>), consumed 1
2025-04-09 15:03:15 [DEBUG] hpack - decode_integer: Decoded 70, consumed 1 bytes
2025-04-09 15:03:15 [DEBUG] hpack - _decode_indexed: Decoded (b'sb-project-ref', b'ugpyvtzzqtzuiibitsbr'), consumed 1
2025-04-09 15:03:15 [DEBUG] hpack - decode_integer: Decoded 69, consumed 1 bytes
2025-04-09 15:03:15 [DEBUG] hpack - _decode_indexed: Decoded (b'x-content-type-options', b'nosniff'), consumed 1
2025-04-09 15:03:15 [DEBUG] hpack - decode_integer: Decoded 68, consumed 1 bytes
2025-04-09 15:03:15 [DEBUG] hpack - _decode_indexed: Decoded (b'x-envoy-attempt-count', <memory at 0x000001963A1F9180>), consumed 1
2025-04-09 15:03:15 [DEBUG] hpack - decode_integer: Decoded 67, consumed 2 bytes
2025-04-09 15:03:15 [DEBUG] hpack - decode_integer: Decoded 1, consumed 1 bytes
2025-04-09 15:03:15 [DEBUG] hpack - _decode_literal: Decoded (b'x-envoy-upstream-service-time', <memory at 0x000001963A1F9300>), total consumed 4 bytes, indexed True
2025-04-09 15:03:15 [DEBUG] hpack - decode_integer: Decoded 67, consumed 1 bytes
2025-04-09 15:03:15 [DEBUG] hpack - _decode_indexed: Decoded (b'server', b'cloudflare'), consumed 1
2025-04-09 15:03:15 [DEBUG] hpack - decode_integer: Decoded 66, consumed 1 bytes
2025-04-09 15:03:15 [DEBUG] hpack - _decode_indexed: Decoded (b'alt-svc', b'h3=":443"; ma=86400'), consumed 1
2025-04-09 15:03:15 [DEBUG] _trace - trace: receive_response_headers.complete return_value=(200, [(b'date', b'Wed, 09 Apr 2025 13:03:16 GMT'), (b'content-type', b'application/json; charset=utf-8'), (b'content-range', b'0-0/*'), (b'cf-ray', b'92da341c5d7bc6ca-JNB'), (b'cf-cache-status', b'DYNAMIC'), (b'content-encoding', b'gzip'), (b'content-location', b'/policyholder?policyholder_id=eq.b290fe04-55a0-4ee6-841d-2e8142f1aaf6&select=%2A'), (b'strict-transport-security', b'max-age=31536000; includeSubDomains; preload'), (b'vary', b'Accept-Encoding'), (b'content-profile', b'public'), (b'sb-gateway-version', b'1'), (b'sb-project-ref', b'ugpyvtzzqtzuiibitsbr'), (b'x-content-type-options', b'nosniff'), (b'x-envoy-attempt-count', b'1'), (b'x-envoy-upstream-service-time', b'2'), (b'server', b'cloudflare'), (b'alt-svc', b'h3=":443"; ma=86400')])
2025-04-09 15:03:15 [INFO] _client - _send_single_request: HTTP Request: GET https://ugpyvtzzqtzuiibitsbr.supabase.co/rest/v1/policyholder?select=%2A&policyholder_id=eq.b290fe04-55a0-4ee6-841d-2e8142f1aaf6 "HTTP/2 200 OK"
2025-04-09 15:03:15 [DEBUG] _trace - trace: receive_response_body.started request=<Request [b'GET']> stream_id=3
2025-04-09 15:03:15 [DEBUG] _trace - trace: receive_response_body.complete
2025-04-09 15:03:15 [DEBUG] _trace - trace: response_closed.started stream_id=3
2025-04-09 15:03:15 [DEBUG] _trace - trace: response_closed.complete
2025-04-09 15:03:15 [INFO] paynow_service - process_mobile_payment: Processing payment of $0.83 to +263786680563 via ecocash
2025-04-09 15:03:15 [DEBUG] connectionpool - _new_conn: Starting new HTTPS connection (1): www.paynow.co.zw:443
2025-04-09 15:03:15 [DEBUG] connectionpool - _make_request: https://www.paynow.co.zw:443 "POST /interface/remotetransaction HTTP/1.1" 200 171
2025-04-09 15:03:15 [ERROR] paynow_service - process_mobile_payment: Failed to initiate payment: <class 'str'>
2025-04-09 15:03:15 [WARNING] daily_premium_checker - check_and_process_daily_premiums: Daily premium payment failed for policyholder b290fe04-55a0-4ee6-841d-2e8142f1aaf6: <class 'str'>
2025-04-09 15:03:15 [INFO] daily_premium_checker - check_and_process_daily_premiums: Completed daily premium payments for 2025-04-09
2025-04-09 15:14:59 [INFO] supabase_service - get_supabase_client: Creating Supabase client
2025-04-09 15:14:59 [DEBUG] _config - load_ssl_context: load_ssl_context verify=True cert=None trust_env=True http2=False
2025-04-09 15:14:59 [DEBUG] _config - load_ssl_context_verify: load_verify_locations cafile='C:\\Users\\Silver\\AppData\\Local\\anaconda3\\Library\\ssl\\cacert.pem'
2025-04-09 15:15:03 [DEBUG] tpu_cluster_resolver - <module>: Falling back to TensorFlow client; we recommended you install the Cloud TPU client directly with pip install cloud-tpu-client.
2025-04-09 15:15:04 [DEBUG] __init__ - <module>: Creating converter from 7 to 5
2025-04-09 15:15:04 [DEBUG] __init__ - <module>: Creating converter from 5 to 7
2025-04-09 15:15:04 [DEBUG] __init__ - <module>: Creating converter from 7 to 5
2025-04-09 15:15:04 [DEBUG] __init__ - <module>: Creating converter from 5 to 7
2025-04-09 15:15:08 [INFO] utils - _init_num_threads: NumExpr defaulting to 4 threads.
2025-04-09 15:15:09 [DEBUG] __init__ - wrapper: matplotlib data path: C:\Users\Silver\AppData\Local\anaconda3\Lib\site-packages\matplotlib\mpl-data
2025-04-09 15:15:09 [DEBUG] __init__ - wrapper: CONFIGDIR=C:\Users\Silver\.matplotlib
2025-04-09 15:15:09 [DEBUG] __init__ - <module>: interactive is False
2025-04-09 15:15:09 [DEBUG] __init__ - <module>: platform is win32
2025-04-09 15:15:09 [DEBUG] __init__ - wrapper: CACHEDIR=C:\Users\Silver\.matplotlib
2025-04-09 15:15:09 [DEBUG] font_manager - _load_fontmanager: Using fontManager instance from C:\Users\Silver\.matplotlib\fontlist-v390.json
2025-04-09 15:15:12 [INFO] car_damage - __init__: Loaded car damage detection model from best.onnx
2025-04-09 15:15:12 [INFO] car_damage - <module>: Car damage detection model initialized successfully
2025-04-09 15:15:14 [WARNING] module_wrapper - _tfmw_add_deprecation_warning: From C:\Users\Silver\Desktop\TakaInsure2\app\blueprints\car_recognition.py:39: The name tf.GraphDef is deprecated. Please use tf.compat.v1.GraphDef instead.

2025-04-09 15:15:14 [INFO] car_recognition - <module>: Car make/model classifier initialized successfully
2025-04-09 15:15:14 [INFO] car_recognition - <module>: COCO labels loaded successfully
2025-04-09 15:15:14 [INFO] car_recognition - <module>: Loading YOLO model from disk...
2025-04-09 15:15:14 [INFO] car_recognition - <module>: YOLO model loaded with CUDA support
2025-04-09 15:15:14 [INFO] image_processing - <module>: Car make classifier initialized successfully
2025-04-09 15:15:15 [INFO] image_processing - initialize_yolo: YOLO model initialized successfully
2025-04-09 15:15:15 [INFO] __init__ - create_app: Application initialized successfully
2025-04-09 15:15:15 [INFO] daily_premium_checker - check_and_process_daily_premiums: Checking for daily premium payments for 2025-04-09
2025-04-09 15:15:15 [INFO] daily_premium_checker - start_premium_checker_thread: Started daily premium checker thread
2025-04-09 15:15:15 [INFO] supabase_service - get_supabase_client: Creating Supabase client
2025-04-09 15:15:15 [INFO] app - <module>: Daily premium checker enabled
2025-04-09 15:15:15 [DEBUG] _config - load_ssl_context: load_ssl_context verify=True cert=None trust_env=True http2=False
2025-04-09 15:15:15 [INFO] app - <module>: Starting application on port 5000 with debug=True
2025-04-09 15:15:15 [DEBUG] _config - load_ssl_context_verify: load_verify_locations cafile='C:\\Users\\Silver\\AppData\\Local\\anaconda3\\Library\\ssl\\cacert.pem'
2025-04-09 15:15:15 [WARNING] _internal - _log:  * Debugger is active!
2025-04-09 15:15:16 [DEBUG] _config - load_ssl_context: load_ssl_context verify=True cert=None trust_env=True http2=False
2025-04-09 15:15:16 [DEBUG] _config - load_ssl_context_verify: load_verify_locations cafile='C:\\Users\\Silver\\AppData\\Local\\anaconda3\\Library\\ssl\\cacert.pem'
2025-04-09 15:15:17 [DEBUG] _trace - trace: connect_tcp.started host='ugpyvtzzqtzuiibitsbr.supabase.co' port=443 local_address=None timeout=120 socket_options=None
2025-04-09 15:15:17 [DEBUG] _trace - trace: connect_tcp.complete return_value=<httpcore._backends.sync.SyncStream object at 0x0000013D611D40B0>
2025-04-09 15:15:17 [DEBUG] _trace - trace: start_tls.started ssl_context=<ssl.SSLContext object at 0x0000013D7409E450> server_hostname='ugpyvtzzqtzuiibitsbr.supabase.co' timeout=120
2025-04-09 15:15:17 [DEBUG] _trace - trace: start_tls.complete return_value=<httpcore._backends.sync.SyncStream object at 0x0000013D6186C0B0>
2025-04-09 15:15:17 [DEBUG] _trace - trace: send_connection_init.started request=<Request [b'GET']>
2025-04-09 15:15:17 [DEBUG] _trace - trace: send_connection_init.complete
2025-04-09 15:15:17 [DEBUG] _trace - trace: send_request_headers.started request=<Request [b'GET']> stream_id=1
2025-04-09 15:15:17 [DEBUG] hpack - add: Adding (b':method', b'GET') to the header table, sensitive:False, huffman:True
2025-04-09 15:15:17 [DEBUG] hpack - encode_integer: Encoding 2 with 7 bits
2025-04-09 15:15:17 [DEBUG] hpack - add: Adding (b':authority', b'ugpyvtzzqtzuiibitsbr.supabase.co') to the header table, sensitive:False, huffman:True
2025-04-09 15:15:17 [DEBUG] hpack - encode_integer: Encoding 1 with 6 bits
2025-04-09 15:15:17 [DEBUG] hpack - encode_integer: Encoding 23 with 7 bits
2025-04-09 15:15:17 [DEBUG] hpack - add: Adding (b':scheme', b'https') to the header table, sensitive:False, huffman:True
2025-04-09 15:15:17 [DEBUG] hpack - encode_integer: Encoding 7 with 7 bits
2025-04-09 15:15:17 [DEBUG] hpack - add: Adding (b':path', b'/rest/v1/policy?select=%2A&status=eq.active') to the header table, sensitive:False, huffman:True
2025-04-09 15:15:17 [DEBUG] hpack - encode_integer: Encoding 4 with 6 bits
2025-04-09 15:15:17 [DEBUG] hpack - encode_integer: Encoding 31 with 7 bits
2025-04-09 15:15:17 [DEBUG] hpack - add: Adding (b'accept', b'*/*') to the header table, sensitive:False, huffman:True
2025-04-09 15:15:17 [DEBUG] hpack - encode_integer: Encoding 19 with 6 bits
2025-04-09 15:15:17 [DEBUG] hpack - encode_integer: Encoding 3 with 7 bits
2025-04-09 15:15:17 [DEBUG] hpack - add: Adding (b'accept-encoding', b'gzip, deflate, br') to the header table, sensitive:False, huffman:True
2025-04-09 15:15:17 [DEBUG] hpack - encode_integer: Encoding 16 with 6 bits
2025-04-09 15:15:17 [DEBUG] hpack - encode_integer: Encoding 13 with 7 bits
2025-04-09 15:15:17 [DEBUG] hpack - add: Adding (b'user-agent', b'python-httpx/0.27.0') to the header table, sensitive:False, huffman:True
2025-04-09 15:15:17 [DEBUG] hpack - encode_integer: Encoding 58 with 6 bits
2025-04-09 15:15:17 [DEBUG] hpack - encode_integer: Encoding 14 with 7 bits
2025-04-09 15:15:17 [DEBUG] hpack - add: Adding (b'x-client-info', b'supabase-py/2.15.0') to the header table, sensitive:False, huffman:True
2025-04-09 15:15:17 [DEBUG] hpack - encode_integer: Encoding 10 with 7 bits
2025-04-09 15:15:17 [DEBUG] hpack - encode_integer: Encoding 13 with 7 bits
2025-04-09 15:15:17 [DEBUG] hpack - add: Adding (b'apikey', b'eyJhbGciOiJIUzI1NiIsInR5cCI6IkpXVCJ9.eyJpc3MiOiJzdXBhYmFzZSIsInJlZiI6InVncHl2dHp6cXR6dWlpYml0c2JyIiwicm9sZSI6ImFub24iLCJpYXQiOjE3NDM1ODIzMjYsImV4cCI6MjA1OTE1ODMyNn0.y8I8-2r15_5sU5JMSomtOElhKGb3V-3yfZM8q_LCiJg') to the header table, sensitive:False, huffman:True
2025-04-09 15:15:17 [DEBUG] hpack - encode_integer: Encoding 5 with 7 bits
2025-04-09 15:15:17 [DEBUG] hpack - encode_integer: Encoding 166 with 7 bits
2025-04-09 15:15:17 [DEBUG] hpack - add: Adding (b'authorization', b'Bearer eyJhbGciOiJIUzI1NiIsInR5cCI6IkpXVCJ9.eyJpc3MiOiJzdXBhYmFzZSIsInJlZiI6InVncHl2dHp6cXR6dWlpYml0c2JyIiwicm9sZSI6ImFub24iLCJpYXQiOjE3NDM1ODIzMjYsImV4cCI6MjA1OTE1ODMyNn0.y8I8-2r15_5sU5JMSomtOElhKGb3V-3yfZM8q_LCiJg') to the header table, sensitive:True, huffman:True
2025-04-09 15:15:17 [DEBUG] hpack - encode_integer: Encoding 23 with 4 bits
2025-04-09 15:15:17 [DEBUG] hpack - encode_integer: Encoding 171 with 7 bits
2025-04-09 15:15:17 [DEBUG] hpack - add: Adding (b'accept-profile', b'public') to the header table, sensitive:False, huffman:True
2025-04-09 15:15:17 [DEBUG] hpack - encode_integer: Encoding 10 with 7 bits
2025-04-09 15:15:17 [DEBUG] hpack - encode_integer: Encoding 5 with 7 bits
2025-04-09 15:15:17 [DEBUG] hpack - add: Adding (b'content-profile', b'public') to the header table, sensitive:False, huffman:True
2025-04-09 15:15:17 [DEBUG] hpack - encode_integer: Encoding 11 with 7 bits
2025-04-09 15:15:17 [DEBUG] hpack - encode_integer: Encoding 5 with 7 bits
2025-04-09 15:15:17 [DEBUG] hpack - encode: Encoded header block to b"\x82A\x97\xb6j\xfdwO\xbf}\x93\xee\xd3\x1a3%\x11\xd8\xba-\xacq\x8d\x05\\\x87\x87D\x9fb\xc2\xa1,w\x0b\x15\x9e\x83\x13\xd7\xf8\x82\xd0R&\x05E\x0f\xc2\x124\xda\x88\x0b\xd9q\x91&\xee_S\x83\xf9c\xe7P\x8d\x9b\xd9\xab\xfaRB\xcb@\xd2_\xa5#\xb3z\x8e\xaf\xd2g=KN\x94\xd7\xe5\x80.'W\x07@\x8a\xf2\xb1(1jJ\xc6\xaaS\xff\x8dE\xb5\x8e1\xa0\xabW\xe9\x81.\x16\xd7\x07@\x85\x1df\xea__\xff'/\xac\xb3\xc7\x88\x86\xd4l\xb98{\xc8\x1d&\xc8\x8c\x95ml\x97\xb29\x93\xad\x7f\x9coe}r\xfa\xcbY\x19\xd0mF\xcb\xeeO\xcb\xb3\xf3\xa7\x0f\xbf\xdd\xd9\x11\x92\xac\xb4~\x9b#\x99*\xe3Q1\xd0)1\xd6\xe1?6\xb9'*+\xe7M\x00 \xb2\xfa\xc8o\x06%/\xa3\xf7vG2S\x86\xd8\xc4\xd1\xb3\xde\xcb_?\xcd\x86\xd5\xd3\x03:o\xe8\x0e\xab\xf9=\xe8\xe9\xcd\x19)\xe2\xd1/dsGHC\xab~\x00\xea\xbf\xa3\xd6\x9a\x80\xbf\xa7\xb2<\xb0\xac\x0bq6\x8e\r\xe5\xd1\xb8\xf4\xa7V\n'\xcd\x8a6x\xac\xcf\xa9\x7ft=\xda,\xf7\x8d\x96o\x1f\x08\xff,\xbaQ\xd8[\x14/\xac\xb3\xc7\x88\x86\xd4l\xb98{\xc8\x1d&\xc8\x8c\x95ml\x97\xb29\x93\xad\x7f\x9coe}r\xfa\xcbY\x19\xd0mF\xcb\xeeO\xcb\xb3\xf3\xa7\x0f\xbf\xdd\xd9\x11\x92\xac\xb4~\x9b#\x99*\xe3Q1\xd0)1\xd6\xe1?6\xb9'*+\xe7M\x00 \xb2\xfa\xc8o\x06%/\xa3\xf7vG2S\x86\xd8\xc4\xd1\xb3\xde\xcb_?\xcd\x86\xd5\xd3\x03:o\xe8\x0e\xab\xf9=\xe8\xe9\xcd\x19)\xe2\xd1/dsGHC\xab~\x00\xea\xbf\xa3\xd6\x9a\x80\xbf\xa7\xb2<\xb0\xac\x0bq6\x8e\r\xe5\xd1\xb8\xf4\xa7V\n'\xcd\x8a6x\xac\xcf\xa9\x7ft=\xda,\xf7\x8d\x96o@\x8a\x19\x08Z\xd2\xb5v\x1eSP_\x85\xae\xd8\xe81?@\x8b!\xeaIjJ\xd5\xd8yMA\x7f\x85\xae\xd8\xe81?"
2025-04-09 15:15:17 [DEBUG] _trace - trace: send_request_headers.complete
2025-04-09 15:15:17 [DEBUG] _trace - trace: send_request_body.started request=<Request [b'GET']> stream_id=1
2025-04-09 15:15:17 [DEBUG] _trace - trace: send_request_body.complete
2025-04-09 15:15:17 [DEBUG] _trace - trace: receive_response_headers.started request=<Request [b'GET']> stream_id=1
2025-04-09 15:15:17 [DEBUG] _trace - trace: receive_remote_settings.started
2025-04-09 15:15:17 [DEBUG] _trace - trace: receive_remote_settings.complete return_value=<RemoteSettingsChanged changed_settings:{ChangedSetting(setting=3, original_value=None, new_value=100), ChangedSetting(setting=4, original_value=65535, new_value=65536), ChangedSetting(setting=5, original_value=16384, new_value=16777215)}>
2025-04-09 15:15:18 [DEBUG] hpack - decode: Decoding b'?\xe1\x1f\x88a\x96\xe4Y>\x94\x03\xeaC]\x8a\x08\x02m@\xb3p-\xdc\x0b\xeab\xd1\xbf_\x96\x1du\xd0b\r&=LtA\xea\xfbP\x93\x8e\xc4\x150Z\x99V{^\x84\x02\xc0c\xe7@\x85$\xabX?_\x8f|R\r\xa6\xc8\xcb\xd28\xf3\xe5x\x8be\xd3w@\x8a$\xab\x10d\x9c\xab!#M\xa8\x86\xbf\xcfL:2^Z\x83\x9b\xd9\xab]\x99b\xb3\xd0bz\xff\x10Z\nD\xc0\xa8\xa1\xf8BF\x9bQ\x01{.2$\xdd\xcbx\xa0\xa4~V\x1c\xc5\x81\x90\xb6\xcb\x80\x00>\xd45D\xa2\xd9\x0b\xba\xd8\xef\x9e\x91\x9a\xa4}\xa9]\x85\xa0\xe3\x93{\x8b\x84\x84-i[\x05D<\x86\xaao@\x8b!\xeaIjJ\xd5\xd8yMA\x7f\x85\xae\xd8\xe81?@\x8dDkL4\x97\xc0\xfd-\xdc\xb6 \xc7\xab\x011@\x8aDkWa\xfa\x14\x89Z\xc2\xcb\x8f\xb6j\xfdwO\xbf}\x93\xee\xd3\x1a3%\x11\xd9@\x90\xf2\xb1\x0fRKRVO\xaa\xca\xb1\xebI\x8fR?\x85\xa8\xe8\xa8\xd2\xcb@\x8f\xf2\xb1j\xee\x7fK\r)-5\xa5b\x1e\xda\x93\x011@\x95\xf2\xb1j\xee\x7fK[Z\x13aGJ\xc8-\x9d\xccB\xac\x93R_\x0218v\x87%\x07\xb6Ih\x1d\x85@\x85\x1d\tY\x1d\xc9\x90\x9d\x98?\x9b\x8d4\xcf\xf3\xf6\xa5#\x81\xe7\x1a\x00?'
2025-04-09 15:15:18 [DEBUG] hpack - decode_integer: Decoded 4096, consumed 3 bytes
2025-04-09 15:15:18 [DEBUG] table - maxsize: Resizing header table to 4096 from 4096
2025-04-09 15:15:18 [DEBUG] hpack - decode_integer: Decoded 8, consumed 1 bytes
2025-04-09 15:15:18 [DEBUG] hpack - _decode_indexed: Decoded (b':status', b'200'), consumed 1
2025-04-09 15:15:18 [DEBUG] hpack - decode_integer: Decoded 33, consumed 1 bytes
2025-04-09 15:15:18 [DEBUG] hpack - decode_integer: Decoded 22, consumed 1 bytes
2025-04-09 15:15:18 [DEBUG] hpack - _decode_literal: Decoded (b'date', b'Wed, 09 Apr 2025 13:15:19 GMT'), total consumed 24 bytes, indexed True
2025-04-09 15:15:18 [DEBUG] hpack - decode_integer: Decoded 31, consumed 1 bytes
2025-04-09 15:15:18 [DEBUG] hpack - decode_integer: Decoded 22, consumed 1 bytes
2025-04-09 15:15:18 [DEBUG] hpack - _decode_literal: Decoded (b'content-type', b'application/json; charset=utf-8'), total consumed 24 bytes, indexed True
2025-04-09 15:15:18 [DEBUG] hpack - decode_integer: Decoded 30, consumed 1 bytes
2025-04-09 15:15:18 [DEBUG] hpack - decode_integer: Decoded 4, consumed 1 bytes
2025-04-09 15:15:18 [DEBUG] hpack - _decode_literal: Decoded (b'content-range', b'0-0/*'), total consumed 6 bytes, indexed True
2025-04-09 15:15:18 [DEBUG] hpack - decode_integer: Decoded 5, consumed 1 bytes
2025-04-09 15:15:18 [DEBUG] hpack - decode_integer: Decoded 15, consumed 1 bytes
2025-04-09 15:15:18 [DEBUG] hpack - _decode_literal: Decoded (b'cf-ray', b'92da45c38d689e8c-JNB'), total consumed 23 bytes, indexed True
2025-04-09 15:15:18 [DEBUG] hpack - decode_integer: Decoded 10, consumed 1 bytes
2025-04-09 15:15:18 [DEBUG] hpack - decode_integer: Decoded 6, consumed 1 bytes
2025-04-09 15:15:18 [DEBUG] hpack - _decode_literal: Decoded (b'cf-cache-status', b'DYNAMIC'), total consumed 19 bytes, indexed True
2025-04-09 15:15:18 [DEBUG] hpack - decode_integer: Decoded 26, consumed 1 bytes
2025-04-09 15:15:18 [DEBUG] hpack - decode_integer: Decoded 3, consumed 1 bytes
2025-04-09 15:15:18 [DEBUG] hpack - _decode_literal: Decoded (b'content-encoding', b'gzip'), total consumed 5 bytes, indexed True
2025-04-09 15:15:18 [DEBUG] hpack - decode_integer: Decoded 29, consumed 1 bytes
2025-04-09 15:15:18 [DEBUG] hpack - decode_integer: Decoded 25, consumed 1 bytes
2025-04-09 15:15:18 [DEBUG] hpack - _decode_literal: Decoded (b'content-location', b'/policy?select=%2A&status=eq.active'), total consumed 27 bytes, indexed True
2025-04-09 15:15:18 [DEBUG] hpack - decode_integer: Decoded 56, consumed 1 bytes
2025-04-09 15:15:18 [DEBUG] hpack - decode_integer: Decoded 32, consumed 1 bytes
2025-04-09 15:15:18 [DEBUG] hpack - _decode_literal: Decoded (b'strict-transport-security', b'max-age=31536000; includeSubDomains; preload'), total consumed 34 bytes, indexed True
2025-04-09 15:15:18 [DEBUG] hpack - decode_integer: Decoded 59, consumed 1 bytes
2025-04-09 15:15:18 [DEBUG] hpack - decode_integer: Decoded 11, consumed 1 bytes
2025-04-09 15:15:18 [DEBUG] hpack - _decode_literal: Decoded (b'vary', b'Accept-Encoding'), total consumed 13 bytes, indexed True
2025-04-09 15:15:18 [DEBUG] hpack - decode_integer: Decoded 11, consumed 1 bytes
2025-04-09 15:15:18 [DEBUG] hpack - decode_integer: Decoded 5, consumed 1 bytes
2025-04-09 15:15:18 [DEBUG] hpack - _decode_literal: Decoded (b'content-profile', b'public'), total consumed 19 bytes, indexed True
2025-04-09 15:15:18 [DEBUG] hpack - decode_integer: Decoded 13, consumed 1 bytes
2025-04-09 15:15:18 [DEBUG] hpack - decode_integer: Decoded 1, consumed 1 bytes
2025-04-09 15:15:18 [DEBUG] hpack - _decode_literal: Decoded (b'sb-gateway-version', <memory at 0x0000013D74074F40>), total consumed 17 bytes, indexed True
2025-04-09 15:15:18 [DEBUG] hpack - decode_integer: Decoded 10, consumed 1 bytes
2025-04-09 15:15:18 [DEBUG] hpack - decode_integer: Decoded 15, consumed 1 bytes
2025-04-09 15:15:18 [DEBUG] hpack - _decode_literal: Decoded (b'sb-project-ref', b'ugpyvtzzqtzuiibitsbr'), total consumed 28 bytes, indexed True
2025-04-09 15:15:18 [DEBUG] hpack - decode_integer: Decoded 16, consumed 1 bytes
2025-04-09 15:15:18 [DEBUG] hpack - decode_integer: Decoded 5, consumed 1 bytes
2025-04-09 15:15:18 [DEBUG] hpack - _decode_literal: Decoded (b'x-content-type-options', b'nosniff'), total consumed 24 bytes, indexed True
2025-04-09 15:15:18 [DEBUG] hpack - decode_integer: Decoded 15, consumed 1 bytes
2025-04-09 15:15:18 [DEBUG] hpack - decode_integer: Decoded 1, consumed 1 bytes
2025-04-09 15:15:18 [DEBUG] hpack - _decode_literal: Decoded (b'x-envoy-attempt-count', <memory at 0x0000013D74075000>), total consumed 19 bytes, indexed True
2025-04-09 15:15:18 [DEBUG] hpack - decode_integer: Decoded 21, consumed 1 bytes
2025-04-09 15:15:18 [DEBUG] hpack - decode_integer: Decoded 2, consumed 1 bytes
2025-04-09 15:15:18 [DEBUG] hpack - _decode_literal: Decoded (b'x-envoy-upstream-service-time', <memory at 0x0000013D74074E80>), total consumed 26 bytes, indexed True
2025-04-09 15:15:18 [DEBUG] hpack - decode_integer: Decoded 54, consumed 1 bytes
2025-04-09 15:15:18 [DEBUG] hpack - decode_integer: Decoded 7, consumed 1 bytes
2025-04-09 15:15:18 [DEBUG] hpack - _decode_literal: Decoded (b'server', b'cloudflare'), total consumed 9 bytes, indexed True
2025-04-09 15:15:18 [DEBUG] hpack - decode_integer: Decoded 5, consumed 1 bytes
2025-04-09 15:15:18 [DEBUG] hpack - decode_integer: Decoded 16, consumed 1 bytes
2025-04-09 15:15:18 [DEBUG] hpack - _decode_literal: Decoded (b'alt-svc', b'h3=":443"; ma=86400'), total consumed 24 bytes, indexed True
2025-04-09 15:15:18 [DEBUG] _trace - trace: receive_response_headers.complete return_value=(200, [(b'date', b'Wed, 09 Apr 2025 13:15:19 GMT'), (b'content-type', b'application/json; charset=utf-8'), (b'content-range', b'0-0/*'), (b'cf-ray', b'92da45c38d689e8c-JNB'), (b'cf-cache-status', b'DYNAMIC'), (b'content-encoding', b'gzip'), (b'content-location', b'/policy?select=%2A&status=eq.active'), (b'strict-transport-security', b'max-age=31536000; includeSubDomains; preload'), (b'vary', b'Accept-Encoding'), (b'content-profile', b'public'), (b'sb-gateway-version', b'1'), (b'sb-project-ref', b'ugpyvtzzqtzuiibitsbr'), (b'x-content-type-options', b'nosniff'), (b'x-envoy-attempt-count', b'1'), (b'x-envoy-upstream-service-time', b'18'), (b'server', b'cloudflare'), (b'alt-svc', b'h3=":443"; ma=86400')])
2025-04-09 15:15:18 [INFO] _client - _send_single_request: HTTP Request: GET https://ugpyvtzzqtzuiibitsbr.supabase.co/rest/v1/policy?select=%2A&status=eq.active "HTTP/2 200 OK"
2025-04-09 15:15:18 [DEBUG] _trace - trace: receive_response_body.started request=<Request [b'GET']> stream_id=1
2025-04-09 15:15:18 [DEBUG] _trace - trace: receive_response_body.complete
2025-04-09 15:15:18 [DEBUG] _trace - trace: response_closed.started stream_id=1
2025-04-09 15:15:18 [DEBUG] _trace - trace: response_closed.complete
2025-04-09 15:15:18 [INFO] daily_premium_checker - check_and_process_daily_premiums: Found 1 policyholders with active policies
2025-04-09 15:15:18 [DEBUG] _trace - trace: send_request_headers.started request=<Request [b'GET']> stream_id=3
2025-04-09 15:15:18 [DEBUG] hpack - add: Adding (b':method', b'GET') to the header table, sensitive:False, huffman:True
2025-04-09 15:15:18 [DEBUG] hpack - encode_integer: Encoding 2 with 7 bits
2025-04-09 15:15:18 [DEBUG] hpack - add: Adding (b':authority', b'ugpyvtzzqtzuiibitsbr.supabase.co') to the header table, sensitive:False, huffman:True
2025-04-09 15:15:18 [DEBUG] hpack - encode_integer: Encoding 70 with 7 bits
2025-04-09 15:15:18 [DEBUG] hpack - add: Adding (b':scheme', b'https') to the header table, sensitive:False, huffman:True
2025-04-09 15:15:18 [DEBUG] hpack - encode_integer: Encoding 7 with 7 bits
2025-04-09 15:15:18 [DEBUG] hpack - add: Adding (b':path', b'/rest/v1/policyholder?select=%2A&policyholder_id=eq.b290fe04-55a0-4ee6-841d-2e8142f1aaf6') to the header table, sensitive:False, huffman:True
2025-04-09 15:15:18 [DEBUG] hpack - encode_integer: Encoding 4 with 6 bits
2025-04-09 15:15:18 [DEBUG] hpack - encode_integer: Encoding 63 with 7 bits
2025-04-09 15:15:18 [DEBUG] hpack - add: Adding (b'accept', b'*/*') to the header table, sensitive:False, huffman:True
2025-04-09 15:15:18 [DEBUG] hpack - encode_integer: Encoding 69 with 7 bits
2025-04-09 15:15:18 [DEBUG] hpack - add: Adding (b'accept-encoding', b'gzip, deflate, br') to the header table, sensitive:False, huffman:True
2025-04-09 15:15:18 [DEBUG] hpack - encode_integer: Encoding 68 with 7 bits
2025-04-09 15:15:18 [DEBUG] hpack - add: Adding (b'user-agent', b'python-httpx/0.27.0') to the header table, sensitive:False, huffman:True
2025-04-09 15:15:18 [DEBUG] hpack - encode_integer: Encoding 67 with 7 bits
2025-04-09 15:15:18 [DEBUG] hpack - add: Adding (b'x-client-info', b'supabase-py/2.15.0') to the header table, sensitive:False, huffman:True
2025-04-09 15:15:18 [DEBUG] hpack - encode_integer: Encoding 66 with 7 bits
2025-04-09 15:15:18 [DEBUG] hpack - add: Adding (b'apikey', b'eyJhbGciOiJIUzI1NiIsInR5cCI6IkpXVCJ9.eyJpc3MiOiJzdXBhYmFzZSIsInJlZiI6InVncHl2dHp6cXR6dWlpYml0c2JyIiwicm9sZSI6ImFub24iLCJpYXQiOjE3NDM1ODIzMjYsImV4cCI6MjA1OTE1ODMyNn0.y8I8-2r15_5sU5JMSomtOElhKGb3V-3yfZM8q_LCiJg') to the header table, sensitive:False, huffman:True
2025-04-09 15:15:18 [DEBUG] hpack - encode_integer: Encoding 65 with 7 bits
2025-04-09 15:15:18 [DEBUG] hpack - add: Adding (b'authorization', b'Bearer eyJhbGciOiJIUzI1NiIsInR5cCI6IkpXVCJ9.eyJpc3MiOiJzdXBhYmFzZSIsInJlZiI6InVncHl2dHp6cXR6dWlpYml0c2JyIiwicm9sZSI6ImFub24iLCJpYXQiOjE3NDM1ODIzMjYsImV4cCI6MjA1OTE1ODMyNn0.y8I8-2r15_5sU5JMSomtOElhKGb3V-3yfZM8q_LCiJg') to the header table, sensitive:True, huffman:True
2025-04-09 15:15:18 [DEBUG] hpack - encode_integer: Encoding 23 with 4 bits
2025-04-09 15:15:18 [DEBUG] hpack - encode_integer: Encoding 171 with 7 bits
2025-04-09 15:15:18 [DEBUG] hpack - add: Adding (b'accept-profile', b'public') to the header table, sensitive:False, huffman:True
2025-04-09 15:15:18 [DEBUG] hpack - encode_integer: Encoding 64 with 7 bits
2025-04-09 15:15:18 [DEBUG] hpack - add: Adding (b'content-profile', b'public') to the header table, sensitive:False, huffman:True
2025-04-09 15:15:18 [DEBUG] hpack - encode_integer: Encoding 63 with 7 bits
2025-04-09 15:15:18 [DEBUG] hpack - encode: Encoded header block to b'\x82\xc6\x87D\xbfb\xc2\xa1,w\x0b\x15\x9e\x83\x13\xd4\xe7\xa2B\xd9\xfe \xb4\x14\x89\x81QC\xf1Y\xe81=Nz$-\x91\x1aH\x0b\xd9x\xc4\xf8%(\x1aY\xb6\xc6\x05\x9a)\\Y\xe6\x83"\xc2+\xc1hR\x84c\x95\xcf\xc5\xc4\xc3\xc2\xc1\x1f\x08\xff,\xbaQ\xd8[\x14/\xac\xb3\xc7\x88\x86\xd4l\xb98{\xc8\x1d&\xc8\x8c\x95ml\x97\xb29\x93\xad\x7f\x9coe}r\xfa\xcbY\x19\xd0mF\xcb\xeeO\xcb\xb3\xf3\xa7\x0f\xbf\xdd\xd9\x11\x92\xac\xb4~\x9b#\x99*\xe3Q1\xd0)1\xd6\xe1?6\xb9\'*+\xe7M\x00 \xb2\xfa\xc8o\x06%/\xa3\xf7vG2S\x86\xd8\xc4\xd1\xb3\xde\xcb_?\xcd\x86\xd5\xd3\x03:o\xe8\x0e\xab\xf9=\xe8\xe9\xcd\x19)\xe2\xd1/dsGHC\xab~\x00\xea\xbf\xa3\xd6\x9a\x80\xbf\xa7\xb2<\xb0\xac\x0bq6\x8e\r\xe5\xd1\xb8\xf4\xa7V\n\'\xcd\x8a6x\xac\xcf\xa9\x7ft=\xda,\xf7\x8d\x96o\xc0\xbf'
2025-04-09 15:15:18 [DEBUG] _trace - trace: send_request_headers.complete
2025-04-09 15:15:18 [DEBUG] _trace - trace: send_request_body.started request=<Request [b'GET']> stream_id=3
2025-04-09 15:15:18 [DEBUG] _trace - trace: send_request_body.complete
2025-04-09 15:15:18 [DEBUG] _trace - trace: receive_response_headers.started request=<Request [b'GET']> stream_id=3
2025-04-09 15:15:18 [DEBUG] hpack - decode: Decoding b"\x88a\x96\xe4Y>\x94\x03\xeaC]\x8a\x08\x02m@\xb3p-\xdc\x10\x14\xc5\xa3\x7f\xce\xcd\x7f\r\x8f|R\r\xa6\xc8\xf8\t,o\x95\xe2-\x97M\xdf\xcc\xcb]\xb9b\xb3\xd0bz\x9c\xf4H[?\xca\xcfA\x89\xeas\xd1!l\x88\xd2@^\xcb\xc6'\xc1)@\xd2\xcd\xb60,\xd1J\xe2\xcf4\x19\x16\x11^\x0bB\x94#\x1c\xae| \xb4\x14\x89\x81QC\xca\xc9\xc8\xc7\xc6\xc5\xc4\x7f\x04\x0217\xc3\xc2"
2025-04-09 15:15:18 [DEBUG] hpack - decode_integer: Decoded 8, consumed 1 bytes
2025-04-09 15:15:18 [DEBUG] hpack - _decode_indexed: Decoded (b':status', b'200'), consumed 1
2025-04-09 15:15:18 [DEBUG] hpack - decode_integer: Decoded 33, consumed 1 bytes
2025-04-09 15:15:18 [DEBUG] hpack - decode_integer: Decoded 22, consumed 1 bytes
2025-04-09 15:15:18 [DEBUG] hpack - _decode_literal: Decoded (b'date', b'Wed, 09 Apr 2025 13:15:20 GMT'), total consumed 24 bytes, indexed True
2025-04-09 15:15:18 [DEBUG] hpack - decode_integer: Decoded 78, consumed 1 bytes
2025-04-09 15:15:18 [DEBUG] hpack - _decode_indexed: Decoded (b'content-type', b'application/json; charset=utf-8'), consumed 1
2025-04-09 15:15:18 [DEBUG] hpack - decode_integer: Decoded 77, consumed 1 bytes
2025-04-09 15:15:18 [DEBUG] hpack - _decode_indexed: Decoded (b'content-range', b'0-0/*'), consumed 1
2025-04-09 15:15:18 [DEBUG] hpack - decode_integer: Decoded 76, consumed 2 bytes
2025-04-09 15:15:18 [DEBUG] hpack - decode_integer: Decoded 15, consumed 1 bytes
2025-04-09 15:15:18 [DEBUG] hpack - _decode_literal: Decoded (b'cf-ray', b'92da45c90cfb9e8c-JNB'), total consumed 18 bytes, indexed True
2025-04-09 15:15:18 [DEBUG] hpack - decode_integer: Decoded 76, consumed 1 bytes
2025-04-09 15:15:18 [DEBUG] hpack - _decode_indexed: Decoded (b'cf-cache-status', b'DYNAMIC'), consumed 1
2025-04-09 15:15:18 [DEBUG] hpack - decode_integer: Decoded 75, consumed 1 bytes
2025-04-09 15:15:18 [DEBUG] hpack - _decode_indexed: Decoded (b'content-encoding', b'gzip'), consumed 1
2025-04-09 15:15:18 [DEBUG] hpack - decode_integer: Decoded 29, consumed 1 bytes
2025-04-09 15:15:18 [DEBUG] hpack - decode_integer: Decoded 57, consumed 1 bytes
2025-04-09 15:15:18 [DEBUG] hpack - _decode_literal: Decoded (b'content-location', b'/policyholder?policyholder_id=eq.b290fe04-55a0-4ee6-841d-2e8142f1aaf6&select=%2A'), total consumed 59 bytes, indexed True
2025-04-09 15:15:18 [DEBUG] hpack - decode_integer: Decoded 74, consumed 1 bytes
2025-04-09 15:15:18 [DEBUG] hpack - _decode_indexed: Decoded (b'strict-transport-security', b'max-age=31536000; includeSubDomains; preload'), consumed 1
2025-04-09 15:15:18 [DEBUG] hpack - decode_integer: Decoded 73, consumed 1 bytes
2025-04-09 15:15:18 [DEBUG] hpack - _decode_indexed: Decoded (b'vary', b'Accept-Encoding'), consumed 1
2025-04-09 15:15:18 [DEBUG] hpack - decode_integer: Decoded 72, consumed 1 bytes
2025-04-09 15:15:18 [DEBUG] hpack - _decode_indexed: Decoded (b'content-profile', b'public'), consumed 1
2025-04-09 15:15:18 [DEBUG] hpack - decode_integer: Decoded 71, consumed 1 bytes
2025-04-09 15:15:18 [DEBUG] hpack - _decode_indexed: Decoded (b'sb-gateway-version', <memory at 0x0000013D74074F40>), consumed 1
2025-04-09 15:15:18 [DEBUG] hpack - decode_integer: Decoded 70, consumed 1 bytes
2025-04-09 15:15:18 [DEBUG] hpack - _decode_indexed: Decoded (b'sb-project-ref', b'ugpyvtzzqtzuiibitsbr'), consumed 1
2025-04-09 15:15:18 [DEBUG] hpack - decode_integer: Decoded 69, consumed 1 bytes
2025-04-09 15:15:18 [DEBUG] hpack - _decode_indexed: Decoded (b'x-content-type-options', b'nosniff'), consumed 1
2025-04-09 15:15:18 [DEBUG] hpack - decode_integer: Decoded 68, consumed 1 bytes
2025-04-09 15:15:18 [DEBUG] hpack - _decode_indexed: Decoded (b'x-envoy-attempt-count', <memory at 0x0000013D74075000>), consumed 1
2025-04-09 15:15:18 [DEBUG] hpack - decode_integer: Decoded 67, consumed 2 bytes
2025-04-09 15:15:18 [DEBUG] hpack - decode_integer: Decoded 2, consumed 1 bytes
2025-04-09 15:15:18 [DEBUG] hpack - _decode_literal: Decoded (b'x-envoy-upstream-service-time', <memory at 0x0000013D74075180>), total consumed 5 bytes, indexed True
2025-04-09 15:15:18 [DEBUG] hpack - decode_integer: Decoded 67, consumed 1 bytes
2025-04-09 15:15:18 [DEBUG] hpack - _decode_indexed: Decoded (b'server', b'cloudflare'), consumed 1
2025-04-09 15:15:18 [DEBUG] hpack - decode_integer: Decoded 66, consumed 1 bytes
2025-04-09 15:15:18 [DEBUG] hpack - _decode_indexed: Decoded (b'alt-svc', b'h3=":443"; ma=86400'), consumed 1
2025-04-09 15:15:18 [DEBUG] _trace - trace: receive_response_headers.complete return_value=(200, [(b'date', b'Wed, 09 Apr 2025 13:15:20 GMT'), (b'content-type', b'application/json; charset=utf-8'), (b'content-range', b'0-0/*'), (b'cf-ray', b'92da45c90cfb9e8c-JNB'), (b'cf-cache-status', b'DYNAMIC'), (b'content-encoding', b'gzip'), (b'content-location', b'/policyholder?policyholder_id=eq.b290fe04-55a0-4ee6-841d-2e8142f1aaf6&select=%2A'), (b'strict-transport-security', b'max-age=31536000; includeSubDomains; preload'), (b'vary', b'Accept-Encoding'), (b'content-profile', b'public'), (b'sb-gateway-version', b'1'), (b'sb-project-ref', b'ugpyvtzzqtzuiibitsbr'), (b'x-content-type-options', b'nosniff'), (b'x-envoy-attempt-count', b'1'), (b'x-envoy-upstream-service-time', b'17'), (b'server', b'cloudflare'), (b'alt-svc', b'h3=":443"; ma=86400')])
2025-04-09 15:15:18 [INFO] _client - _send_single_request: HTTP Request: GET https://ugpyvtzzqtzuiibitsbr.supabase.co/rest/v1/policyholder?select=%2A&policyholder_id=eq.b290fe04-55a0-4ee6-841d-2e8142f1aaf6 "HTTP/2 200 OK"
2025-04-09 15:15:18 [DEBUG] _trace - trace: receive_response_body.started request=<Request [b'GET']> stream_id=3
2025-04-09 15:15:18 [DEBUG] _trace - trace: receive_response_body.complete
2025-04-09 15:15:18 [DEBUG] _trace - trace: response_closed.started stream_id=3
2025-04-09 15:15:18 [DEBUG] _trace - trace: response_closed.complete
2025-04-09 15:15:18 [INFO] paynow_service - <module>: Paynow client initialized successfully
2025-04-09 15:15:18 [INFO] paynow_service - process_mobile_payment: Processing payment of $0.83 to +263786680563 via ecocash
2025-04-09 15:15:18 [DEBUG] connectionpool - _new_conn: Starting new HTTPS connection (1): www.paynow.co.zw:443
2025-04-09 15:15:19 [DEBUG] connectionpool - _make_request: https://www.paynow.co.zw:443 "POST /interface/remotetransaction HTTP/1.1" 200 171
2025-04-09 15:15:19 [ERROR] paynow_service - process_mobile_payment: Failed to initiate payment: <class 'str'>
2025-04-09 15:15:19 [WARNING] daily_premium_checker - check_and_process_daily_premiums: Daily premium payment failed for policyholder b290fe04-55a0-4ee6-841d-2e8142f1aaf6: <class 'str'>
2025-04-09 15:15:19 [INFO] daily_premium_checker - check_and_process_daily_premiums: Completed daily premium payments for 2025-04-09
2025-04-09 15:15:38 [INFO] supabase_service - get_supabase_client: Creating Supabase client
2025-04-09 15:15:38 [DEBUG] _config - load_ssl_context: load_ssl_context verify=True cert=None trust_env=True http2=False
2025-04-09 15:15:38 [DEBUG] _config - load_ssl_context_verify: load_verify_locations cafile='C:\\Users\\Silver\\AppData\\Local\\anaconda3\\Library\\ssl\\cacert.pem'
2025-04-09 15:15:44 [DEBUG] tpu_cluster_resolver - <module>: Falling back to TensorFlow client; we recommended you install the Cloud TPU client directly with pip install cloud-tpu-client.
2025-04-09 15:15:45 [DEBUG] __init__ - <module>: Creating converter from 7 to 5
2025-04-09 15:15:45 [DEBUG] __init__ - <module>: Creating converter from 5 to 7
2025-04-09 15:15:45 [DEBUG] __init__ - <module>: Creating converter from 7 to 5
2025-04-09 15:15:45 [DEBUG] __init__ - <module>: Creating converter from 5 to 7
2025-04-09 15:15:48 [INFO] utils - _init_num_threads: NumExpr defaulting to 4 threads.
2025-04-09 15:15:48 [DEBUG] __init__ - wrapper: matplotlib data path: C:\Users\Silver\AppData\Local\anaconda3\Lib\site-packages\matplotlib\mpl-data
2025-04-09 15:15:48 [DEBUG] __init__ - wrapper: CONFIGDIR=C:\Users\Silver\.matplotlib
2025-04-09 15:15:48 [DEBUG] __init__ - <module>: interactive is False
2025-04-09 15:15:48 [DEBUG] __init__ - <module>: platform is win32
2025-04-09 15:15:48 [DEBUG] __init__ - wrapper: CACHEDIR=C:\Users\Silver\.matplotlib
2025-04-09 15:15:48 [DEBUG] font_manager - _load_fontmanager: Using fontManager instance from C:\Users\Silver\.matplotlib\fontlist-v390.json
2025-04-09 15:15:52 [INFO] car_damage - __init__: Loaded car damage detection model from best.onnx
2025-04-09 15:15:52 [INFO] car_damage - <module>: Car damage detection model initialized successfully
2025-04-09 15:15:53 [WARNING] module_wrapper - _tfmw_add_deprecation_warning: From C:\Users\Silver\Desktop\TakaInsure2\app\blueprints\car_recognition.py:39: The name tf.GraphDef is deprecated. Please use tf.compat.v1.GraphDef instead.

2025-04-09 15:15:54 [INFO] car_recognition - <module>: Car make/model classifier initialized successfully
2025-04-09 15:15:54 [INFO] car_recognition - <module>: COCO labels loaded successfully
2025-04-09 15:15:54 [INFO] car_recognition - <module>: Loading YOLO model from disk...
2025-04-09 15:15:54 [INFO] car_recognition - <module>: YOLO model loaded with CUDA support
2025-04-09 15:15:55 [INFO] image_processing - <module>: Car make classifier initialized successfully
2025-04-09 15:15:55 [INFO] image_processing - initialize_yolo: YOLO model initialized successfully
2025-04-09 15:15:55 [INFO] __init__ - create_app: Application initialized successfully
2025-04-09 15:15:55 [INFO] daily_premium_checker - check_and_process_daily_premiums: Checking for daily premium payments for 2025-04-09
2025-04-09 15:15:55 [INFO] daily_premium_checker - start_premium_checker_thread: Started daily premium checker thread
2025-04-09 15:15:55 [INFO] supabase_service - get_supabase_client: Creating Supabase client
2025-04-09 15:15:55 [INFO] app - <module>: Daily premium checker enabled
2025-04-09 15:15:55 [DEBUG] _config - load_ssl_context: load_ssl_context verify=True cert=None trust_env=True http2=False
2025-04-09 15:15:55 [INFO] app - <module>: Starting application on port 5000 with debug=True
2025-04-09 15:15:55 [DEBUG] _config - load_ssl_context_verify: load_verify_locations cafile='C:\\Users\\Silver\\AppData\\Local\\anaconda3\\Library\\ssl\\cacert.pem'
2025-04-09 15:15:55 [WARNING] _internal - _log:  * Debugger is active!
2025-04-09 15:15:56 [DEBUG] _config - load_ssl_context: load_ssl_context verify=True cert=None trust_env=True http2=False
2025-04-09 15:15:56 [DEBUG] _config - load_ssl_context_verify: load_verify_locations cafile='C:\\Users\\Silver\\AppData\\Local\\anaconda3\\Library\\ssl\\cacert.pem'
2025-04-09 15:15:56 [DEBUG] _trace - trace: connect_tcp.started host='ugpyvtzzqtzuiibitsbr.supabase.co' port=443 local_address=None timeout=120 socket_options=None
2025-04-09 15:15:56 [DEBUG] _trace - trace: connect_tcp.complete return_value=<httpcore._backends.sync.SyncStream object at 0x00000171731CEC00>
2025-04-09 15:15:56 [DEBUG] _trace - trace: start_tls.started ssl_context=<ssl.SSLContext object at 0x0000017105B2E3D0> server_hostname='ugpyvtzzqtzuiibitsbr.supabase.co' timeout=120
2025-04-09 15:15:57 [DEBUG] _trace - trace: start_tls.complete return_value=<httpcore._backends.sync.SyncStream object at 0x0000017105B398B0>
2025-04-09 15:15:57 [DEBUG] _trace - trace: send_connection_init.started request=<Request [b'GET']>
2025-04-09 15:15:57 [DEBUG] _trace - trace: send_connection_init.complete
2025-04-09 15:15:57 [DEBUG] _trace - trace: send_request_headers.started request=<Request [b'GET']> stream_id=1
2025-04-09 15:15:57 [DEBUG] hpack - add: Adding (b':method', b'GET') to the header table, sensitive:False, huffman:True
2025-04-09 15:15:57 [DEBUG] hpack - encode_integer: Encoding 2 with 7 bits
2025-04-09 15:15:57 [DEBUG] hpack - add: Adding (b':authority', b'ugpyvtzzqtzuiibitsbr.supabase.co') to the header table, sensitive:False, huffman:True
2025-04-09 15:15:57 [DEBUG] hpack - encode_integer: Encoding 1 with 6 bits
2025-04-09 15:15:57 [DEBUG] hpack - encode_integer: Encoding 23 with 7 bits
2025-04-09 15:15:57 [DEBUG] hpack - add: Adding (b':scheme', b'https') to the header table, sensitive:False, huffman:True
2025-04-09 15:15:57 [DEBUG] hpack - encode_integer: Encoding 7 with 7 bits
2025-04-09 15:15:57 [DEBUG] hpack - add: Adding (b':path', b'/rest/v1/policy?select=%2A&status=eq.active') to the header table, sensitive:False, huffman:True
2025-04-09 15:15:57 [DEBUG] hpack - encode_integer: Encoding 4 with 6 bits
2025-04-09 15:15:57 [DEBUG] hpack - encode_integer: Encoding 31 with 7 bits
2025-04-09 15:15:57 [DEBUG] hpack - add: Adding (b'accept', b'*/*') to the header table, sensitive:False, huffman:True
2025-04-09 15:15:57 [DEBUG] hpack - encode_integer: Encoding 19 with 6 bits
2025-04-09 15:15:57 [DEBUG] hpack - encode_integer: Encoding 3 with 7 bits
2025-04-09 15:15:57 [DEBUG] hpack - add: Adding (b'accept-encoding', b'gzip, deflate, br') to the header table, sensitive:False, huffman:True
2025-04-09 15:15:57 [DEBUG] hpack - encode_integer: Encoding 16 with 6 bits
2025-04-09 15:15:57 [DEBUG] hpack - encode_integer: Encoding 13 with 7 bits
2025-04-09 15:15:57 [DEBUG] hpack - add: Adding (b'user-agent', b'python-httpx/0.27.0') to the header table, sensitive:False, huffman:True
2025-04-09 15:15:57 [DEBUG] hpack - encode_integer: Encoding 58 with 6 bits
2025-04-09 15:15:57 [DEBUG] hpack - encode_integer: Encoding 14 with 7 bits
2025-04-09 15:15:57 [DEBUG] hpack - add: Adding (b'x-client-info', b'supabase-py/2.15.0') to the header table, sensitive:False, huffman:True
2025-04-09 15:15:57 [DEBUG] hpack - encode_integer: Encoding 10 with 7 bits
2025-04-09 15:15:57 [DEBUG] hpack - encode_integer: Encoding 13 with 7 bits
2025-04-09 15:15:57 [DEBUG] hpack - add: Adding (b'apikey', b'eyJhbGciOiJIUzI1NiIsInR5cCI6IkpXVCJ9.eyJpc3MiOiJzdXBhYmFzZSIsInJlZiI6InVncHl2dHp6cXR6dWlpYml0c2JyIiwicm9sZSI6ImFub24iLCJpYXQiOjE3NDM1ODIzMjYsImV4cCI6MjA1OTE1ODMyNn0.y8I8-2r15_5sU5JMSomtOElhKGb3V-3yfZM8q_LCiJg') to the header table, sensitive:False, huffman:True
2025-04-09 15:15:57 [DEBUG] hpack - encode_integer: Encoding 5 with 7 bits
2025-04-09 15:15:57 [DEBUG] hpack - encode_integer: Encoding 166 with 7 bits
2025-04-09 15:15:57 [DEBUG] hpack - add: Adding (b'authorization', b'Bearer eyJhbGciOiJIUzI1NiIsInR5cCI6IkpXVCJ9.eyJpc3MiOiJzdXBhYmFzZSIsInJlZiI6InVncHl2dHp6cXR6dWlpYml0c2JyIiwicm9sZSI6ImFub24iLCJpYXQiOjE3NDM1ODIzMjYsImV4cCI6MjA1OTE1ODMyNn0.y8I8-2r15_5sU5JMSomtOElhKGb3V-3yfZM8q_LCiJg') to the header table, sensitive:True, huffman:True
2025-04-09 15:15:57 [DEBUG] hpack - encode_integer: Encoding 23 with 4 bits
2025-04-09 15:15:57 [DEBUG] hpack - encode_integer: Encoding 171 with 7 bits
2025-04-09 15:15:57 [DEBUG] hpack - add: Adding (b'accept-profile', b'public') to the header table, sensitive:False, huffman:True
2025-04-09 15:15:57 [DEBUG] hpack - encode_integer: Encoding 10 with 7 bits
2025-04-09 15:15:57 [DEBUG] hpack - encode_integer: Encoding 5 with 7 bits
2025-04-09 15:15:57 [DEBUG] hpack - add: Adding (b'content-profile', b'public') to the header table, sensitive:False, huffman:True
2025-04-09 15:15:57 [DEBUG] hpack - encode_integer: Encoding 11 with 7 bits
2025-04-09 15:15:57 [DEBUG] hpack - encode_integer: Encoding 5 with 7 bits
2025-04-09 15:15:57 [DEBUG] hpack - encode: Encoded header block to b"\x82A\x97\xb6j\xfdwO\xbf}\x93\xee\xd3\x1a3%\x11\xd8\xba-\xacq\x8d\x05\\\x87\x87D\x9fb\xc2\xa1,w\x0b\x15\x9e\x83\x13\xd7\xf8\x82\xd0R&\x05E\x0f\xc2\x124\xda\x88\x0b\xd9q\x91&\xee_S\x83\xf9c\xe7P\x8d\x9b\xd9\xab\xfaRB\xcb@\xd2_\xa5#\xb3z\x8e\xaf\xd2g=KN\x94\xd7\xe5\x80.'W\x07@\x8a\xf2\xb1(1jJ\xc6\xaaS\xff\x8dE\xb5\x8e1\xa0\xabW\xe9\x81.\x16\xd7\x07@\x85\x1df\xea__\xff'/\xac\xb3\xc7\x88\x86\xd4l\xb98{\xc8\x1d&\xc8\x8c\x95ml\x97\xb29\x93\xad\x7f\x9coe}r\xfa\xcbY\x19\xd0mF\xcb\xeeO\xcb\xb3\xf3\xa7\x0f\xbf\xdd\xd9\x11\x92\xac\xb4~\x9b#\x99*\xe3Q1\xd0)1\xd6\xe1?6\xb9'*+\xe7M\x00 \xb2\xfa\xc8o\x06%/\xa3\xf7vG2S\x86\xd8\xc4\xd1\xb3\xde\xcb_?\xcd\x86\xd5\xd3\x03:o\xe8\x0e\xab\xf9=\xe8\xe9\xcd\x19)\xe2\xd1/dsGHC\xab~\x00\xea\xbf\xa3\xd6\x9a\x80\xbf\xa7\xb2<\xb0\xac\x0bq6\x8e\r\xe5\xd1\xb8\xf4\xa7V\n'\xcd\x8a6x\xac\xcf\xa9\x7ft=\xda,\xf7\x8d\x96o\x1f\x08\xff,\xbaQ\xd8[\x14/\xac\xb3\xc7\x88\x86\xd4l\xb98{\xc8\x1d&\xc8\x8c\x95ml\x97\xb29\x93\xad\x7f\x9coe}r\xfa\xcbY\x19\xd0mF\xcb\xeeO\xcb\xb3\xf3\xa7\x0f\xbf\xdd\xd9\x11\x92\xac\xb4~\x9b#\x99*\xe3Q1\xd0)1\xd6\xe1?6\xb9'*+\xe7M\x00 \xb2\xfa\xc8o\x06%/\xa3\xf7vG2S\x86\xd8\xc4\xd1\xb3\xde\xcb_?\xcd\x86\xd5\xd3\x03:o\xe8\x0e\xab\xf9=\xe8\xe9\xcd\x19)\xe2\xd1/dsGHC\xab~\x00\xea\xbf\xa3\xd6\x9a\x80\xbf\xa7\xb2<\xb0\xac\x0bq6\x8e\r\xe5\xd1\xb8\xf4\xa7V\n'\xcd\x8a6x\xac\xcf\xa9\x7ft=\xda,\xf7\x8d\x96o@\x8a\x19\x08Z\xd2\xb5v\x1eSP_\x85\xae\xd8\xe81?@\x8b!\xeaIjJ\xd5\xd8yMA\x7f\x85\xae\xd8\xe81?"
2025-04-09 15:15:57 [DEBUG] _trace - trace: send_request_headers.complete
2025-04-09 15:15:57 [DEBUG] _trace - trace: send_request_body.started request=<Request [b'GET']> stream_id=1
2025-04-09 15:15:57 [DEBUG] _trace - trace: send_request_body.complete
2025-04-09 15:15:57 [DEBUG] _trace - trace: receive_response_headers.started request=<Request [b'GET']> stream_id=1
2025-04-09 15:15:57 [DEBUG] _trace - trace: receive_remote_settings.started
2025-04-09 15:15:57 [DEBUG] _trace - trace: receive_remote_settings.complete return_value=<RemoteSettingsChanged changed_settings:{ChangedSetting(setting=3, original_value=None, new_value=100), ChangedSetting(setting=4, original_value=65535, new_value=65536), ChangedSetting(setting=5, original_value=16384, new_value=16777215)}>
2025-04-09 15:15:57 [DEBUG] hpack - decode: Decoding b'?\xe1\x1f\x88a\x96\xe4Y>\x94\x03\xeaC]\x8a\x08\x02m@\xb3p-\xdcm\xf51h\xdf_\x96\x1du\xd0b\r&=LtA\xea\xfbP\x93\x8e\xc4\x150Z\x99V{^\x84\x02\xc0c\xe7@\x85$\xabX?_\x8f|R\r\xa7#|\x8f\xba\xd3\xac\xca%\xb2\xe9\xbb@\x8a$\xab\x10d\x9c\xab!#M\xa8\x86\xbf\xcfL:2^Z\x83\x9b\xd9\xab]\x99b\xb3\xd0bz\xff\x10Z\nD\xc0\xa8\xa1\xf8BF\x9bQ\x01{.2$\xdd\xcbx\xa0\xa4~V\x1c\xc5\x81\x90\xb6\xcb\x80\x00>\xd45D\xa2\xd9\x0b\xba\xd8\xef\x9e\x91\x9a\xa4}\xa9]\x85\xa0\xe3\x93{\x8b\x84\x84-i[\x05D<\x86\xaao@\x8b!\xeaIjJ\xd5\xd8yMA\x7f\x85\xae\xd8\xe81?@\x8dDkL4\x97\xc0\xfd-\xdc\xb6 \xc7\xab\x011@\x8aDkWa\xfa\x14\x89Z\xc2\xcb\x8f\xb6j\xfdwO\xbf}\x93\xee\xd3\x1a3%\x11\xd9@\x90\xf2\xb1\x0fRKRVO\xaa\xca\xb1\xebI\x8fR?\x85\xa8\xe8\xa8\xd2\xcb@\x8f\xf2\xb1j\xee\x7fK\r)-5\xa5b\x1e\xda\x93\x011@\x95\xf2\xb1j\xee\x7fK[Z\x13aGJ\xc8-\x9d\xccB\xac\x93R_\x0216v\x87%\x07\xb6Ih\x1d\x85@\x85\x1d\tY\x1d\xc9\x90\x9d\x98?\x9b\x8d4\xcf\xf3\xf6\xa5#\x81\xe7\x1a\x00?'
2025-04-09 15:15:57 [DEBUG] hpack - decode_integer: Decoded 4096, consumed 3 bytes
2025-04-09 15:15:57 [DEBUG] table - maxsize: Resizing header table to 4096 from 4096
2025-04-09 15:15:57 [DEBUG] hpack - decode_integer: Decoded 8, consumed 1 bytes
2025-04-09 15:15:57 [DEBUG] hpack - _decode_indexed: Decoded (b':status', b'200'), consumed 1
2025-04-09 15:15:57 [DEBUG] hpack - decode_integer: Decoded 33, consumed 1 bytes
2025-04-09 15:15:57 [DEBUG] hpack - decode_integer: Decoded 22, consumed 1 bytes
2025-04-09 15:15:57 [DEBUG] hpack - _decode_literal: Decoded (b'date', b'Wed, 09 Apr 2025 13:15:59 GMT'), total consumed 24 bytes, indexed True
2025-04-09 15:15:57 [DEBUG] hpack - decode_integer: Decoded 31, consumed 1 bytes
2025-04-09 15:15:57 [DEBUG] hpack - decode_integer: Decoded 22, consumed 1 bytes
2025-04-09 15:15:57 [DEBUG] hpack - _decode_literal: Decoded (b'content-type', b'application/json; charset=utf-8'), total consumed 24 bytes, indexed True
2025-04-09 15:15:57 [DEBUG] hpack - decode_integer: Decoded 30, consumed 1 bytes
2025-04-09 15:15:57 [DEBUG] hpack - decode_integer: Decoded 4, consumed 1 bytes
2025-04-09 15:15:57 [DEBUG] hpack - _decode_literal: Decoded (b'content-range', b'0-0/*'), total consumed 6 bytes, indexed True
2025-04-09 15:15:57 [DEBUG] hpack - decode_integer: Decoded 5, consumed 1 bytes
2025-04-09 15:15:57 [DEBUG] hpack - decode_integer: Decoded 15, consumed 1 bytes
2025-04-09 15:15:58 [DEBUG] hpack - _decode_literal: Decoded (b'cf-ray', b'92da46b9c97473f2-JNB'), total consumed 23 bytes, indexed True
2025-04-09 15:15:58 [DEBUG] hpack - decode_integer: Decoded 10, consumed 1 bytes
2025-04-09 15:15:58 [DEBUG] hpack - decode_integer: Decoded 6, consumed 1 bytes
2025-04-09 15:15:58 [DEBUG] hpack - _decode_literal: Decoded (b'cf-cache-status', b'DYNAMIC'), total consumed 19 bytes, indexed True
2025-04-09 15:15:58 [DEBUG] hpack - decode_integer: Decoded 26, consumed 1 bytes
2025-04-09 15:15:58 [DEBUG] hpack - decode_integer: Decoded 3, consumed 1 bytes
2025-04-09 15:15:58 [DEBUG] hpack - _decode_literal: Decoded (b'content-encoding', b'gzip'), total consumed 5 bytes, indexed True
2025-04-09 15:15:58 [DEBUG] hpack - decode_integer: Decoded 29, consumed 1 bytes
2025-04-09 15:15:58 [DEBUG] hpack - decode_integer: Decoded 25, consumed 1 bytes
2025-04-09 15:15:58 [DEBUG] hpack - _decode_literal: Decoded (b'content-location', b'/policy?select=%2A&status=eq.active'), total consumed 27 bytes, indexed True
2025-04-09 15:15:58 [DEBUG] hpack - decode_integer: Decoded 56, consumed 1 bytes
2025-04-09 15:15:58 [DEBUG] hpack - decode_integer: Decoded 32, consumed 1 bytes
2025-04-09 15:15:58 [DEBUG] hpack - _decode_literal: Decoded (b'strict-transport-security', b'max-age=31536000; includeSubDomains; preload'), total consumed 34 bytes, indexed True
2025-04-09 15:15:58 [DEBUG] hpack - decode_integer: Decoded 59, consumed 1 bytes
2025-04-09 15:15:58 [DEBUG] hpack - decode_integer: Decoded 11, consumed 1 bytes
2025-04-09 15:15:58 [DEBUG] hpack - _decode_literal: Decoded (b'vary', b'Accept-Encoding'), total consumed 13 bytes, indexed True
2025-04-09 15:15:58 [DEBUG] hpack - decode_integer: Decoded 11, consumed 1 bytes
2025-04-09 15:15:58 [DEBUG] hpack - decode_integer: Decoded 5, consumed 1 bytes
2025-04-09 15:15:58 [DEBUG] hpack - _decode_literal: Decoded (b'content-profile', b'public'), total consumed 19 bytes, indexed True
2025-04-09 15:15:58 [DEBUG] hpack - decode_integer: Decoded 13, consumed 1 bytes
2025-04-09 15:15:58 [DEBUG] hpack - decode_integer: Decoded 1, consumed 1 bytes
2025-04-09 15:15:58 [DEBUG] hpack - _decode_literal: Decoded (b'sb-gateway-version', <memory at 0x0000017105B0CF40>), total consumed 17 bytes, indexed True
2025-04-09 15:15:58 [DEBUG] hpack - decode_integer: Decoded 10, consumed 1 bytes
2025-04-09 15:15:58 [DEBUG] hpack - decode_integer: Decoded 15, consumed 1 bytes
2025-04-09 15:15:58 [DEBUG] hpack - _decode_literal: Decoded (b'sb-project-ref', b'ugpyvtzzqtzuiibitsbr'), total consumed 28 bytes, indexed True
2025-04-09 15:15:58 [DEBUG] hpack - decode_integer: Decoded 16, consumed 1 bytes
2025-04-09 15:15:58 [DEBUG] hpack - decode_integer: Decoded 5, consumed 1 bytes
2025-04-09 15:15:58 [DEBUG] hpack - _decode_literal: Decoded (b'x-content-type-options', b'nosniff'), total consumed 24 bytes, indexed True
2025-04-09 15:15:58 [DEBUG] hpack - decode_integer: Decoded 15, consumed 1 bytes
2025-04-09 15:15:58 [DEBUG] hpack - decode_integer: Decoded 1, consumed 1 bytes
2025-04-09 15:15:58 [DEBUG] hpack - _decode_literal: Decoded (b'x-envoy-attempt-count', <memory at 0x0000017105B0D000>), total consumed 19 bytes, indexed True
2025-04-09 15:15:58 [DEBUG] hpack - decode_integer: Decoded 21, consumed 1 bytes
2025-04-09 15:15:58 [DEBUG] hpack - decode_integer: Decoded 2, consumed 1 bytes
2025-04-09 15:15:58 [DEBUG] hpack - _decode_literal: Decoded (b'x-envoy-upstream-service-time', <memory at 0x0000017105B0CE80>), total consumed 26 bytes, indexed True
2025-04-09 15:15:58 [DEBUG] hpack - decode_integer: Decoded 54, consumed 1 bytes
2025-04-09 15:15:58 [DEBUG] hpack - decode_integer: Decoded 7, consumed 1 bytes
2025-04-09 15:15:58 [DEBUG] hpack - _decode_literal: Decoded (b'server', b'cloudflare'), total consumed 9 bytes, indexed True
2025-04-09 15:15:58 [DEBUG] hpack - decode_integer: Decoded 5, consumed 1 bytes
2025-04-09 15:15:58 [DEBUG] hpack - decode_integer: Decoded 16, consumed 1 bytes
2025-04-09 15:15:58 [DEBUG] hpack - _decode_literal: Decoded (b'alt-svc', b'h3=":443"; ma=86400'), total consumed 24 bytes, indexed True
2025-04-09 15:15:58 [DEBUG] _trace - trace: receive_response_headers.complete return_value=(200, [(b'date', b'Wed, 09 Apr 2025 13:15:59 GMT'), (b'content-type', b'application/json; charset=utf-8'), (b'content-range', b'0-0/*'), (b'cf-ray', b'92da46b9c97473f2-JNB'), (b'cf-cache-status', b'DYNAMIC'), (b'content-encoding', b'gzip'), (b'content-location', b'/policy?select=%2A&status=eq.active'), (b'strict-transport-security', b'max-age=31536000; includeSubDomains; preload'), (b'vary', b'Accept-Encoding'), (b'content-profile', b'public'), (b'sb-gateway-version', b'1'), (b'sb-project-ref', b'ugpyvtzzqtzuiibitsbr'), (b'x-content-type-options', b'nosniff'), (b'x-envoy-attempt-count', b'1'), (b'x-envoy-upstream-service-time', b'16'), (b'server', b'cloudflare'), (b'alt-svc', b'h3=":443"; ma=86400')])
2025-04-09 15:15:58 [INFO] _client - _send_single_request: HTTP Request: GET https://ugpyvtzzqtzuiibitsbr.supabase.co/rest/v1/policy?select=%2A&status=eq.active "HTTP/2 200 OK"
2025-04-09 15:15:58 [DEBUG] _trace - trace: receive_response_body.started request=<Request [b'GET']> stream_id=1
2025-04-09 15:15:58 [DEBUG] _trace - trace: receive_response_body.complete
2025-04-09 15:15:58 [DEBUG] _trace - trace: response_closed.started stream_id=1
2025-04-09 15:15:58 [DEBUG] _trace - trace: response_closed.complete
2025-04-09 15:15:58 [INFO] daily_premium_checker - check_and_process_daily_premiums: Found 1 policyholders with active policies
2025-04-09 15:15:58 [DEBUG] _trace - trace: send_request_headers.started request=<Request [b'GET']> stream_id=3
2025-04-09 15:15:58 [DEBUG] hpack - add: Adding (b':method', b'GET') to the header table, sensitive:False, huffman:True
2025-04-09 15:15:58 [DEBUG] hpack - encode_integer: Encoding 2 with 7 bits
2025-04-09 15:15:58 [DEBUG] hpack - add: Adding (b':authority', b'ugpyvtzzqtzuiibitsbr.supabase.co') to the header table, sensitive:False, huffman:True
2025-04-09 15:15:58 [DEBUG] hpack - encode_integer: Encoding 70 with 7 bits
2025-04-09 15:15:58 [DEBUG] hpack - add: Adding (b':scheme', b'https') to the header table, sensitive:False, huffman:True
2025-04-09 15:15:58 [DEBUG] hpack - encode_integer: Encoding 7 with 7 bits
2025-04-09 15:15:58 [DEBUG] hpack - add: Adding (b':path', b'/rest/v1/policyholder?select=%2A&policyholder_id=eq.b290fe04-55a0-4ee6-841d-2e8142f1aaf6') to the header table, sensitive:False, huffman:True
2025-04-09 15:15:58 [DEBUG] hpack - encode_integer: Encoding 4 with 6 bits
2025-04-09 15:15:58 [DEBUG] hpack - encode_integer: Encoding 63 with 7 bits
2025-04-09 15:15:58 [DEBUG] hpack - add: Adding (b'accept', b'*/*') to the header table, sensitive:False, huffman:True
2025-04-09 15:15:58 [DEBUG] hpack - encode_integer: Encoding 69 with 7 bits
2025-04-09 15:15:58 [DEBUG] hpack - add: Adding (b'accept-encoding', b'gzip, deflate, br') to the header table, sensitive:False, huffman:True
2025-04-09 15:15:58 [DEBUG] hpack - encode_integer: Encoding 68 with 7 bits
2025-04-09 15:15:58 [DEBUG] hpack - add: Adding (b'user-agent', b'python-httpx/0.27.0') to the header table, sensitive:False, huffman:True
2025-04-09 15:15:58 [DEBUG] hpack - encode_integer: Encoding 67 with 7 bits
2025-04-09 15:15:58 [DEBUG] hpack - add: Adding (b'x-client-info', b'supabase-py/2.15.0') to the header table, sensitive:False, huffman:True
2025-04-09 15:15:58 [DEBUG] hpack - encode_integer: Encoding 66 with 7 bits
2025-04-09 15:15:58 [DEBUG] hpack - add: Adding (b'apikey', b'eyJhbGciOiJIUzI1NiIsInR5cCI6IkpXVCJ9.eyJpc3MiOiJzdXBhYmFzZSIsInJlZiI6InVncHl2dHp6cXR6dWlpYml0c2JyIiwicm9sZSI6ImFub24iLCJpYXQiOjE3NDM1ODIzMjYsImV4cCI6MjA1OTE1ODMyNn0.y8I8-2r15_5sU5JMSomtOElhKGb3V-3yfZM8q_LCiJg') to the header table, sensitive:False, huffman:True
2025-04-09 15:15:58 [DEBUG] hpack - encode_integer: Encoding 65 with 7 bits
2025-04-09 15:15:58 [DEBUG] hpack - add: Adding (b'authorization', b'Bearer eyJhbGciOiJIUzI1NiIsInR5cCI6IkpXVCJ9.eyJpc3MiOiJzdXBhYmFzZSIsInJlZiI6InVncHl2dHp6cXR6dWlpYml0c2JyIiwicm9sZSI6ImFub24iLCJpYXQiOjE3NDM1ODIzMjYsImV4cCI6MjA1OTE1ODMyNn0.y8I8-2r15_5sU5JMSomtOElhKGb3V-3yfZM8q_LCiJg') to the header table, sensitive:True, huffman:True
2025-04-09 15:15:58 [DEBUG] hpack - encode_integer: Encoding 23 with 4 bits
2025-04-09 15:15:58 [DEBUG] hpack - encode_integer: Encoding 171 with 7 bits
2025-04-09 15:15:58 [DEBUG] hpack - add: Adding (b'accept-profile', b'public') to the header table, sensitive:False, huffman:True
2025-04-09 15:15:58 [DEBUG] hpack - encode_integer: Encoding 64 with 7 bits
2025-04-09 15:15:58 [DEBUG] hpack - add: Adding (b'content-profile', b'public') to the header table, sensitive:False, huffman:True
2025-04-09 15:15:58 [DEBUG] hpack - encode_integer: Encoding 63 with 7 bits
2025-04-09 15:15:58 [DEBUG] hpack - encode: Encoded header block to b'\x82\xc6\x87D\xbfb\xc2\xa1,w\x0b\x15\x9e\x83\x13\xd4\xe7\xa2B\xd9\xfe \xb4\x14\x89\x81QC\xf1Y\xe81=Nz$-\x91\x1aH\x0b\xd9x\xc4\xf8%(\x1aY\xb6\xc6\x05\x9a)\\Y\xe6\x83"\xc2+\xc1hR\x84c\x95\xcf\xc5\xc4\xc3\xc2\xc1\x1f\x08\xff,\xbaQ\xd8[\x14/\xac\xb3\xc7\x88\x86\xd4l\xb98{\xc8\x1d&\xc8\x8c\x95ml\x97\xb29\x93\xad\x7f\x9coe}r\xfa\xcbY\x19\xd0mF\xcb\xeeO\xcb\xb3\xf3\xa7\x0f\xbf\xdd\xd9\x11\x92\xac\xb4~\x9b#\x99*\xe3Q1\xd0)1\xd6\xe1?6\xb9\'*+\xe7M\x00 \xb2\xfa\xc8o\x06%/\xa3\xf7vG2S\x86\xd8\xc4\xd1\xb3\xde\xcb_?\xcd\x86\xd5\xd3\x03:o\xe8\x0e\xab\xf9=\xe8\xe9\xcd\x19)\xe2\xd1/dsGHC\xab~\x00\xea\xbf\xa3\xd6\x9a\x80\xbf\xa7\xb2<\xb0\xac\x0bq6\x8e\r\xe5\xd1\xb8\xf4\xa7V\n\'\xcd\x8a6x\xac\xcf\xa9\x7ft=\xda,\xf7\x8d\x96o\xc0\xbf'
2025-04-09 15:15:58 [DEBUG] _trace - trace: send_request_headers.complete
2025-04-09 15:15:58 [DEBUG] _trace - trace: send_request_body.started request=<Request [b'GET']> stream_id=3
2025-04-09 15:15:58 [DEBUG] _trace - trace: send_request_body.complete
2025-04-09 15:15:58 [DEBUG] _trace - trace: receive_response_headers.started request=<Request [b'GET']> stream_id=3
2025-04-09 15:15:59 [DEBUG] hpack - decode: Decoding b"\x88a\x96\xe4Y>\x94\x03\xeaC]\x8a\x08\x02m@\xb3p.\\\x00\x14\xc5\xa3\x7f\xce\xcd\x7f\r\x8f|R\r\xa7\x08\xc8d\x95\xd7Y\x94Ke\xd3w\xcc\xcb]\xb9b\xb3\xd0bz\x9c\xf4H[?\xca\xcfA\x89\xeas\xd1!l\x88\xd2@^\xcb\xc6'\xc1)@\xd2\xcd\xb60,\xd1J\xe2\xcf4\x19\x16\x11^\x0bB\x94#\x1c\xae| \xb4\x14\x89\x81QC\xca\xc9\xc8\xc7\xc6\xc5\xc4\x7f\x04\x0215\xc3\xc2"
2025-04-09 15:15:59 [DEBUG] hpack - decode_integer: Decoded 8, consumed 1 bytes
2025-04-09 15:15:59 [DEBUG] hpack - _decode_indexed: Decoded (b':status', b'200'), consumed 1
2025-04-09 15:15:59 [DEBUG] hpack - decode_integer: Decoded 33, consumed 1 bytes
2025-04-09 15:15:59 [DEBUG] hpack - decode_integer: Decoded 22, consumed 1 bytes
2025-04-09 15:15:59 [DEBUG] hpack - _decode_literal: Decoded (b'date', b'Wed, 09 Apr 2025 13:16:00 GMT'), total consumed 24 bytes, indexed True
2025-04-09 15:15:59 [DEBUG] hpack - decode_integer: Decoded 78, consumed 1 bytes
2025-04-09 15:15:59 [DEBUG] hpack - _decode_indexed: Decoded (b'content-type', b'application/json; charset=utf-8'), consumed 1
2025-04-09 15:15:59 [DEBUG] hpack - decode_integer: Decoded 77, consumed 1 bytes
2025-04-09 15:15:59 [DEBUG] hpack - _decode_indexed: Decoded (b'content-range', b'0-0/*'), consumed 1
2025-04-09 15:15:59 [DEBUG] hpack - decode_integer: Decoded 76, consumed 2 bytes
2025-04-09 15:15:59 [DEBUG] hpack - decode_integer: Decoded 15, consumed 1 bytes
2025-04-09 15:15:59 [DEBUG] hpack - _decode_literal: Decoded (b'cf-ray', b'92da46c31df773f2-JNB'), total consumed 18 bytes, indexed True
2025-04-09 15:15:59 [DEBUG] hpack - decode_integer: Decoded 76, consumed 1 bytes
2025-04-09 15:15:59 [DEBUG] hpack - _decode_indexed: Decoded (b'cf-cache-status', b'DYNAMIC'), consumed 1
2025-04-09 15:15:59 [DEBUG] hpack - decode_integer: Decoded 75, consumed 1 bytes
2025-04-09 15:15:59 [DEBUG] hpack - _decode_indexed: Decoded (b'content-encoding', b'gzip'), consumed 1
2025-04-09 15:15:59 [DEBUG] hpack - decode_integer: Decoded 29, consumed 1 bytes
2025-04-09 15:15:59 [DEBUG] hpack - decode_integer: Decoded 57, consumed 1 bytes
2025-04-09 15:15:59 [DEBUG] hpack - _decode_literal: Decoded (b'content-location', b'/policyholder?policyholder_id=eq.b290fe04-55a0-4ee6-841d-2e8142f1aaf6&select=%2A'), total consumed 59 bytes, indexed True
2025-04-09 15:15:59 [DEBUG] hpack - decode_integer: Decoded 74, consumed 1 bytes
2025-04-09 15:15:59 [DEBUG] hpack - _decode_indexed: Decoded (b'strict-transport-security', b'max-age=31536000; includeSubDomains; preload'), consumed 1
2025-04-09 15:15:59 [DEBUG] hpack - decode_integer: Decoded 73, consumed 1 bytes
2025-04-09 15:15:59 [DEBUG] hpack - _decode_indexed: Decoded (b'vary', b'Accept-Encoding'), consumed 1
2025-04-09 15:15:59 [DEBUG] hpack - decode_integer: Decoded 72, consumed 1 bytes
2025-04-09 15:15:59 [DEBUG] hpack - _decode_indexed: Decoded (b'content-profile', b'public'), consumed 1
2025-04-09 15:15:59 [DEBUG] hpack - decode_integer: Decoded 71, consumed 1 bytes
2025-04-09 15:15:59 [DEBUG] hpack - _decode_indexed: Decoded (b'sb-gateway-version', <memory at 0x0000017105B0CF40>), consumed 1
2025-04-09 15:15:59 [DEBUG] hpack - decode_integer: Decoded 70, consumed 1 bytes
2025-04-09 15:15:59 [DEBUG] hpack - _decode_indexed: Decoded (b'sb-project-ref', b'ugpyvtzzqtzuiibitsbr'), consumed 1
2025-04-09 15:15:59 [DEBUG] hpack - decode_integer: Decoded 69, consumed 1 bytes
2025-04-09 15:15:59 [DEBUG] hpack - _decode_indexed: Decoded (b'x-content-type-options', b'nosniff'), consumed 1
2025-04-09 15:15:59 [DEBUG] hpack - decode_integer: Decoded 68, consumed 1 bytes
2025-04-09 15:15:59 [DEBUG] hpack - _decode_indexed: Decoded (b'x-envoy-attempt-count', <memory at 0x0000017105B0D000>), consumed 1
2025-04-09 15:15:59 [DEBUG] hpack - decode_integer: Decoded 67, consumed 2 bytes
2025-04-09 15:15:59 [DEBUG] hpack - decode_integer: Decoded 2, consumed 1 bytes
2025-04-09 15:15:59 [DEBUG] hpack - _decode_literal: Decoded (b'x-envoy-upstream-service-time', <memory at 0x0000017105B0D180>), total consumed 5 bytes, indexed True
2025-04-09 15:15:59 [DEBUG] hpack - decode_integer: Decoded 67, consumed 1 bytes
2025-04-09 15:15:59 [DEBUG] hpack - _decode_indexed: Decoded (b'server', b'cloudflare'), consumed 1
2025-04-09 15:15:59 [DEBUG] hpack - decode_integer: Decoded 66, consumed 1 bytes
2025-04-09 15:15:59 [DEBUG] hpack - _decode_indexed: Decoded (b'alt-svc', b'h3=":443"; ma=86400'), consumed 1
2025-04-09 15:15:59 [DEBUG] _trace - trace: receive_response_headers.complete return_value=(200, [(b'date', b'Wed, 09 Apr 2025 13:16:00 GMT'), (b'content-type', b'application/json; charset=utf-8'), (b'content-range', b'0-0/*'), (b'cf-ray', b'92da46c31df773f2-JNB'), (b'cf-cache-status', b'DYNAMIC'), (b'content-encoding', b'gzip'), (b'content-location', b'/policyholder?policyholder_id=eq.b290fe04-55a0-4ee6-841d-2e8142f1aaf6&select=%2A'), (b'strict-transport-security', b'max-age=31536000; includeSubDomains; preload'), (b'vary', b'Accept-Encoding'), (b'content-profile', b'public'), (b'sb-gateway-version', b'1'), (b'sb-project-ref', b'ugpyvtzzqtzuiibitsbr'), (b'x-content-type-options', b'nosniff'), (b'x-envoy-attempt-count', b'1'), (b'x-envoy-upstream-service-time', b'15'), (b'server', b'cloudflare'), (b'alt-svc', b'h3=":443"; ma=86400')])
2025-04-09 15:15:59 [INFO] _client - _send_single_request: HTTP Request: GET https://ugpyvtzzqtzuiibitsbr.supabase.co/rest/v1/policyholder?select=%2A&policyholder_id=eq.b290fe04-55a0-4ee6-841d-2e8142f1aaf6 "HTTP/2 200 OK"
2025-04-09 15:15:59 [DEBUG] _trace - trace: receive_response_body.started request=<Request [b'GET']> stream_id=3
2025-04-09 15:15:59 [DEBUG] _trace - trace: receive_response_body.complete
2025-04-09 15:15:59 [DEBUG] _trace - trace: response_closed.started stream_id=3
2025-04-09 15:15:59 [DEBUG] _trace - trace: response_closed.complete
2025-04-09 15:15:59 [INFO] paynow_service - <module>: Paynow client initialized successfully
2025-04-09 15:15:59 [INFO] paynow_service - process_mobile_payment: Processing payment of $0.83 to +263786680563 via ecocash
2025-04-09 15:15:59 [DEBUG] connectionpool - _new_conn: Starting new HTTPS connection (1): www.paynow.co.zw:443
2025-04-09 15:15:59 [DEBUG] connectionpool - _make_request: https://www.paynow.co.zw:443 "POST /interface/remotetransaction HTTP/1.1" 200 171
2025-04-09 15:15:59 [ERROR] paynow_service - process_mobile_payment: Failed to initiate payment: <class 'str'>
2025-04-09 15:15:59 [WARNING] daily_premium_checker - check_and_process_daily_premiums: Daily premium payment failed for policyholder b290fe04-55a0-4ee6-841d-2e8142f1aaf6: <class 'str'>
2025-04-09 15:15:59 [INFO] daily_premium_checker - check_and_process_daily_premiums: Completed daily premium payments for 2025-04-09
2025-04-09 15:16:12 [INFO] supabase_service - get_supabase_client: Creating Supabase client
2025-04-09 15:16:12 [DEBUG] _config - load_ssl_context: load_ssl_context verify=True cert=None trust_env=True http2=False
2025-04-09 15:16:12 [DEBUG] _config - load_ssl_context_verify: load_verify_locations cafile='C:\\Users\\Silver\\AppData\\Local\\anaconda3\\Library\\ssl\\cacert.pem'
2025-04-09 15:16:17 [DEBUG] tpu_cluster_resolver - <module>: Falling back to TensorFlow client; we recommended you install the Cloud TPU client directly with pip install cloud-tpu-client.
2025-04-09 15:16:18 [DEBUG] __init__ - <module>: Creating converter from 7 to 5
2025-04-09 15:16:18 [DEBUG] __init__ - <module>: Creating converter from 5 to 7
2025-04-09 15:16:18 [DEBUG] __init__ - <module>: Creating converter from 7 to 5
2025-04-09 15:16:18 [DEBUG] __init__ - <module>: Creating converter from 5 to 7
2025-04-09 15:16:21 [INFO] utils - _init_num_threads: NumExpr defaulting to 4 threads.
2025-04-09 15:16:22 [DEBUG] __init__ - wrapper: matplotlib data path: C:\Users\Silver\AppData\Local\anaconda3\Lib\site-packages\matplotlib\mpl-data
2025-04-09 15:16:22 [DEBUG] __init__ - wrapper: CONFIGDIR=C:\Users\Silver\.matplotlib
2025-04-09 15:16:22 [DEBUG] __init__ - <module>: interactive is False
2025-04-09 15:16:22 [DEBUG] __init__ - <module>: platform is win32
2025-04-09 15:16:22 [DEBUG] __init__ - wrapper: CACHEDIR=C:\Users\Silver\.matplotlib
2025-04-09 15:16:22 [DEBUG] font_manager - _load_fontmanager: Using fontManager instance from C:\Users\Silver\.matplotlib\fontlist-v390.json
2025-04-09 15:16:26 [INFO] car_damage - __init__: Loaded car damage detection model from best.onnx
2025-04-09 15:16:26 [INFO] car_damage - <module>: Car damage detection model initialized successfully
2025-04-09 15:16:27 [WARNING] module_wrapper - _tfmw_add_deprecation_warning: From C:\Users\Silver\Desktop\TakaInsure2\app\blueprints\car_recognition.py:39: The name tf.GraphDef is deprecated. Please use tf.compat.v1.GraphDef instead.

2025-04-09 15:16:27 [INFO] car_recognition - <module>: Car make/model classifier initialized successfully
2025-04-09 15:16:27 [INFO] car_recognition - <module>: COCO labels loaded successfully
2025-04-09 15:16:27 [INFO] car_recognition - <module>: Loading YOLO model from disk...
2025-04-09 15:16:28 [INFO] car_recognition - <module>: YOLO model loaded with CUDA support
2025-04-09 15:16:28 [INFO] image_processing - <module>: Car make classifier initialized successfully
2025-04-09 15:16:29 [INFO] image_processing - initialize_yolo: YOLO model initialized successfully
2025-04-09 15:16:29 [INFO] __init__ - create_app: Application initialized successfully
2025-04-09 15:16:29 [INFO] daily_premium_checker - check_and_process_daily_premiums: Checking for daily premium payments for 2025-04-09
2025-04-09 15:16:29 [INFO] daily_premium_checker - start_premium_checker_thread: Started daily premium checker thread
2025-04-09 15:16:29 [INFO] supabase_service - get_supabase_client: Creating Supabase client
2025-04-09 15:16:29 [INFO] app - <module>: Daily premium checker enabled
2025-04-09 15:16:29 [DEBUG] _config - load_ssl_context: load_ssl_context verify=True cert=None trust_env=True http2=False
2025-04-09 15:16:29 [INFO] app - <module>: Starting application on port 5000 with debug=True
2025-04-09 15:16:29 [DEBUG] _config - load_ssl_context_verify: load_verify_locations cafile='C:\\Users\\Silver\\AppData\\Local\\anaconda3\\Library\\ssl\\cacert.pem'
2025-04-09 15:16:29 [WARNING] _internal - _log:  * Debugger is active!
2025-04-09 15:16:29 [DEBUG] _config - load_ssl_context: load_ssl_context verify=True cert=None trust_env=True http2=False
2025-04-09 15:16:29 [DEBUG] _config - load_ssl_context_verify: load_verify_locations cafile='C:\\Users\\Silver\\AppData\\Local\\anaconda3\\Library\\ssl\\cacert.pem'
2025-04-09 15:16:30 [DEBUG] _trace - trace: connect_tcp.started host='ugpyvtzzqtzuiibitsbr.supabase.co' port=443 local_address=None timeout=120 socket_options=None
2025-04-09 15:16:30 [DEBUG] _trace - trace: connect_tcp.complete return_value=<httpcore._backends.sync.SyncStream object at 0x0000011601E2EC00>
2025-04-09 15:16:30 [DEBUG] _trace - trace: start_tls.started ssl_context=<ssl.SSLContext object at 0x0000011601E5E4D0> server_hostname='ugpyvtzzqtzuiibitsbr.supabase.co' timeout=120
2025-04-09 15:16:30 [DEBUG] _trace - trace: start_tls.complete return_value=<httpcore._backends.sync.SyncStream object at 0x000001166F74AF90>
2025-04-09 15:16:30 [DEBUG] _trace - trace: send_connection_init.started request=<Request [b'GET']>
2025-04-09 15:16:30 [DEBUG] _trace - trace: send_connection_init.complete
2025-04-09 15:16:30 [DEBUG] _trace - trace: send_request_headers.started request=<Request [b'GET']> stream_id=1
2025-04-09 15:16:30 [DEBUG] hpack - add: Adding (b':method', b'GET') to the header table, sensitive:False, huffman:True
2025-04-09 15:16:30 [DEBUG] hpack - encode_integer: Encoding 2 with 7 bits
2025-04-09 15:16:30 [DEBUG] hpack - add: Adding (b':authority', b'ugpyvtzzqtzuiibitsbr.supabase.co') to the header table, sensitive:False, huffman:True
2025-04-09 15:16:30 [DEBUG] hpack - encode_integer: Encoding 1 with 6 bits
2025-04-09 15:16:30 [DEBUG] hpack - encode_integer: Encoding 23 with 7 bits
2025-04-09 15:16:30 [DEBUG] hpack - add: Adding (b':scheme', b'https') to the header table, sensitive:False, huffman:True
2025-04-09 15:16:30 [DEBUG] hpack - encode_integer: Encoding 7 with 7 bits
2025-04-09 15:16:30 [DEBUG] hpack - add: Adding (b':path', b'/rest/v1/policy?select=%2A&status=eq.active') to the header table, sensitive:False, huffman:True
2025-04-09 15:16:30 [DEBUG] hpack - encode_integer: Encoding 4 with 6 bits
2025-04-09 15:16:30 [DEBUG] hpack - encode_integer: Encoding 31 with 7 bits
2025-04-09 15:16:30 [DEBUG] hpack - add: Adding (b'accept', b'*/*') to the header table, sensitive:False, huffman:True
2025-04-09 15:16:30 [DEBUG] hpack - encode_integer: Encoding 19 with 6 bits
2025-04-09 15:16:30 [DEBUG] hpack - encode_integer: Encoding 3 with 7 bits
2025-04-09 15:16:30 [DEBUG] hpack - add: Adding (b'accept-encoding', b'gzip, deflate, br') to the header table, sensitive:False, huffman:True
2025-04-09 15:16:30 [DEBUG] hpack - encode_integer: Encoding 16 with 6 bits
2025-04-09 15:16:30 [DEBUG] hpack - encode_integer: Encoding 13 with 7 bits
2025-04-09 15:16:30 [DEBUG] hpack - add: Adding (b'user-agent', b'python-httpx/0.27.0') to the header table, sensitive:False, huffman:True
2025-04-09 15:16:30 [DEBUG] hpack - encode_integer: Encoding 58 with 6 bits
2025-04-09 15:16:30 [DEBUG] hpack - encode_integer: Encoding 14 with 7 bits
2025-04-09 15:16:30 [DEBUG] hpack - add: Adding (b'x-client-info', b'supabase-py/2.15.0') to the header table, sensitive:False, huffman:True
2025-04-09 15:16:30 [DEBUG] hpack - encode_integer: Encoding 10 with 7 bits
2025-04-09 15:16:30 [DEBUG] hpack - encode_integer: Encoding 13 with 7 bits
2025-04-09 15:16:30 [DEBUG] hpack - add: Adding (b'apikey', b'eyJhbGciOiJIUzI1NiIsInR5cCI6IkpXVCJ9.eyJpc3MiOiJzdXBhYmFzZSIsInJlZiI6InVncHl2dHp6cXR6dWlpYml0c2JyIiwicm9sZSI6ImFub24iLCJpYXQiOjE3NDM1ODIzMjYsImV4cCI6MjA1OTE1ODMyNn0.y8I8-2r15_5sU5JMSomtOElhKGb3V-3yfZM8q_LCiJg') to the header table, sensitive:False, huffman:True
2025-04-09 15:16:30 [DEBUG] hpack - encode_integer: Encoding 5 with 7 bits
2025-04-09 15:16:30 [DEBUG] hpack - encode_integer: Encoding 166 with 7 bits
2025-04-09 15:16:30 [DEBUG] hpack - add: Adding (b'authorization', b'Bearer eyJhbGciOiJIUzI1NiIsInR5cCI6IkpXVCJ9.eyJpc3MiOiJzdXBhYmFzZSIsInJlZiI6InVncHl2dHp6cXR6dWlpYml0c2JyIiwicm9sZSI6ImFub24iLCJpYXQiOjE3NDM1ODIzMjYsImV4cCI6MjA1OTE1ODMyNn0.y8I8-2r15_5sU5JMSomtOElhKGb3V-3yfZM8q_LCiJg') to the header table, sensitive:True, huffman:True
2025-04-09 15:16:30 [DEBUG] hpack - encode_integer: Encoding 23 with 4 bits
2025-04-09 15:16:30 [DEBUG] hpack - encode_integer: Encoding 171 with 7 bits
2025-04-09 15:16:30 [DEBUG] hpack - add: Adding (b'accept-profile', b'public') to the header table, sensitive:False, huffman:True
2025-04-09 15:16:30 [DEBUG] hpack - encode_integer: Encoding 10 with 7 bits
2025-04-09 15:16:30 [DEBUG] hpack - encode_integer: Encoding 5 with 7 bits
2025-04-09 15:16:30 [DEBUG] hpack - add: Adding (b'content-profile', b'public') to the header table, sensitive:False, huffman:True
2025-04-09 15:16:30 [DEBUG] hpack - encode_integer: Encoding 11 with 7 bits
2025-04-09 15:16:30 [DEBUG] hpack - encode_integer: Encoding 5 with 7 bits
2025-04-09 15:16:30 [DEBUG] hpack - encode: Encoded header block to b"\x82A\x97\xb6j\xfdwO\xbf}\x93\xee\xd3\x1a3%\x11\xd8\xba-\xacq\x8d\x05\\\x87\x87D\x9fb\xc2\xa1,w\x0b\x15\x9e\x83\x13\xd7\xf8\x82\xd0R&\x05E\x0f\xc2\x124\xda\x88\x0b\xd9q\x91&\xee_S\x83\xf9c\xe7P\x8d\x9b\xd9\xab\xfaRB\xcb@\xd2_\xa5#\xb3z\x8e\xaf\xd2g=KN\x94\xd7\xe5\x80.'W\x07@\x8a\xf2\xb1(1jJ\xc6\xaaS\xff\x8dE\xb5\x8e1\xa0\xabW\xe9\x81.\x16\xd7\x07@\x85\x1df\xea__\xff'/\xac\xb3\xc7\x88\x86\xd4l\xb98{\xc8\x1d&\xc8\x8c\x95ml\x97\xb29\x93\xad\x7f\x9coe}r\xfa\xcbY\x19\xd0mF\xcb\xeeO\xcb\xb3\xf3\xa7\x0f\xbf\xdd\xd9\x11\x92\xac\xb4~\x9b#\x99*\xe3Q1\xd0)1\xd6\xe1?6\xb9'*+\xe7M\x00 \xb2\xfa\xc8o\x06%/\xa3\xf7vG2S\x86\xd8\xc4\xd1\xb3\xde\xcb_?\xcd\x86\xd5\xd3\x03:o\xe8\x0e\xab\xf9=\xe8\xe9\xcd\x19)\xe2\xd1/dsGHC\xab~\x00\xea\xbf\xa3\xd6\x9a\x80\xbf\xa7\xb2<\xb0\xac\x0bq6\x8e\r\xe5\xd1\xb8\xf4\xa7V\n'\xcd\x8a6x\xac\xcf\xa9\x7ft=\xda,\xf7\x8d\x96o\x1f\x08\xff,\xbaQ\xd8[\x14/\xac\xb3\xc7\x88\x86\xd4l\xb98{\xc8\x1d&\xc8\x8c\x95ml\x97\xb29\x93\xad\x7f\x9coe}r\xfa\xcbY\x19\xd0mF\xcb\xeeO\xcb\xb3\xf3\xa7\x0f\xbf\xdd\xd9\x11\x92\xac\xb4~\x9b#\x99*\xe3Q1\xd0)1\xd6\xe1?6\xb9'*+\xe7M\x00 \xb2\xfa\xc8o\x06%/\xa3\xf7vG2S\x86\xd8\xc4\xd1\xb3\xde\xcb_?\xcd\x86\xd5\xd3\x03:o\xe8\x0e\xab\xf9=\xe8\xe9\xcd\x19)\xe2\xd1/dsGHC\xab~\x00\xea\xbf\xa3\xd6\x9a\x80\xbf\xa7\xb2<\xb0\xac\x0bq6\x8e\r\xe5\xd1\xb8\xf4\xa7V\n'\xcd\x8a6x\xac\xcf\xa9\x7ft=\xda,\xf7\x8d\x96o@\x8a\x19\x08Z\xd2\xb5v\x1eSP_\x85\xae\xd8\xe81?@\x8b!\xeaIjJ\xd5\xd8yMA\x7f\x85\xae\xd8\xe81?"
2025-04-09 15:16:30 [DEBUG] _trace - trace: send_request_headers.complete
2025-04-09 15:16:30 [DEBUG] _trace - trace: send_request_body.started request=<Request [b'GET']> stream_id=1
2025-04-09 15:16:30 [DEBUG] _trace - trace: send_request_body.complete
2025-04-09 15:16:30 [DEBUG] _trace - trace: receive_response_headers.started request=<Request [b'GET']> stream_id=1
2025-04-09 15:16:30 [DEBUG] _trace - trace: receive_remote_settings.started
2025-04-09 15:16:30 [DEBUG] _trace - trace: receive_remote_settings.complete return_value=<RemoteSettingsChanged changed_settings:{ChangedSetting(setting=3, original_value=None, new_value=100), ChangedSetting(setting=4, original_value=65535, new_value=65536), ChangedSetting(setting=5, original_value=16384, new_value=16777215)}>
2025-04-09 15:16:30 [DEBUG] hpack - decode: Decoding b'?\xe1\x1f\x88a\x96\xe4Y>\x94\x03\xeaC]\x8a\x08\x02m@\xb3p.\\dJb\xd1\xbf_\x96\x1du\xd0b\r&=LtA\xea\xfbP\x93\x8e\xc4\x150Z\x99V{^\x84\x02\xc0c\xe7@\x85$\xabX?_\x8f|R\r\xa7^\x1c\x91\xbe7Y\x94\x8be\xd3w@\x8a$\xab\x10d\x9c\xab!#M\xa8\x86\xbf\xcfL:2^Z\x83\x9b\xd9\xab]\x99b\xb3\xd0bz\xff\x10Z\nD\xc0\xa8\xa1\xf8BF\x9bQ\x01{.2$\xdd\xcbx\xa0\xa4~V\x1c\xc5\x81\x90\xb6\xcb\x80\x00>\xd45D\xa2\xd9\x0b\xba\xd8\xef\x9e\x91\x9a\xa4}\xa9]\x85\xa0\xe3\x93{\x8b\x84\x84-i[\x05D<\x86\xaao@\x8b!\xeaIjJ\xd5\xd8yMA\x7f\x85\xae\xd8\xe81?@\x8dDkL4\x97\xc0\xfd-\xdc\xb6 \xc7\xab\x011@\x8aDkWa\xfa\x14\x89Z\xc2\xcb\x8f\xb6j\xfdwO\xbf}\x93\xee\xd3\x1a3%\x11\xd9@\x90\xf2\xb1\x0fRKRVO\xaa\xca\xb1\xebI\x8fR?\x85\xa8\xe8\xa8\xd2\xcb@\x8f\xf2\xb1j\xee\x7fK\r)-5\xa5b\x1e\xda\x93\x011@\x95\xf2\xb1j\xee\x7fK[Z\x13aGJ\xc8-\x9d\xccB\xac\x93R_\x0217v\x87%\x07\xb6Ih\x1d\x85@\x85\x1d\tY\x1d\xc9\x90\x9d\x98?\x9b\x8d4\xcf\xf3\xf6\xa5#\x81\xe7\x1a\x00?'
2025-04-09 15:16:30 [DEBUG] hpack - decode_integer: Decoded 4096, consumed 3 bytes
2025-04-09 15:16:30 [DEBUG] table - maxsize: Resizing header table to 4096 from 4096
2025-04-09 15:16:30 [DEBUG] hpack - decode_integer: Decoded 8, consumed 1 bytes
2025-04-09 15:16:30 [DEBUG] hpack - _decode_indexed: Decoded (b':status', b'200'), consumed 1
2025-04-09 15:16:30 [DEBUG] hpack - decode_integer: Decoded 33, consumed 1 bytes
2025-04-09 15:16:30 [DEBUG] hpack - decode_integer: Decoded 22, consumed 1 bytes
2025-04-09 15:16:30 [DEBUG] hpack - _decode_literal: Decoded (b'date', b'Wed, 09 Apr 2025 13:16:32 GMT'), total consumed 24 bytes, indexed True
2025-04-09 15:16:30 [DEBUG] hpack - decode_integer: Decoded 31, consumed 1 bytes
2025-04-09 15:16:30 [DEBUG] hpack - decode_integer: Decoded 22, consumed 1 bytes
2025-04-09 15:16:30 [DEBUG] hpack - _decode_literal: Decoded (b'content-type', b'application/json; charset=utf-8'), total consumed 24 bytes, indexed True
2025-04-09 15:16:30 [DEBUG] hpack - decode_integer: Decoded 30, consumed 1 bytes
2025-04-09 15:16:30 [DEBUG] hpack - decode_integer: Decoded 4, consumed 1 bytes
2025-04-09 15:16:30 [DEBUG] hpack - _decode_literal: Decoded (b'content-range', b'0-0/*'), total consumed 6 bytes, indexed True
2025-04-09 15:16:30 [DEBUG] hpack - decode_integer: Decoded 5, consumed 1 bytes
2025-04-09 15:16:30 [DEBUG] hpack - decode_integer: Decoded 15, consumed 1 bytes
2025-04-09 15:16:30 [DEBUG] hpack - _decode_literal: Decoded (b'cf-ray', b'92da478adb9a73fc-JNB'), total consumed 23 bytes, indexed True
2025-04-09 15:16:30 [DEBUG] hpack - decode_integer: Decoded 10, consumed 1 bytes
2025-04-09 15:16:30 [DEBUG] hpack - decode_integer: Decoded 6, consumed 1 bytes
2025-04-09 15:16:30 [DEBUG] hpack - _decode_literal: Decoded (b'cf-cache-status', b'DYNAMIC'), total consumed 19 bytes, indexed True
2025-04-09 15:16:30 [DEBUG] hpack - decode_integer: Decoded 26, consumed 1 bytes
2025-04-09 15:16:30 [DEBUG] hpack - decode_integer: Decoded 3, consumed 1 bytes
2025-04-09 15:16:30 [DEBUG] hpack - _decode_literal: Decoded (b'content-encoding', b'gzip'), total consumed 5 bytes, indexed True
2025-04-09 15:16:30 [DEBUG] hpack - decode_integer: Decoded 29, consumed 1 bytes
2025-04-09 15:16:30 [DEBUG] hpack - decode_integer: Decoded 25, consumed 1 bytes
2025-04-09 15:16:30 [DEBUG] hpack - _decode_literal: Decoded (b'content-location', b'/policy?select=%2A&status=eq.active'), total consumed 27 bytes, indexed True
2025-04-09 15:16:30 [DEBUG] hpack - decode_integer: Decoded 56, consumed 1 bytes
2025-04-09 15:16:30 [DEBUG] hpack - decode_integer: Decoded 32, consumed 1 bytes
2025-04-09 15:16:30 [DEBUG] hpack - _decode_literal: Decoded (b'strict-transport-security', b'max-age=31536000; includeSubDomains; preload'), total consumed 34 bytes, indexed True
2025-04-09 15:16:30 [DEBUG] hpack - decode_integer: Decoded 59, consumed 1 bytes
2025-04-09 15:16:30 [DEBUG] hpack - decode_integer: Decoded 11, consumed 1 bytes
2025-04-09 15:16:30 [DEBUG] hpack - _decode_literal: Decoded (b'vary', b'Accept-Encoding'), total consumed 13 bytes, indexed True
2025-04-09 15:16:30 [DEBUG] hpack - decode_integer: Decoded 11, consumed 1 bytes
2025-04-09 15:16:30 [DEBUG] hpack - decode_integer: Decoded 5, consumed 1 bytes
2025-04-09 15:16:30 [DEBUG] hpack - _decode_literal: Decoded (b'content-profile', b'public'), total consumed 19 bytes, indexed True
2025-04-09 15:16:30 [DEBUG] hpack - decode_integer: Decoded 13, consumed 1 bytes
2025-04-09 15:16:30 [DEBUG] hpack - decode_integer: Decoded 1, consumed 1 bytes
2025-04-09 15:16:30 [DEBUG] hpack - _decode_literal: Decoded (b'sb-gateway-version', <memory at 0x0000011601E34F40>), total consumed 17 bytes, indexed True
2025-04-09 15:16:30 [DEBUG] hpack - decode_integer: Decoded 10, consumed 1 bytes
2025-04-09 15:16:30 [DEBUG] hpack - decode_integer: Decoded 15, consumed 1 bytes
2025-04-09 15:16:30 [DEBUG] hpack - _decode_literal: Decoded (b'sb-project-ref', b'ugpyvtzzqtzuiibitsbr'), total consumed 28 bytes, indexed True
2025-04-09 15:16:30 [DEBUG] hpack - decode_integer: Decoded 16, consumed 1 bytes
2025-04-09 15:16:30 [DEBUG] hpack - decode_integer: Decoded 5, consumed 1 bytes
2025-04-09 15:16:30 [DEBUG] hpack - _decode_literal: Decoded (b'x-content-type-options', b'nosniff'), total consumed 24 bytes, indexed True
2025-04-09 15:16:30 [DEBUG] hpack - decode_integer: Decoded 15, consumed 1 bytes
2025-04-09 15:16:30 [DEBUG] hpack - decode_integer: Decoded 1, consumed 1 bytes
2025-04-09 15:16:30 [DEBUG] hpack - _decode_literal: Decoded (b'x-envoy-attempt-count', <memory at 0x0000011601E35000>), total consumed 19 bytes, indexed True
2025-04-09 15:16:30 [DEBUG] hpack - decode_integer: Decoded 21, consumed 1 bytes
2025-04-09 15:16:30 [DEBUG] hpack - decode_integer: Decoded 2, consumed 1 bytes
2025-04-09 15:16:30 [DEBUG] hpack - _decode_literal: Decoded (b'x-envoy-upstream-service-time', <memory at 0x0000011601E34E80>), total consumed 26 bytes, indexed True
2025-04-09 15:16:30 [DEBUG] hpack - decode_integer: Decoded 54, consumed 1 bytes
2025-04-09 15:16:30 [DEBUG] hpack - decode_integer: Decoded 7, consumed 1 bytes
2025-04-09 15:16:30 [DEBUG] hpack - _decode_literal: Decoded (b'server', b'cloudflare'), total consumed 9 bytes, indexed True
2025-04-09 15:16:30 [DEBUG] hpack - decode_integer: Decoded 5, consumed 1 bytes
2025-04-09 15:16:30 [DEBUG] hpack - decode_integer: Decoded 16, consumed 1 bytes
2025-04-09 15:16:30 [DEBUG] hpack - _decode_literal: Decoded (b'alt-svc', b'h3=":443"; ma=86400'), total consumed 24 bytes, indexed True
2025-04-09 15:16:30 [DEBUG] _trace - trace: receive_response_headers.complete return_value=(200, [(b'date', b'Wed, 09 Apr 2025 13:16:32 GMT'), (b'content-type', b'application/json; charset=utf-8'), (b'content-range', b'0-0/*'), (b'cf-ray', b'92da478adb9a73fc-JNB'), (b'cf-cache-status', b'DYNAMIC'), (b'content-encoding', b'gzip'), (b'content-location', b'/policy?select=%2A&status=eq.active'), (b'strict-transport-security', b'max-age=31536000; includeSubDomains; preload'), (b'vary', b'Accept-Encoding'), (b'content-profile', b'public'), (b'sb-gateway-version', b'1'), (b'sb-project-ref', b'ugpyvtzzqtzuiibitsbr'), (b'x-content-type-options', b'nosniff'), (b'x-envoy-attempt-count', b'1'), (b'x-envoy-upstream-service-time', b'17'), (b'server', b'cloudflare'), (b'alt-svc', b'h3=":443"; ma=86400')])
2025-04-09 15:16:30 [INFO] _client - _send_single_request: HTTP Request: GET https://ugpyvtzzqtzuiibitsbr.supabase.co/rest/v1/policy?select=%2A&status=eq.active "HTTP/2 200 OK"
2025-04-09 15:16:30 [DEBUG] _trace - trace: receive_response_body.started request=<Request [b'GET']> stream_id=1
2025-04-09 15:16:30 [DEBUG] _trace - trace: receive_response_body.complete
2025-04-09 15:16:30 [DEBUG] _trace - trace: response_closed.started stream_id=1
2025-04-09 15:16:30 [DEBUG] _trace - trace: response_closed.complete
2025-04-09 15:16:30 [INFO] daily_premium_checker - check_and_process_daily_premiums: Found 1 policyholders with active policies
2025-04-09 15:16:30 [DEBUG] _trace - trace: send_request_headers.started request=<Request [b'GET']> stream_id=3
2025-04-09 15:16:30 [DEBUG] hpack - add: Adding (b':method', b'GET') to the header table, sensitive:False, huffman:True
2025-04-09 15:16:30 [DEBUG] hpack - encode_integer: Encoding 2 with 7 bits
2025-04-09 15:16:30 [DEBUG] hpack - add: Adding (b':authority', b'ugpyvtzzqtzuiibitsbr.supabase.co') to the header table, sensitive:False, huffman:True
2025-04-09 15:16:30 [DEBUG] hpack - encode_integer: Encoding 70 with 7 bits
2025-04-09 15:16:30 [DEBUG] hpack - add: Adding (b':scheme', b'https') to the header table, sensitive:False, huffman:True
2025-04-09 15:16:30 [DEBUG] hpack - encode_integer: Encoding 7 with 7 bits
2025-04-09 15:16:30 [DEBUG] hpack - add: Adding (b':path', b'/rest/v1/policyholder?select=%2A&policyholder_id=eq.b290fe04-55a0-4ee6-841d-2e8142f1aaf6') to the header table, sensitive:False, huffman:True
2025-04-09 15:16:30 [DEBUG] hpack - encode_integer: Encoding 4 with 6 bits
2025-04-09 15:16:30 [DEBUG] hpack - encode_integer: Encoding 63 with 7 bits
2025-04-09 15:16:30 [DEBUG] hpack - add: Adding (b'accept', b'*/*') to the header table, sensitive:False, huffman:True
2025-04-09 15:16:30 [DEBUG] hpack - encode_integer: Encoding 69 with 7 bits
2025-04-09 15:16:30 [DEBUG] hpack - add: Adding (b'accept-encoding', b'gzip, deflate, br') to the header table, sensitive:False, huffman:True
2025-04-09 15:16:30 [DEBUG] hpack - encode_integer: Encoding 68 with 7 bits
2025-04-09 15:16:30 [DEBUG] hpack - add: Adding (b'user-agent', b'python-httpx/0.27.0') to the header table, sensitive:False, huffman:True
2025-04-09 15:16:30 [DEBUG] hpack - encode_integer: Encoding 67 with 7 bits
2025-04-09 15:16:30 [DEBUG] hpack - add: Adding (b'x-client-info', b'supabase-py/2.15.0') to the header table, sensitive:False, huffman:True
2025-04-09 15:16:30 [DEBUG] hpack - encode_integer: Encoding 66 with 7 bits
2025-04-09 15:16:30 [DEBUG] hpack - add: Adding (b'apikey', b'eyJhbGciOiJIUzI1NiIsInR5cCI6IkpXVCJ9.eyJpc3MiOiJzdXBhYmFzZSIsInJlZiI6InVncHl2dHp6cXR6dWlpYml0c2JyIiwicm9sZSI6ImFub24iLCJpYXQiOjE3NDM1ODIzMjYsImV4cCI6MjA1OTE1ODMyNn0.y8I8-2r15_5sU5JMSomtOElhKGb3V-3yfZM8q_LCiJg') to the header table, sensitive:False, huffman:True
2025-04-09 15:16:30 [DEBUG] hpack - encode_integer: Encoding 65 with 7 bits
2025-04-09 15:16:30 [DEBUG] hpack - add: Adding (b'authorization', b'Bearer eyJhbGciOiJIUzI1NiIsInR5cCI6IkpXVCJ9.eyJpc3MiOiJzdXBhYmFzZSIsInJlZiI6InVncHl2dHp6cXR6dWlpYml0c2JyIiwicm9sZSI6ImFub24iLCJpYXQiOjE3NDM1ODIzMjYsImV4cCI6MjA1OTE1ODMyNn0.y8I8-2r15_5sU5JMSomtOElhKGb3V-3yfZM8q_LCiJg') to the header table, sensitive:True, huffman:True
2025-04-09 15:16:30 [DEBUG] hpack - encode_integer: Encoding 23 with 4 bits
2025-04-09 15:16:30 [DEBUG] hpack - encode_integer: Encoding 171 with 7 bits
2025-04-09 15:16:30 [DEBUG] hpack - add: Adding (b'accept-profile', b'public') to the header table, sensitive:False, huffman:True
2025-04-09 15:16:30 [DEBUG] hpack - encode_integer: Encoding 64 with 7 bits
2025-04-09 15:16:30 [DEBUG] hpack - add: Adding (b'content-profile', b'public') to the header table, sensitive:False, huffman:True
2025-04-09 15:16:30 [DEBUG] hpack - encode_integer: Encoding 63 with 7 bits
2025-04-09 15:16:30 [DEBUG] hpack - encode: Encoded header block to b'\x82\xc6\x87D\xbfb\xc2\xa1,w\x0b\x15\x9e\x83\x13\xd4\xe7\xa2B\xd9\xfe \xb4\x14\x89\x81QC\xf1Y\xe81=Nz$-\x91\x1aH\x0b\xd9x\xc4\xf8%(\x1aY\xb6\xc6\x05\x9a)\\Y\xe6\x83"\xc2+\xc1hR\x84c\x95\xcf\xc5\xc4\xc3\xc2\xc1\x1f\x08\xff,\xbaQ\xd8[\x14/\xac\xb3\xc7\x88\x86\xd4l\xb98{\xc8\x1d&\xc8\x8c\x95ml\x97\xb29\x93\xad\x7f\x9coe}r\xfa\xcbY\x19\xd0mF\xcb\xeeO\xcb\xb3\xf3\xa7\x0f\xbf\xdd\xd9\x11\x92\xac\xb4~\x9b#\x99*\xe3Q1\xd0)1\xd6\xe1?6\xb9\'*+\xe7M\x00 \xb2\xfa\xc8o\x06%/\xa3\xf7vG2S\x86\xd8\xc4\xd1\xb3\xde\xcb_?\xcd\x86\xd5\xd3\x03:o\xe8\x0e\xab\xf9=\xe8\xe9\xcd\x19)\xe2\xd1/dsGHC\xab~\x00\xea\xbf\xa3\xd6\x9a\x80\xbf\xa7\xb2<\xb0\xac\x0bq6\x8e\r\xe5\xd1\xb8\xf4\xa7V\n\'\xcd\x8a6x\xac\xcf\xa9\x7ft=\xda,\xf7\x8d\x96o\xc0\xbf'
2025-04-09 15:16:30 [DEBUG] _trace - trace: send_request_headers.complete
2025-04-09 15:16:30 [DEBUG] _trace - trace: send_request_body.started request=<Request [b'GET']> stream_id=3
2025-04-09 15:16:30 [DEBUG] _trace - trace: send_request_body.complete
2025-04-09 15:16:30 [DEBUG] _trace - trace: receive_response_headers.started request=<Request [b'GET']> stream_id=3
2025-04-09 15:16:31 [DEBUG] hpack - decode: Decoding b"\x88\xce\xcd\xcc\x7f\x0c\x8f|R\r\xa7^\x91\xe9d\x03\xac\xcaE\xb2\xe9\xbb\xcb\xca]\xb9b\xb3\xd0bz\x9c\xf4H[?\xca\xcfA\x89\xeas\xd1!l\x88\xd2@^\xcb\xc6'\xc1)@\xd2\xcd\xb60,\xd1J\xe2\xcf4\x19\x16\x11^\x0bB\x94#\x1c\xae| \xb4\x14\x89\x81QC\xc9\xc8\xc7\xc6\xc5\xc4\xc3\x7f\x03\x0215\xc2\xc1"
2025-04-09 15:16:31 [DEBUG] hpack - decode_integer: Decoded 8, consumed 1 bytes
2025-04-09 15:16:31 [DEBUG] hpack - _decode_indexed: Decoded (b':status', b'200'), consumed 1
2025-04-09 15:16:31 [DEBUG] hpack - decode_integer: Decoded 78, consumed 1 bytes
2025-04-09 15:16:31 [DEBUG] hpack - _decode_indexed: Decoded (b'date', b'Wed, 09 Apr 2025 13:16:32 GMT'), consumed 1
2025-04-09 15:16:31 [DEBUG] hpack - decode_integer: Decoded 77, consumed 1 bytes
2025-04-09 15:16:31 [DEBUG] hpack - _decode_indexed: Decoded (b'content-type', b'application/json; charset=utf-8'), consumed 1
2025-04-09 15:16:31 [DEBUG] hpack - decode_integer: Decoded 76, consumed 1 bytes
2025-04-09 15:16:31 [DEBUG] hpack - _decode_indexed: Decoded (b'content-range', b'0-0/*'), consumed 1
2025-04-09 15:16:31 [DEBUG] hpack - decode_integer: Decoded 75, consumed 2 bytes
2025-04-09 15:16:31 [DEBUG] hpack - decode_integer: Decoded 15, consumed 1 bytes
2025-04-09 15:16:31 [DEBUG] hpack - _decode_literal: Decoded (b'cf-ray', b'92da478d8fd073fc-JNB'), total consumed 18 bytes, indexed True
2025-04-09 15:16:31 [DEBUG] hpack - decode_integer: Decoded 75, consumed 1 bytes
2025-04-09 15:16:31 [DEBUG] hpack - _decode_indexed: Decoded (b'cf-cache-status', b'DYNAMIC'), consumed 1
2025-04-09 15:16:31 [DEBUG] hpack - decode_integer: Decoded 74, consumed 1 bytes
2025-04-09 15:16:31 [DEBUG] hpack - _decode_indexed: Decoded (b'content-encoding', b'gzip'), consumed 1
2025-04-09 15:16:31 [DEBUG] hpack - decode_integer: Decoded 29, consumed 1 bytes
2025-04-09 15:16:31 [DEBUG] hpack - decode_integer: Decoded 57, consumed 1 bytes
2025-04-09 15:16:31 [DEBUG] hpack - _decode_literal: Decoded (b'content-location', b'/policyholder?policyholder_id=eq.b290fe04-55a0-4ee6-841d-2e8142f1aaf6&select=%2A'), total consumed 59 bytes, indexed True
2025-04-09 15:16:31 [DEBUG] hpack - decode_integer: Decoded 73, consumed 1 bytes
2025-04-09 15:16:31 [DEBUG] hpack - _decode_indexed: Decoded (b'strict-transport-security', b'max-age=31536000; includeSubDomains; preload'), consumed 1
2025-04-09 15:16:31 [DEBUG] hpack - decode_integer: Decoded 72, consumed 1 bytes
2025-04-09 15:16:31 [DEBUG] hpack - _decode_indexed: Decoded (b'vary', b'Accept-Encoding'), consumed 1
2025-04-09 15:16:31 [DEBUG] hpack - decode_integer: Decoded 71, consumed 1 bytes
2025-04-09 15:16:31 [DEBUG] hpack - _decode_indexed: Decoded (b'content-profile', b'public'), consumed 1
2025-04-09 15:16:31 [DEBUG] hpack - decode_integer: Decoded 70, consumed 1 bytes
2025-04-09 15:16:31 [DEBUG] hpack - _decode_indexed: Decoded (b'sb-gateway-version', <memory at 0x0000011601E34F40>), consumed 1
2025-04-09 15:16:31 [DEBUG] hpack - decode_integer: Decoded 69, consumed 1 bytes
2025-04-09 15:16:31 [DEBUG] hpack - _decode_indexed: Decoded (b'sb-project-ref', b'ugpyvtzzqtzuiibitsbr'), consumed 1
2025-04-09 15:16:31 [DEBUG] hpack - decode_integer: Decoded 68, consumed 1 bytes
2025-04-09 15:16:31 [DEBUG] hpack - _decode_indexed: Decoded (b'x-content-type-options', b'nosniff'), consumed 1
2025-04-09 15:16:31 [DEBUG] hpack - decode_integer: Decoded 67, consumed 1 bytes
2025-04-09 15:16:31 [DEBUG] hpack - _decode_indexed: Decoded (b'x-envoy-attempt-count', <memory at 0x0000011601E35000>), consumed 1
2025-04-09 15:16:31 [DEBUG] hpack - decode_integer: Decoded 66, consumed 2 bytes
2025-04-09 15:16:31 [DEBUG] hpack - decode_integer: Decoded 2, consumed 1 bytes
2025-04-09 15:16:31 [DEBUG] hpack - _decode_literal: Decoded (b'x-envoy-upstream-service-time', <memory at 0x0000011601E34D00>), total consumed 5 bytes, indexed True
2025-04-09 15:16:31 [DEBUG] hpack - decode_integer: Decoded 66, consumed 1 bytes
2025-04-09 15:16:31 [DEBUG] hpack - _decode_indexed: Decoded (b'server', b'cloudflare'), consumed 1
2025-04-09 15:16:31 [DEBUG] hpack - decode_integer: Decoded 65, consumed 1 bytes
2025-04-09 15:16:31 [DEBUG] hpack - _decode_indexed: Decoded (b'alt-svc', b'h3=":443"; ma=86400'), consumed 1
2025-04-09 15:16:31 [DEBUG] _trace - trace: receive_response_headers.complete return_value=(200, [(b'date', b'Wed, 09 Apr 2025 13:16:32 GMT'), (b'content-type', b'application/json; charset=utf-8'), (b'content-range', b'0-0/*'), (b'cf-ray', b'92da478d8fd073fc-JNB'), (b'cf-cache-status', b'DYNAMIC'), (b'content-encoding', b'gzip'), (b'content-location', b'/policyholder?policyholder_id=eq.b290fe04-55a0-4ee6-841d-2e8142f1aaf6&select=%2A'), (b'strict-transport-security', b'max-age=31536000; includeSubDomains; preload'), (b'vary', b'Accept-Encoding'), (b'content-profile', b'public'), (b'sb-gateway-version', b'1'), (b'sb-project-ref', b'ugpyvtzzqtzuiibitsbr'), (b'x-content-type-options', b'nosniff'), (b'x-envoy-attempt-count', b'1'), (b'x-envoy-upstream-service-time', b'15'), (b'server', b'cloudflare'), (b'alt-svc', b'h3=":443"; ma=86400')])
2025-04-09 15:16:31 [INFO] _client - _send_single_request: HTTP Request: GET https://ugpyvtzzqtzuiibitsbr.supabase.co/rest/v1/policyholder?select=%2A&policyholder_id=eq.b290fe04-55a0-4ee6-841d-2e8142f1aaf6 "HTTP/2 200 OK"
2025-04-09 15:16:31 [DEBUG] _trace - trace: receive_response_body.started request=<Request [b'GET']> stream_id=3
2025-04-09 15:16:31 [DEBUG] _trace - trace: receive_response_body.complete
2025-04-09 15:16:31 [DEBUG] _trace - trace: response_closed.started stream_id=3
2025-04-09 15:16:31 [DEBUG] _trace - trace: response_closed.complete
2025-04-09 15:16:31 [INFO] paynow_service - <module>: Paynow client initialized successfully
2025-04-09 15:16:31 [INFO] paynow_service - process_mobile_payment: Processing payment of $0.83 to +263786680563 via ecocash
2025-04-09 15:16:31 [DEBUG] connectionpool - _new_conn: Starting new HTTPS connection (1): www.paynow.co.zw:443
2025-04-09 15:16:31 [DEBUG] connectionpool - _make_request: https://www.paynow.co.zw:443 "POST /interface/remotetransaction HTTP/1.1" 200 171
2025-04-09 15:16:31 [ERROR] paynow_service - process_mobile_payment: Failed to initiate payment: <class 'str'>
2025-04-09 15:16:31 [WARNING] daily_premium_checker - check_and_process_daily_premiums: Daily premium payment failed for policyholder b290fe04-55a0-4ee6-841d-2e8142f1aaf6: <class 'str'>
2025-04-09 15:16:31 [INFO] daily_premium_checker - check_and_process_daily_premiums: Completed daily premium payments for 2025-04-09
2025-04-09 15:17:22 [INFO] supabase_service - get_supabase_client: Creating Supabase client
2025-04-09 15:17:22 [DEBUG] _config - load_ssl_context: load_ssl_context verify=True cert=None trust_env=True http2=False
2025-04-09 15:17:22 [DEBUG] _config - load_ssl_context_verify: load_verify_locations cafile='C:\\Users\\Silver\\AppData\\Local\\anaconda3\\Library\\ssl\\cacert.pem'
2025-04-09 15:17:27 [DEBUG] tpu_cluster_resolver - <module>: Falling back to TensorFlow client; we recommended you install the Cloud TPU client directly with pip install cloud-tpu-client.
2025-04-09 15:17:28 [DEBUG] __init__ - <module>: Creating converter from 7 to 5
2025-04-09 15:17:28 [DEBUG] __init__ - <module>: Creating converter from 5 to 7
2025-04-09 15:17:28 [DEBUG] __init__ - <module>: Creating converter from 7 to 5
2025-04-09 15:17:28 [DEBUG] __init__ - <module>: Creating converter from 5 to 7
2025-04-09 15:17:30 [INFO] utils - _init_num_threads: NumExpr defaulting to 4 threads.
2025-04-09 15:17:31 [DEBUG] __init__ - wrapper: matplotlib data path: C:\Users\Silver\AppData\Local\anaconda3\Lib\site-packages\matplotlib\mpl-data
2025-04-09 15:17:31 [DEBUG] __init__ - wrapper: CONFIGDIR=C:\Users\Silver\.matplotlib
2025-04-09 15:17:31 [DEBUG] __init__ - <module>: interactive is False
2025-04-09 15:17:31 [DEBUG] __init__ - <module>: platform is win32
2025-04-09 15:17:31 [DEBUG] __init__ - wrapper: CACHEDIR=C:\Users\Silver\.matplotlib
2025-04-09 15:17:31 [DEBUG] font_manager - _load_fontmanager: Using fontManager instance from C:\Users\Silver\.matplotlib\fontlist-v390.json
2025-04-09 15:17:34 [INFO] car_damage - __init__: Loaded car damage detection model from best.onnx
2025-04-09 15:17:34 [INFO] car_damage - <module>: Car damage detection model initialized successfully
2025-04-09 15:17:35 [WARNING] module_wrapper - _tfmw_add_deprecation_warning: From C:\Users\Silver\Desktop\TakaInsure2\app\blueprints\car_recognition.py:39: The name tf.GraphDef is deprecated. Please use tf.compat.v1.GraphDef instead.

2025-04-09 15:17:35 [INFO] car_recognition - <module>: Car make/model classifier initialized successfully
2025-04-09 15:17:35 [INFO] car_recognition - <module>: COCO labels loaded successfully
2025-04-09 15:17:35 [INFO] car_recognition - <module>: Loading YOLO model from disk...
2025-04-09 15:17:36 [INFO] car_recognition - <module>: YOLO model loaded with CUDA support
2025-04-09 15:17:36 [INFO] image_processing - <module>: Car make classifier initialized successfully
2025-04-09 15:17:37 [INFO] image_processing - initialize_yolo: YOLO model initialized successfully
2025-04-09 15:17:37 [INFO] __init__ - create_app: Application initialized successfully
2025-04-09 15:17:37 [INFO] daily_premium_checker - check_and_process_daily_premiums: Checking for daily premium payments for 2025-04-09
2025-04-09 15:17:37 [INFO] daily_premium_checker - start_premium_checker_thread: Started daily premium checker thread
2025-04-09 15:17:37 [INFO] supabase_service - get_supabase_client: Creating Supabase client
2025-04-09 15:17:37 [INFO] app - <module>: Daily premium checker enabled
2025-04-09 15:17:37 [DEBUG] _config - load_ssl_context: load_ssl_context verify=True cert=None trust_env=True http2=False
2025-04-09 15:17:37 [INFO] app - <module>: Starting application on port 5000 with debug=True
2025-04-09 15:17:37 [DEBUG] _config - load_ssl_context_verify: load_verify_locations cafile='C:\\Users\\Silver\\AppData\\Local\\anaconda3\\Library\\ssl\\cacert.pem'
2025-04-09 15:17:37 [WARNING] _internal - _log:  * Debugger is active!
2025-04-09 15:17:37 [DEBUG] _config - load_ssl_context: load_ssl_context verify=True cert=None trust_env=True http2=False
2025-04-09 15:17:37 [DEBUG] _config - load_ssl_context_verify: load_verify_locations cafile='C:\\Users\\Silver\\AppData\\Local\\anaconda3\\Library\\ssl\\cacert.pem'
2025-04-09 15:17:39 [DEBUG] _trace - trace: connect_tcp.started host='ugpyvtzzqtzuiibitsbr.supabase.co' port=443 local_address=None timeout=120 socket_options=None
2025-04-09 15:17:39 [DEBUG] _trace - trace: connect_tcp.complete return_value=<httpcore._backends.sync.SyncStream object at 0x000001A4FE3E04A0>
2025-04-09 15:17:39 [DEBUG] _trace - trace: start_tls.started ssl_context=<ssl.SSLContext object at 0x000001A490D2E3D0> server_hostname='ugpyvtzzqtzuiibitsbr.supabase.co' timeout=120
2025-04-09 15:17:39 [DEBUG] _trace - trace: start_tls.complete return_value=<httpcore._backends.sync.SyncStream object at 0x000001A490D35AF0>
2025-04-09 15:17:39 [DEBUG] _trace - trace: send_connection_init.started request=<Request [b'GET']>
2025-04-09 15:17:39 [DEBUG] _trace - trace: send_connection_init.complete
2025-04-09 15:17:39 [DEBUG] _trace - trace: send_request_headers.started request=<Request [b'GET']> stream_id=1
2025-04-09 15:17:39 [DEBUG] hpack - add: Adding (b':method', b'GET') to the header table, sensitive:False, huffman:True
2025-04-09 15:17:39 [DEBUG] hpack - encode_integer: Encoding 2 with 7 bits
2025-04-09 15:17:39 [DEBUG] hpack - add: Adding (b':authority', b'ugpyvtzzqtzuiibitsbr.supabase.co') to the header table, sensitive:False, huffman:True
2025-04-09 15:17:39 [DEBUG] hpack - encode_integer: Encoding 1 with 6 bits
2025-04-09 15:17:39 [DEBUG] hpack - encode_integer: Encoding 23 with 7 bits
2025-04-09 15:17:39 [DEBUG] hpack - add: Adding (b':scheme', b'https') to the header table, sensitive:False, huffman:True
2025-04-09 15:17:39 [DEBUG] hpack - encode_integer: Encoding 7 with 7 bits
2025-04-09 15:17:39 [DEBUG] hpack - add: Adding (b':path', b'/rest/v1/policy?select=%2A&status=eq.active') to the header table, sensitive:False, huffman:True
2025-04-09 15:17:39 [DEBUG] hpack - encode_integer: Encoding 4 with 6 bits
2025-04-09 15:17:39 [DEBUG] hpack - encode_integer: Encoding 31 with 7 bits
2025-04-09 15:17:39 [DEBUG] hpack - add: Adding (b'accept', b'*/*') to the header table, sensitive:False, huffman:True
2025-04-09 15:17:39 [DEBUG] hpack - encode_integer: Encoding 19 with 6 bits
2025-04-09 15:17:39 [DEBUG] hpack - encode_integer: Encoding 3 with 7 bits
2025-04-09 15:17:39 [DEBUG] hpack - add: Adding (b'accept-encoding', b'gzip, deflate, br') to the header table, sensitive:False, huffman:True
2025-04-09 15:17:39 [DEBUG] hpack - encode_integer: Encoding 16 with 6 bits
2025-04-09 15:17:39 [DEBUG] hpack - encode_integer: Encoding 13 with 7 bits
2025-04-09 15:17:39 [DEBUG] hpack - add: Adding (b'user-agent', b'python-httpx/0.27.0') to the header table, sensitive:False, huffman:True
2025-04-09 15:17:39 [DEBUG] hpack - encode_integer: Encoding 58 with 6 bits
2025-04-09 15:17:39 [DEBUG] hpack - encode_integer: Encoding 14 with 7 bits
2025-04-09 15:17:39 [DEBUG] hpack - add: Adding (b'x-client-info', b'supabase-py/2.15.0') to the header table, sensitive:False, huffman:True
2025-04-09 15:17:39 [DEBUG] hpack - encode_integer: Encoding 10 with 7 bits
2025-04-09 15:17:39 [DEBUG] hpack - encode_integer: Encoding 13 with 7 bits
2025-04-09 15:17:39 [DEBUG] hpack - add: Adding (b'apikey', b'eyJhbGciOiJIUzI1NiIsInR5cCI6IkpXVCJ9.eyJpc3MiOiJzdXBhYmFzZSIsInJlZiI6InVncHl2dHp6cXR6dWlpYml0c2JyIiwicm9sZSI6ImFub24iLCJpYXQiOjE3NDM1ODIzMjYsImV4cCI6MjA1OTE1ODMyNn0.y8I8-2r15_5sU5JMSomtOElhKGb3V-3yfZM8q_LCiJg') to the header table, sensitive:False, huffman:True
2025-04-09 15:17:39 [DEBUG] hpack - encode_integer: Encoding 5 with 7 bits
2025-04-09 15:17:39 [DEBUG] hpack - encode_integer: Encoding 166 with 7 bits
2025-04-09 15:17:39 [DEBUG] hpack - add: Adding (b'authorization', b'Bearer eyJhbGciOiJIUzI1NiIsInR5cCI6IkpXVCJ9.eyJpc3MiOiJzdXBhYmFzZSIsInJlZiI6InVncHl2dHp6cXR6dWlpYml0c2JyIiwicm9sZSI6ImFub24iLCJpYXQiOjE3NDM1ODIzMjYsImV4cCI6MjA1OTE1ODMyNn0.y8I8-2r15_5sU5JMSomtOElhKGb3V-3yfZM8q_LCiJg') to the header table, sensitive:True, huffman:True
2025-04-09 15:17:39 [DEBUG] hpack - encode_integer: Encoding 23 with 4 bits
2025-04-09 15:17:39 [DEBUG] hpack - encode_integer: Encoding 171 with 7 bits
2025-04-09 15:17:39 [DEBUG] hpack - add: Adding (b'accept-profile', b'public') to the header table, sensitive:False, huffman:True
2025-04-09 15:17:39 [DEBUG] hpack - encode_integer: Encoding 10 with 7 bits
2025-04-09 15:17:39 [DEBUG] hpack - encode_integer: Encoding 5 with 7 bits
2025-04-09 15:17:39 [DEBUG] hpack - add: Adding (b'content-profile', b'public') to the header table, sensitive:False, huffman:True
2025-04-09 15:17:39 [DEBUG] hpack - encode_integer: Encoding 11 with 7 bits
2025-04-09 15:17:39 [DEBUG] hpack - encode_integer: Encoding 5 with 7 bits
2025-04-09 15:17:39 [DEBUG] hpack - encode: Encoded header block to b"\x82A\x97\xb6j\xfdwO\xbf}\x93\xee\xd3\x1a3%\x11\xd8\xba-\xacq\x8d\x05\\\x87\x87D\x9fb\xc2\xa1,w\x0b\x15\x9e\x83\x13\xd7\xf8\x82\xd0R&\x05E\x0f\xc2\x124\xda\x88\x0b\xd9q\x91&\xee_S\x83\xf9c\xe7P\x8d\x9b\xd9\xab\xfaRB\xcb@\xd2_\xa5#\xb3z\x8e\xaf\xd2g=KN\x94\xd7\xe5\x80.'W\x07@\x8a\xf2\xb1(1jJ\xc6\xaaS\xff\x8dE\xb5\x8e1\xa0\xabW\xe9\x81.\x16\xd7\x07@\x85\x1df\xea__\xff'/\xac\xb3\xc7\x88\x86\xd4l\xb98{\xc8\x1d&\xc8\x8c\x95ml\x97\xb29\x93\xad\x7f\x9coe}r\xfa\xcbY\x19\xd0mF\xcb\xeeO\xcb\xb3\xf3\xa7\x0f\xbf\xdd\xd9\x11\x92\xac\xb4~\x9b#\x99*\xe3Q1\xd0)1\xd6\xe1?6\xb9'*+\xe7M\x00 \xb2\xfa\xc8o\x06%/\xa3\xf7vG2S\x86\xd8\xc4\xd1\xb3\xde\xcb_?\xcd\x86\xd5\xd3\x03:o\xe8\x0e\xab\xf9=\xe8\xe9\xcd\x19)\xe2\xd1/dsGHC\xab~\x00\xea\xbf\xa3\xd6\x9a\x80\xbf\xa7\xb2<\xb0\xac\x0bq6\x8e\r\xe5\xd1\xb8\xf4\xa7V\n'\xcd\x8a6x\xac\xcf\xa9\x7ft=\xda,\xf7\x8d\x96o\x1f\x08\xff,\xbaQ\xd8[\x14/\xac\xb3\xc7\x88\x86\xd4l\xb98{\xc8\x1d&\xc8\x8c\x95ml\x97\xb29\x93\xad\x7f\x9coe}r\xfa\xcbY\x19\xd0mF\xcb\xeeO\xcb\xb3\xf3\xa7\x0f\xbf\xdd\xd9\x11\x92\xac\xb4~\x9b#\x99*\xe3Q1\xd0)1\xd6\xe1?6\xb9'*+\xe7M\x00 \xb2\xfa\xc8o\x06%/\xa3\xf7vG2S\x86\xd8\xc4\xd1\xb3\xde\xcb_?\xcd\x86\xd5\xd3\x03:o\xe8\x0e\xab\xf9=\xe8\xe9\xcd\x19)\xe2\xd1/dsGHC\xab~\x00\xea\xbf\xa3\xd6\x9a\x80\xbf\xa7\xb2<\xb0\xac\x0bq6\x8e\r\xe5\xd1\xb8\xf4\xa7V\n'\xcd\x8a6x\xac\xcf\xa9\x7ft=\xda,\xf7\x8d\x96o@\x8a\x19\x08Z\xd2\xb5v\x1eSP_\x85\xae\xd8\xe81?@\x8b!\xeaIjJ\xd5\xd8yMA\x7f\x85\xae\xd8\xe81?"
2025-04-09 15:17:39 [DEBUG] _trace - trace: send_request_headers.complete
2025-04-09 15:17:39 [DEBUG] _trace - trace: send_request_body.started request=<Request [b'GET']> stream_id=1
2025-04-09 15:17:39 [DEBUG] _trace - trace: send_request_body.complete
2025-04-09 15:17:39 [DEBUG] _trace - trace: receive_response_headers.started request=<Request [b'GET']> stream_id=1
2025-04-09 15:17:39 [DEBUG] _trace - trace: receive_remote_settings.started
2025-04-09 15:17:39 [DEBUG] _trace - trace: receive_remote_settings.complete return_value=<RemoteSettingsChanged changed_settings:{ChangedSetting(setting=3, original_value=None, new_value=100), ChangedSetting(setting=4, original_value=65535, new_value=65536), ChangedSetting(setting=5, original_value=16384, new_value=16777215)}>
2025-04-09 15:17:40 [DEBUG] hpack - decode: Decoding b'?\xe1\x1f\x88a\x96\xe4Y>\x94\x03\xeaC]\x8a\x08\x02m@\xb3p.\xdch*b\xd1\xbf_\x96\x1du\xd0b\r&=LtA\xea\xfbP\x93\x8e\xc4\x150Z\x99V{^\x84\x02\xc0c\xe7@\x85$\xabX?_\x8f|R\r\xa7\xd9\x1bO\xbaGY\x1c\x8be\xd3w@\x8a$\xab\x10d\x9c\xab!#M\xa8\x86\xbf\xcfL:2^Z\x83\x9b\xd9\xab]\x99b\xb3\xd0bz\xff\x10Z\nD\xc0\xa8\xa1\xf8BF\x9bQ\x01{.2$\xdd\xcbx\xa0\xa4~V\x1c\xc5\x81\x90\xb6\xcb\x80\x00>\xd45D\xa2\xd9\x0b\xba\xd8\xef\x9e\x91\x9a\xa4}\xa9]\x85\xa0\xe3\x93{\x8b\x84\x84-i[\x05D<\x86\xaao@\x8b!\xeaIjJ\xd5\xd8yMA\x7f\x85\xae\xd8\xe81?@\x8dDkL4\x97\xc0\xfd-\xdc\xb6 \xc7\xab\x011@\x8aDkWa\xfa\x14\x89Z\xc2\xcb\x8f\xb6j\xfdwO\xbf}\x93\xee\xd3\x1a3%\x11\xd9@\x90\xf2\xb1\x0fRKRVO\xaa\xca\xb1\xebI\x8fR?\x85\xa8\xe8\xa8\xd2\xcb@\x8f\xf2\xb1j\xee\x7fK\r)-5\xa5b\x1e\xda\x93\x011@\x95\xf2\xb1j\xee\x7fK[Z\x13aGJ\xc8-\x9d\xccB\xac\x93R_\x0216v\x87%\x07\xb6Ih\x1d\x85@\x85\x1d\tY\x1d\xc9\x90\x9d\x98?\x9b\x8d4\xcf\xf3\xf6\xa5#\x81\xe7\x1a\x00?'
2025-04-09 15:17:40 [DEBUG] hpack - decode_integer: Decoded 4096, consumed 3 bytes
2025-04-09 15:17:40 [DEBUG] table - maxsize: Resizing header table to 4096 from 4096
2025-04-09 15:17:40 [DEBUG] hpack - decode_integer: Decoded 8, consumed 1 bytes
2025-04-09 15:17:40 [DEBUG] hpack - _decode_indexed: Decoded (b':status', b'200'), consumed 1
2025-04-09 15:17:40 [DEBUG] hpack - decode_integer: Decoded 33, consumed 1 bytes
2025-04-09 15:17:40 [DEBUG] hpack - decode_integer: Decoded 22, consumed 1 bytes
2025-04-09 15:17:40 [DEBUG] hpack - _decode_literal: Decoded (b'date', b'Wed, 09 Apr 2025 13:17:41 GMT'), total consumed 24 bytes, indexed True
2025-04-09 15:17:40 [DEBUG] hpack - decode_integer: Decoded 31, consumed 1 bytes
2025-04-09 15:17:40 [DEBUG] hpack - decode_integer: Decoded 22, consumed 1 bytes
2025-04-09 15:17:40 [DEBUG] hpack - _decode_literal: Decoded (b'content-type', b'application/json; charset=utf-8'), total consumed 24 bytes, indexed True
2025-04-09 15:17:40 [DEBUG] hpack - decode_integer: Decoded 30, consumed 1 bytes
2025-04-09 15:17:40 [DEBUG] hpack - decode_integer: Decoded 4, consumed 1 bytes
2025-04-09 15:17:40 [DEBUG] hpack - _decode_literal: Decoded (b'content-range', b'0-0/*'), total consumed 6 bytes, indexed True
2025-04-09 15:17:40 [DEBUG] hpack - decode_integer: Decoded 5, consumed 1 bytes
2025-04-09 15:17:40 [DEBUG] hpack - decode_integer: Decoded 15, consumed 1 bytes
2025-04-09 15:17:40 [DEBUG] hpack - _decode_literal: Decoded (b'cf-ray', b'92da493a497c73ad-JNB'), total consumed 23 bytes, indexed True
2025-04-09 15:17:40 [DEBUG] hpack - decode_integer: Decoded 10, consumed 1 bytes
2025-04-09 15:17:40 [DEBUG] hpack - decode_integer: Decoded 6, consumed 1 bytes
2025-04-09 15:17:40 [DEBUG] hpack - _decode_literal: Decoded (b'cf-cache-status', b'DYNAMIC'), total consumed 19 bytes, indexed True
2025-04-09 15:17:40 [DEBUG] hpack - decode_integer: Decoded 26, consumed 1 bytes
2025-04-09 15:17:40 [DEBUG] hpack - decode_integer: Decoded 3, consumed 1 bytes
2025-04-09 15:17:40 [DEBUG] hpack - _decode_literal: Decoded (b'content-encoding', b'gzip'), total consumed 5 bytes, indexed True
2025-04-09 15:17:40 [DEBUG] hpack - decode_integer: Decoded 29, consumed 1 bytes
2025-04-09 15:17:40 [DEBUG] hpack - decode_integer: Decoded 25, consumed 1 bytes
2025-04-09 15:17:40 [DEBUG] hpack - _decode_literal: Decoded (b'content-location', b'/policy?select=%2A&status=eq.active'), total consumed 27 bytes, indexed True
2025-04-09 15:17:40 [DEBUG] hpack - decode_integer: Decoded 56, consumed 1 bytes
2025-04-09 15:17:40 [DEBUG] hpack - decode_integer: Decoded 32, consumed 1 bytes
2025-04-09 15:17:40 [DEBUG] hpack - _decode_literal: Decoded (b'strict-transport-security', b'max-age=31536000; includeSubDomains; preload'), total consumed 34 bytes, indexed True
2025-04-09 15:17:40 [DEBUG] hpack - decode_integer: Decoded 59, consumed 1 bytes
2025-04-09 15:17:40 [DEBUG] hpack - decode_integer: Decoded 11, consumed 1 bytes
2025-04-09 15:17:40 [DEBUG] hpack - _decode_literal: Decoded (b'vary', b'Accept-Encoding'), total consumed 13 bytes, indexed True
2025-04-09 15:17:40 [DEBUG] hpack - decode_integer: Decoded 11, consumed 1 bytes
2025-04-09 15:17:40 [DEBUG] hpack - decode_integer: Decoded 5, consumed 1 bytes
2025-04-09 15:17:40 [DEBUG] hpack - _decode_literal: Decoded (b'content-profile', b'public'), total consumed 19 bytes, indexed True
2025-04-09 15:17:40 [DEBUG] hpack - decode_integer: Decoded 13, consumed 1 bytes
2025-04-09 15:17:40 [DEBUG] hpack - decode_integer: Decoded 1, consumed 1 bytes
2025-04-09 15:17:40 [DEBUG] hpack - _decode_literal: Decoded (b'sb-gateway-version', <memory at 0x000001A490D04F40>), total consumed 17 bytes, indexed True
2025-04-09 15:17:40 [DEBUG] hpack - decode_integer: Decoded 10, consumed 1 bytes
2025-04-09 15:17:40 [DEBUG] hpack - decode_integer: Decoded 15, consumed 1 bytes
2025-04-09 15:17:40 [DEBUG] hpack - _decode_literal: Decoded (b'sb-project-ref', b'ugpyvtzzqtzuiibitsbr'), total consumed 28 bytes, indexed True
2025-04-09 15:17:40 [DEBUG] hpack - decode_integer: Decoded 16, consumed 1 bytes
2025-04-09 15:17:40 [DEBUG] hpack - decode_integer: Decoded 5, consumed 1 bytes
2025-04-09 15:17:40 [DEBUG] hpack - _decode_literal: Decoded (b'x-content-type-options', b'nosniff'), total consumed 24 bytes, indexed True
2025-04-09 15:17:40 [DEBUG] hpack - decode_integer: Decoded 15, consumed 1 bytes
2025-04-09 15:17:40 [DEBUG] hpack - decode_integer: Decoded 1, consumed 1 bytes
2025-04-09 15:17:40 [DEBUG] hpack - _decode_literal: Decoded (b'x-envoy-attempt-count', <memory at 0x000001A490D05000>), total consumed 19 bytes, indexed True
2025-04-09 15:17:40 [DEBUG] hpack - decode_integer: Decoded 21, consumed 1 bytes
2025-04-09 15:17:40 [DEBUG] hpack - decode_integer: Decoded 2, consumed 1 bytes
2025-04-09 15:17:40 [DEBUG] hpack - _decode_literal: Decoded (b'x-envoy-upstream-service-time', <memory at 0x000001A490D04E80>), total consumed 26 bytes, indexed True
2025-04-09 15:17:40 [DEBUG] hpack - decode_integer: Decoded 54, consumed 1 bytes
2025-04-09 15:17:40 [DEBUG] hpack - decode_integer: Decoded 7, consumed 1 bytes
2025-04-09 15:17:40 [DEBUG] hpack - _decode_literal: Decoded (b'server', b'cloudflare'), total consumed 9 bytes, indexed True
2025-04-09 15:17:40 [DEBUG] hpack - decode_integer: Decoded 5, consumed 1 bytes
2025-04-09 15:17:40 [DEBUG] hpack - decode_integer: Decoded 16, consumed 1 bytes
2025-04-09 15:17:40 [DEBUG] hpack - _decode_literal: Decoded (b'alt-svc', b'h3=":443"; ma=86400'), total consumed 24 bytes, indexed True
2025-04-09 15:17:40 [DEBUG] _trace - trace: receive_response_headers.complete return_value=(200, [(b'date', b'Wed, 09 Apr 2025 13:17:41 GMT'), (b'content-type', b'application/json; charset=utf-8'), (b'content-range', b'0-0/*'), (b'cf-ray', b'92da493a497c73ad-JNB'), (b'cf-cache-status', b'DYNAMIC'), (b'content-encoding', b'gzip'), (b'content-location', b'/policy?select=%2A&status=eq.active'), (b'strict-transport-security', b'max-age=31536000; includeSubDomains; preload'), (b'vary', b'Accept-Encoding'), (b'content-profile', b'public'), (b'sb-gateway-version', b'1'), (b'sb-project-ref', b'ugpyvtzzqtzuiibitsbr'), (b'x-content-type-options', b'nosniff'), (b'x-envoy-attempt-count', b'1'), (b'x-envoy-upstream-service-time', b'16'), (b'server', b'cloudflare'), (b'alt-svc', b'h3=":443"; ma=86400')])
2025-04-09 15:17:40 [INFO] _client - _send_single_request: HTTP Request: GET https://ugpyvtzzqtzuiibitsbr.supabase.co/rest/v1/policy?select=%2A&status=eq.active "HTTP/2 200 OK"
2025-04-09 15:17:40 [DEBUG] _trace - trace: receive_response_body.started request=<Request [b'GET']> stream_id=1
2025-04-09 15:17:40 [DEBUG] _trace - trace: receive_response_body.complete
2025-04-09 15:17:40 [DEBUG] _trace - trace: response_closed.started stream_id=1
2025-04-09 15:17:40 [DEBUG] _trace - trace: response_closed.complete
2025-04-09 15:17:40 [INFO] daily_premium_checker - check_and_process_daily_premiums: Found 1 policyholders with active policies
2025-04-09 15:17:40 [DEBUG] _trace - trace: send_request_headers.started request=<Request [b'GET']> stream_id=3
2025-04-09 15:17:40 [DEBUG] hpack - add: Adding (b':method', b'GET') to the header table, sensitive:False, huffman:True
2025-04-09 15:17:40 [DEBUG] hpack - encode_integer: Encoding 2 with 7 bits
2025-04-09 15:17:40 [DEBUG] hpack - add: Adding (b':authority', b'ugpyvtzzqtzuiibitsbr.supabase.co') to the header table, sensitive:False, huffman:True
2025-04-09 15:17:40 [DEBUG] hpack - encode_integer: Encoding 70 with 7 bits
2025-04-09 15:17:40 [DEBUG] hpack - add: Adding (b':scheme', b'https') to the header table, sensitive:False, huffman:True
2025-04-09 15:17:40 [DEBUG] hpack - encode_integer: Encoding 7 with 7 bits
2025-04-09 15:17:40 [DEBUG] hpack - add: Adding (b':path', b'/rest/v1/policyholder?select=%2A&policyholder_id=eq.b290fe04-55a0-4ee6-841d-2e8142f1aaf6') to the header table, sensitive:False, huffman:True
2025-04-09 15:17:40 [DEBUG] hpack - encode_integer: Encoding 4 with 6 bits
2025-04-09 15:17:40 [DEBUG] hpack - encode_integer: Encoding 63 with 7 bits
2025-04-09 15:17:40 [DEBUG] hpack - add: Adding (b'accept', b'*/*') to the header table, sensitive:False, huffman:True
2025-04-09 15:17:40 [DEBUG] hpack - encode_integer: Encoding 69 with 7 bits
2025-04-09 15:17:40 [DEBUG] hpack - add: Adding (b'accept-encoding', b'gzip, deflate, br') to the header table, sensitive:False, huffman:True
2025-04-09 15:17:40 [DEBUG] hpack - encode_integer: Encoding 68 with 7 bits
2025-04-09 15:17:40 [DEBUG] hpack - add: Adding (b'user-agent', b'python-httpx/0.27.0') to the header table, sensitive:False, huffman:True
2025-04-09 15:17:40 [DEBUG] hpack - encode_integer: Encoding 67 with 7 bits
2025-04-09 15:17:40 [DEBUG] hpack - add: Adding (b'x-client-info', b'supabase-py/2.15.0') to the header table, sensitive:False, huffman:True
2025-04-09 15:17:40 [DEBUG] hpack - encode_integer: Encoding 66 with 7 bits
2025-04-09 15:17:40 [DEBUG] hpack - add: Adding (b'apikey', b'eyJhbGciOiJIUzI1NiIsInR5cCI6IkpXVCJ9.eyJpc3MiOiJzdXBhYmFzZSIsInJlZiI6InVncHl2dHp6cXR6dWlpYml0c2JyIiwicm9sZSI6ImFub24iLCJpYXQiOjE3NDM1ODIzMjYsImV4cCI6MjA1OTE1ODMyNn0.y8I8-2r15_5sU5JMSomtOElhKGb3V-3yfZM8q_LCiJg') to the header table, sensitive:False, huffman:True
2025-04-09 15:17:40 [DEBUG] hpack - encode_integer: Encoding 65 with 7 bits
2025-04-09 15:17:40 [DEBUG] hpack - add: Adding (b'authorization', b'Bearer eyJhbGciOiJIUzI1NiIsInR5cCI6IkpXVCJ9.eyJpc3MiOiJzdXBhYmFzZSIsInJlZiI6InVncHl2dHp6cXR6dWlpYml0c2JyIiwicm9sZSI6ImFub24iLCJpYXQiOjE3NDM1ODIzMjYsImV4cCI6MjA1OTE1ODMyNn0.y8I8-2r15_5sU5JMSomtOElhKGb3V-3yfZM8q_LCiJg') to the header table, sensitive:True, huffman:True
2025-04-09 15:17:40 [DEBUG] hpack - encode_integer: Encoding 23 with 4 bits
2025-04-09 15:17:40 [DEBUG] hpack - encode_integer: Encoding 171 with 7 bits
2025-04-09 15:17:40 [DEBUG] hpack - add: Adding (b'accept-profile', b'public') to the header table, sensitive:False, huffman:True
2025-04-09 15:17:40 [DEBUG] hpack - encode_integer: Encoding 64 with 7 bits
2025-04-09 15:17:40 [DEBUG] hpack - add: Adding (b'content-profile', b'public') to the header table, sensitive:False, huffman:True
2025-04-09 15:17:40 [DEBUG] hpack - encode_integer: Encoding 63 with 7 bits
2025-04-09 15:17:40 [DEBUG] hpack - encode: Encoded header block to b'\x82\xc6\x87D\xbfb\xc2\xa1,w\x0b\x15\x9e\x83\x13\xd4\xe7\xa2B\xd9\xfe \xb4\x14\x89\x81QC\xf1Y\xe81=Nz$-\x91\x1aH\x0b\xd9x\xc4\xf8%(\x1aY\xb6\xc6\x05\x9a)\\Y\xe6\x83"\xc2+\xc1hR\x84c\x95\xcf\xc5\xc4\xc3\xc2\xc1\x1f\x08\xff,\xbaQ\xd8[\x14/\xac\xb3\xc7\x88\x86\xd4l\xb98{\xc8\x1d&\xc8\x8c\x95ml\x97\xb29\x93\xad\x7f\x9coe}r\xfa\xcbY\x19\xd0mF\xcb\xeeO\xcb\xb3\xf3\xa7\x0f\xbf\xdd\xd9\x11\x92\xac\xb4~\x9b#\x99*\xe3Q1\xd0)1\xd6\xe1?6\xb9\'*+\xe7M\x00 \xb2\xfa\xc8o\x06%/\xa3\xf7vG2S\x86\xd8\xc4\xd1\xb3\xde\xcb_?\xcd\x86\xd5\xd3\x03:o\xe8\x0e\xab\xf9=\xe8\xe9\xcd\x19)\xe2\xd1/dsGHC\xab~\x00\xea\xbf\xa3\xd6\x9a\x80\xbf\xa7\xb2<\xb0\xac\x0bq6\x8e\r\xe5\xd1\xb8\xf4\xa7V\n\'\xcd\x8a6x\xac\xcf\xa9\x7ft=\xda,\xf7\x8d\x96o\xc0\xbf'
2025-04-09 15:17:40 [DEBUG] _trace - trace: send_request_headers.complete
2025-04-09 15:17:40 [DEBUG] _trace - trace: send_request_body.started request=<Request [b'GET']> stream_id=3
2025-04-09 15:17:40 [DEBUG] _trace - trace: send_request_body.complete
2025-04-09 15:17:40 [DEBUG] _trace - trace: receive_response_headers.started request=<Request [b'GET']> stream_id=3
2025-04-09 15:17:40 [DEBUG] hpack - decode: Decoding b"\x88\xce\xcd\xcc\x7f\x0c\x8f|R\r\xa7\xd9\x94\x0f>GY\x1c\x8be\xd3w\xcb\xca]\xb9b\xb3\xd0bz\x9c\xf4H[?\xca\xcfA\x89\xeas\xd1!l\x88\xd2@^\xcb\xc6'\xc1)@\xd2\xcd\xb60,\xd1J\xe2\xcf4\x19\x16\x11^\x0bB\x94#\x1c\xae| \xb4\x14\x89\x81QC\xc9\xc8\xc7\xc6\xc5\xc4\xc3\x7f\x03\x0215\xc2\xc1"
2025-04-09 15:17:40 [DEBUG] hpack - decode_integer: Decoded 8, consumed 1 bytes
2025-04-09 15:17:40 [DEBUG] hpack - _decode_indexed: Decoded (b':status', b'200'), consumed 1
2025-04-09 15:17:40 [DEBUG] hpack - decode_integer: Decoded 78, consumed 1 bytes
2025-04-09 15:17:40 [DEBUG] hpack - _decode_indexed: Decoded (b'date', b'Wed, 09 Apr 2025 13:17:41 GMT'), consumed 1
2025-04-09 15:17:40 [DEBUG] hpack - decode_integer: Decoded 77, consumed 1 bytes
2025-04-09 15:17:40 [DEBUG] hpack - _decode_indexed: Decoded (b'content-type', b'application/json; charset=utf-8'), consumed 1
2025-04-09 15:17:40 [DEBUG] hpack - decode_integer: Decoded 76, consumed 1 bytes
2025-04-09 15:17:40 [DEBUG] hpack - _decode_indexed: Decoded (b'content-range', b'0-0/*'), consumed 1
2025-04-09 15:17:40 [DEBUG] hpack - decode_integer: Decoded 75, consumed 2 bytes
2025-04-09 15:17:40 [DEBUG] hpack - decode_integer: Decoded 15, consumed 1 bytes
2025-04-09 15:17:40 [DEBUG] hpack - _decode_literal: Decoded (b'cf-ray', b'92da493f089c73ad-JNB'), total consumed 18 bytes, indexed True
2025-04-09 15:17:40 [DEBUG] hpack - decode_integer: Decoded 75, consumed 1 bytes
2025-04-09 15:17:40 [DEBUG] hpack - _decode_indexed: Decoded (b'cf-cache-status', b'DYNAMIC'), consumed 1
2025-04-09 15:17:40 [DEBUG] hpack - decode_integer: Decoded 74, consumed 1 bytes
2025-04-09 15:17:40 [DEBUG] hpack - _decode_indexed: Decoded (b'content-encoding', b'gzip'), consumed 1
2025-04-09 15:17:40 [DEBUG] hpack - decode_integer: Decoded 29, consumed 1 bytes
2025-04-09 15:17:40 [DEBUG] hpack - decode_integer: Decoded 57, consumed 1 bytes
2025-04-09 15:17:40 [DEBUG] hpack - _decode_literal: Decoded (b'content-location', b'/policyholder?policyholder_id=eq.b290fe04-55a0-4ee6-841d-2e8142f1aaf6&select=%2A'), total consumed 59 bytes, indexed True
2025-04-09 15:17:40 [DEBUG] hpack - decode_integer: Decoded 73, consumed 1 bytes
2025-04-09 15:17:40 [DEBUG] hpack - _decode_indexed: Decoded (b'strict-transport-security', b'max-age=31536000; includeSubDomains; preload'), consumed 1
2025-04-09 15:17:40 [DEBUG] hpack - decode_integer: Decoded 72, consumed 1 bytes
2025-04-09 15:17:40 [DEBUG] hpack - _decode_indexed: Decoded (b'vary', b'Accept-Encoding'), consumed 1
2025-04-09 15:17:40 [DEBUG] hpack - decode_integer: Decoded 71, consumed 1 bytes
2025-04-09 15:17:40 [DEBUG] hpack - _decode_indexed: Decoded (b'content-profile', b'public'), consumed 1
2025-04-09 15:17:40 [DEBUG] hpack - decode_integer: Decoded 70, consumed 1 bytes
2025-04-09 15:17:40 [DEBUG] hpack - _decode_indexed: Decoded (b'sb-gateway-version', <memory at 0x000001A490D04F40>), consumed 1
2025-04-09 15:17:40 [DEBUG] hpack - decode_integer: Decoded 69, consumed 1 bytes
2025-04-09 15:17:40 [DEBUG] hpack - _decode_indexed: Decoded (b'sb-project-ref', b'ugpyvtzzqtzuiibitsbr'), consumed 1
2025-04-09 15:17:40 [DEBUG] hpack - decode_integer: Decoded 68, consumed 1 bytes
2025-04-09 15:17:40 [DEBUG] hpack - _decode_indexed: Decoded (b'x-content-type-options', b'nosniff'), consumed 1
2025-04-09 15:17:40 [DEBUG] hpack - decode_integer: Decoded 67, consumed 1 bytes
2025-04-09 15:17:40 [DEBUG] hpack - _decode_indexed: Decoded (b'x-envoy-attempt-count', <memory at 0x000001A490D05000>), consumed 1
2025-04-09 15:17:40 [DEBUG] hpack - decode_integer: Decoded 66, consumed 2 bytes
2025-04-09 15:17:40 [DEBUG] hpack - decode_integer: Decoded 2, consumed 1 bytes
2025-04-09 15:17:40 [DEBUG] hpack - _decode_literal: Decoded (b'x-envoy-upstream-service-time', <memory at 0x000001A490D04D00>), total consumed 5 bytes, indexed True
2025-04-09 15:17:40 [DEBUG] hpack - decode_integer: Decoded 66, consumed 1 bytes
2025-04-09 15:17:40 [DEBUG] hpack - _decode_indexed: Decoded (b'server', b'cloudflare'), consumed 1
2025-04-09 15:17:40 [DEBUG] hpack - decode_integer: Decoded 65, consumed 1 bytes
2025-04-09 15:17:40 [DEBUG] hpack - _decode_indexed: Decoded (b'alt-svc', b'h3=":443"; ma=86400'), consumed 1
2025-04-09 15:17:40 [DEBUG] _trace - trace: receive_response_headers.complete return_value=(200, [(b'date', b'Wed, 09 Apr 2025 13:17:41 GMT'), (b'content-type', b'application/json; charset=utf-8'), (b'content-range', b'0-0/*'), (b'cf-ray', b'92da493f089c73ad-JNB'), (b'cf-cache-status', b'DYNAMIC'), (b'content-encoding', b'gzip'), (b'content-location', b'/policyholder?policyholder_id=eq.b290fe04-55a0-4ee6-841d-2e8142f1aaf6&select=%2A'), (b'strict-transport-security', b'max-age=31536000; includeSubDomains; preload'), (b'vary', b'Accept-Encoding'), (b'content-profile', b'public'), (b'sb-gateway-version', b'1'), (b'sb-project-ref', b'ugpyvtzzqtzuiibitsbr'), (b'x-content-type-options', b'nosniff'), (b'x-envoy-attempt-count', b'1'), (b'x-envoy-upstream-service-time', b'15'), (b'server', b'cloudflare'), (b'alt-svc', b'h3=":443"; ma=86400')])
2025-04-09 15:17:40 [INFO] _client - _send_single_request: HTTP Request: GET https://ugpyvtzzqtzuiibitsbr.supabase.co/rest/v1/policyholder?select=%2A&policyholder_id=eq.b290fe04-55a0-4ee6-841d-2e8142f1aaf6 "HTTP/2 200 OK"
2025-04-09 15:17:40 [DEBUG] _trace - trace: receive_response_body.started request=<Request [b'GET']> stream_id=3
2025-04-09 15:17:40 [DEBUG] _trace - trace: receive_response_body.complete
2025-04-09 15:17:40 [DEBUG] _trace - trace: response_closed.started stream_id=3
2025-04-09 15:17:40 [DEBUG] _trace - trace: response_closed.complete
2025-04-09 15:17:40 [INFO] paynow_service - <module>: Paynow client initialized successfully
2025-04-09 15:17:40 [INFO] paynow_service - process_mobile_payment: Processing payment of $0.83 to +263786680563 via ecocash
2025-04-09 15:17:40 [DEBUG] connectionpool - _new_conn: Starting new HTTPS connection (1): www.paynow.co.zw:443
2025-04-09 15:17:41 [DEBUG] connectionpool - _make_request: https://www.paynow.co.zw:443 "POST /interface/remotetransaction HTTP/1.1" 200 171
2025-04-09 15:17:41 [ERROR] paynow_service - process_mobile_payment: Failed to initiate payment: <class 'str'>
2025-04-09 15:17:41 [WARNING] daily_premium_checker - check_and_process_daily_premiums: Daily premium payment failed for policyholder b290fe04-55a0-4ee6-841d-2e8142f1aaf6: <class 'str'>
2025-04-09 15:17:41 [INFO] daily_premium_checker - check_and_process_daily_premiums: Completed daily premium payments for 2025-04-09
2025-04-09 15:20:16 [INFO] supabase_service - get_supabase_client: Creating Supabase client
2025-04-09 15:20:16 [DEBUG] _config - load_ssl_context: load_ssl_context verify=True cert=None trust_env=True http2=False
2025-04-09 15:20:16 [DEBUG] _config - load_ssl_context_verify: load_verify_locations cafile='C:\\Users\\Silver\\AppData\\Local\\anaconda3\\Library\\ssl\\cacert.pem'
2025-04-09 15:20:20 [DEBUG] tpu_cluster_resolver - <module>: Falling back to TensorFlow client; we recommended you install the Cloud TPU client directly with pip install cloud-tpu-client.
2025-04-09 15:20:21 [DEBUG] __init__ - <module>: Creating converter from 7 to 5
2025-04-09 15:20:21 [DEBUG] __init__ - <module>: Creating converter from 5 to 7
2025-04-09 15:20:21 [DEBUG] __init__ - <module>: Creating converter from 7 to 5
2025-04-09 15:20:21 [DEBUG] __init__ - <module>: Creating converter from 5 to 7
2025-04-09 15:20:25 [INFO] utils - _init_num_threads: NumExpr defaulting to 4 threads.
2025-04-09 15:20:25 [DEBUG] __init__ - wrapper: matplotlib data path: C:\Users\Silver\AppData\Local\anaconda3\Lib\site-packages\matplotlib\mpl-data
2025-04-09 15:20:25 [DEBUG] __init__ - wrapper: CONFIGDIR=C:\Users\Silver\.matplotlib
2025-04-09 15:20:25 [DEBUG] __init__ - <module>: interactive is False
2025-04-09 15:20:25 [DEBUG] __init__ - <module>: platform is win32
2025-04-09 15:20:26 [DEBUG] __init__ - wrapper: CACHEDIR=C:\Users\Silver\.matplotlib
2025-04-09 15:20:26 [DEBUG] font_manager - _load_fontmanager: Using fontManager instance from C:\Users\Silver\.matplotlib\fontlist-v390.json
2025-04-09 15:20:28 [INFO] car_damage - __init__: Loaded car damage detection model from best.onnx
2025-04-09 15:20:28 [INFO] car_damage - <module>: Car damage detection model initialized successfully
2025-04-09 15:20:30 [WARNING] module_wrapper - _tfmw_add_deprecation_warning: From C:\Users\Silver\Desktop\TakaInsure2\app\blueprints\car_recognition.py:39: The name tf.GraphDef is deprecated. Please use tf.compat.v1.GraphDef instead.

2025-04-09 15:20:30 [INFO] car_recognition - <module>: Car make/model classifier initialized successfully
2025-04-09 15:20:30 [INFO] car_recognition - <module>: COCO labels loaded successfully
2025-04-09 15:20:30 [INFO] car_recognition - <module>: Loading YOLO model from disk...
2025-04-09 15:20:31 [INFO] car_recognition - <module>: YOLO model loaded with CUDA support
2025-04-09 15:20:31 [INFO] image_processing - <module>: Car make classifier initialized successfully
2025-04-09 15:20:32 [INFO] image_processing - initialize_yolo: YOLO model initialized successfully
2025-04-09 15:20:32 [INFO] __init__ - create_app: Application initialized successfully
2025-04-09 15:20:32 [INFO] daily_premium_checker - check_and_process_daily_premiums: Checking for daily premium payments for 2025-04-09
2025-04-09 15:20:32 [INFO] daily_premium_checker - start_premium_checker_thread: Started daily premium checker thread
2025-04-09 15:20:32 [INFO] supabase_service - get_supabase_client: Creating Supabase client
2025-04-09 15:20:32 [INFO] app - <module>: Daily premium checker enabled
2025-04-09 15:20:32 [DEBUG] _config - load_ssl_context: load_ssl_context verify=True cert=None trust_env=True http2=False
2025-04-09 15:20:32 [INFO] app - <module>: Starting application on port 5000 with debug=True
2025-04-09 15:20:32 [DEBUG] _config - load_ssl_context_verify: load_verify_locations cafile='C:\\Users\\Silver\\AppData\\Local\\anaconda3\\Library\\ssl\\cacert.pem'
2025-04-09 15:20:32 [WARNING] _internal - _log:  * Debugger is active!
2025-04-09 15:20:33 [DEBUG] _config - load_ssl_context: load_ssl_context verify=True cert=None trust_env=True http2=False
2025-04-09 15:20:33 [DEBUG] _config - load_ssl_context_verify: load_verify_locations cafile='C:\\Users\\Silver\\AppData\\Local\\anaconda3\\Library\\ssl\\cacert.pem'
2025-04-09 15:20:33 [DEBUG] _trace - trace: connect_tcp.started host='ugpyvtzzqtzuiibitsbr.supabase.co' port=443 local_address=None timeout=120 socket_options=None
2025-04-09 15:20:33 [DEBUG] _trace - trace: connect_tcp.complete return_value=<httpcore._backends.sync.SyncStream object at 0x00000107078B9940>
2025-04-09 15:20:33 [DEBUG] _trace - trace: start_tls.started ssl_context=<ssl.SSLContext object at 0x00000107078AE3D0> server_hostname='ugpyvtzzqtzuiibitsbr.supabase.co' timeout=120
2025-04-09 15:20:33 [DEBUG] _trace - trace: start_tls.complete return_value=<httpcore._backends.sync.SyncStream object at 0x000001077519AF00>
2025-04-09 15:20:33 [DEBUG] _trace - trace: send_connection_init.started request=<Request [b'GET']>
2025-04-09 15:20:33 [DEBUG] _trace - trace: send_connection_init.complete
2025-04-09 15:20:33 [DEBUG] _trace - trace: send_request_headers.started request=<Request [b'GET']> stream_id=1
2025-04-09 15:20:33 [DEBUG] hpack - add: Adding (b':method', b'GET') to the header table, sensitive:False, huffman:True
2025-04-09 15:20:33 [DEBUG] hpack - encode_integer: Encoding 2 with 7 bits
2025-04-09 15:20:33 [DEBUG] hpack - add: Adding (b':authority', b'ugpyvtzzqtzuiibitsbr.supabase.co') to the header table, sensitive:False, huffman:True
2025-04-09 15:20:33 [DEBUG] hpack - encode_integer: Encoding 1 with 6 bits
2025-04-09 15:20:33 [DEBUG] hpack - encode_integer: Encoding 23 with 7 bits
2025-04-09 15:20:33 [DEBUG] hpack - add: Adding (b':scheme', b'https') to the header table, sensitive:False, huffman:True
2025-04-09 15:20:33 [DEBUG] hpack - encode_integer: Encoding 7 with 7 bits
2025-04-09 15:20:33 [DEBUG] hpack - add: Adding (b':path', b'/rest/v1/policy?select=%2A&status=eq.active') to the header table, sensitive:False, huffman:True
2025-04-09 15:20:33 [DEBUG] hpack - encode_integer: Encoding 4 with 6 bits
2025-04-09 15:20:33 [DEBUG] hpack - encode_integer: Encoding 31 with 7 bits
2025-04-09 15:20:33 [DEBUG] hpack - add: Adding (b'accept', b'*/*') to the header table, sensitive:False, huffman:True
2025-04-09 15:20:33 [DEBUG] hpack - encode_integer: Encoding 19 with 6 bits
2025-04-09 15:20:33 [DEBUG] hpack - encode_integer: Encoding 3 with 7 bits
2025-04-09 15:20:33 [DEBUG] hpack - add: Adding (b'accept-encoding', b'gzip, deflate, br') to the header table, sensitive:False, huffman:True
2025-04-09 15:20:33 [DEBUG] hpack - encode_integer: Encoding 16 with 6 bits
2025-04-09 15:20:33 [DEBUG] hpack - encode_integer: Encoding 13 with 7 bits
2025-04-09 15:20:33 [DEBUG] hpack - add: Adding (b'user-agent', b'python-httpx/0.27.0') to the header table, sensitive:False, huffman:True
2025-04-09 15:20:33 [DEBUG] hpack - encode_integer: Encoding 58 with 6 bits
2025-04-09 15:20:33 [DEBUG] hpack - encode_integer: Encoding 14 with 7 bits
2025-04-09 15:20:33 [DEBUG] hpack - add: Adding (b'x-client-info', b'supabase-py/2.15.0') to the header table, sensitive:False, huffman:True
2025-04-09 15:20:33 [DEBUG] hpack - encode_integer: Encoding 10 with 7 bits
2025-04-09 15:20:33 [DEBUG] hpack - encode_integer: Encoding 13 with 7 bits
2025-04-09 15:20:33 [DEBUG] hpack - add: Adding (b'apikey', b'eyJhbGciOiJIUzI1NiIsInR5cCI6IkpXVCJ9.eyJpc3MiOiJzdXBhYmFzZSIsInJlZiI6InVncHl2dHp6cXR6dWlpYml0c2JyIiwicm9sZSI6ImFub24iLCJpYXQiOjE3NDM1ODIzMjYsImV4cCI6MjA1OTE1ODMyNn0.y8I8-2r15_5sU5JMSomtOElhKGb3V-3yfZM8q_LCiJg') to the header table, sensitive:False, huffman:True
2025-04-09 15:20:33 [DEBUG] hpack - encode_integer: Encoding 5 with 7 bits
2025-04-09 15:20:33 [DEBUG] hpack - encode_integer: Encoding 166 with 7 bits
2025-04-09 15:20:33 [DEBUG] hpack - add: Adding (b'authorization', b'Bearer eyJhbGciOiJIUzI1NiIsInR5cCI6IkpXVCJ9.eyJpc3MiOiJzdXBhYmFzZSIsInJlZiI6InVncHl2dHp6cXR6dWlpYml0c2JyIiwicm9sZSI6ImFub24iLCJpYXQiOjE3NDM1ODIzMjYsImV4cCI6MjA1OTE1ODMyNn0.y8I8-2r15_5sU5JMSomtOElhKGb3V-3yfZM8q_LCiJg') to the header table, sensitive:True, huffman:True
2025-04-09 15:20:34 [DEBUG] hpack - encode_integer: Encoding 23 with 4 bits
2025-04-09 15:20:34 [DEBUG] hpack - encode_integer: Encoding 171 with 7 bits
2025-04-09 15:20:34 [DEBUG] hpack - add: Adding (b'accept-profile', b'public') to the header table, sensitive:False, huffman:True
2025-04-09 15:20:34 [DEBUG] hpack - encode_integer: Encoding 10 with 7 bits
2025-04-09 15:20:34 [DEBUG] hpack - encode_integer: Encoding 5 with 7 bits
2025-04-09 15:20:34 [DEBUG] hpack - add: Adding (b'content-profile', b'public') to the header table, sensitive:False, huffman:True
2025-04-09 15:20:34 [DEBUG] hpack - encode_integer: Encoding 11 with 7 bits
2025-04-09 15:20:34 [DEBUG] hpack - encode_integer: Encoding 5 with 7 bits
2025-04-09 15:20:34 [DEBUG] hpack - encode: Encoded header block to b"\x82A\x97\xb6j\xfdwO\xbf}\x93\xee\xd3\x1a3%\x11\xd8\xba-\xacq\x8d\x05\\\x87\x87D\x9fb\xc2\xa1,w\x0b\x15\x9e\x83\x13\xd7\xf8\x82\xd0R&\x05E\x0f\xc2\x124\xda\x88\x0b\xd9q\x91&\xee_S\x83\xf9c\xe7P\x8d\x9b\xd9\xab\xfaRB\xcb@\xd2_\xa5#\xb3z\x8e\xaf\xd2g=KN\x94\xd7\xe5\x80.'W\x07@\x8a\xf2\xb1(1jJ\xc6\xaaS\xff\x8dE\xb5\x8e1\xa0\xabW\xe9\x81.\x16\xd7\x07@\x85\x1df\xea__\xff'/\xac\xb3\xc7\x88\x86\xd4l\xb98{\xc8\x1d&\xc8\x8c\x95ml\x97\xb29\x93\xad\x7f\x9coe}r\xfa\xcbY\x19\xd0mF\xcb\xeeO\xcb\xb3\xf3\xa7\x0f\xbf\xdd\xd9\x11\x92\xac\xb4~\x9b#\x99*\xe3Q1\xd0)1\xd6\xe1?6\xb9'*+\xe7M\x00 \xb2\xfa\xc8o\x06%/\xa3\xf7vG2S\x86\xd8\xc4\xd1\xb3\xde\xcb_?\xcd\x86\xd5\xd3\x03:o\xe8\x0e\xab\xf9=\xe8\xe9\xcd\x19)\xe2\xd1/dsGHC\xab~\x00\xea\xbf\xa3\xd6\x9a\x80\xbf\xa7\xb2<\xb0\xac\x0bq6\x8e\r\xe5\xd1\xb8\xf4\xa7V\n'\xcd\x8a6x\xac\xcf\xa9\x7ft=\xda,\xf7\x8d\x96o\x1f\x08\xff,\xbaQ\xd8[\x14/\xac\xb3\xc7\x88\x86\xd4l\xb98{\xc8\x1d&\xc8\x8c\x95ml\x97\xb29\x93\xad\x7f\x9coe}r\xfa\xcbY\x19\xd0mF\xcb\xeeO\xcb\xb3\xf3\xa7\x0f\xbf\xdd\xd9\x11\x92\xac\xb4~\x9b#\x99*\xe3Q1\xd0)1\xd6\xe1?6\xb9'*+\xe7M\x00 \xb2\xfa\xc8o\x06%/\xa3\xf7vG2S\x86\xd8\xc4\xd1\xb3\xde\xcb_?\xcd\x86\xd5\xd3\x03:o\xe8\x0e\xab\xf9=\xe8\xe9\xcd\x19)\xe2\xd1/dsGHC\xab~\x00\xea\xbf\xa3\xd6\x9a\x80\xbf\xa7\xb2<\xb0\xac\x0bq6\x8e\r\xe5\xd1\xb8\xf4\xa7V\n'\xcd\x8a6x\xac\xcf\xa9\x7ft=\xda,\xf7\x8d\x96o@\x8a\x19\x08Z\xd2\xb5v\x1eSP_\x85\xae\xd8\xe81?@\x8b!\xeaIjJ\xd5\xd8yMA\x7f\x85\xae\xd8\xe81?"
2025-04-09 15:20:34 [DEBUG] _trace - trace: send_request_headers.complete
2025-04-09 15:20:34 [DEBUG] _trace - trace: send_request_body.started request=<Request [b'GET']> stream_id=1
2025-04-09 15:20:34 [DEBUG] _trace - trace: send_request_body.complete
2025-04-09 15:20:34 [DEBUG] _trace - trace: receive_response_headers.started request=<Request [b'GET']> stream_id=1
2025-04-09 15:20:34 [DEBUG] _trace - trace: receive_remote_settings.started
2025-04-09 15:20:34 [DEBUG] _trace - trace: receive_remote_settings.complete return_value=<RemoteSettingsChanged changed_settings:{ChangedSetting(setting=3, original_value=None, new_value=100), ChangedSetting(setting=4, original_value=65535, new_value=65536), ChangedSetting(setting=5, original_value=16384, new_value=16777215)}>
2025-04-09 15:20:34 [DEBUG] hpack - decode: Decoding b'?\xe1\x1f\x88a\x96\xe4Y>\x94\x03\xeaC]\x8a\x08\x02m@\xb3p@\xb8\xcbjb\xd1\xbf_\x96\x1du\xd0b\r&=LtA\xea\xfbP\x93\x8e\xc4\x150Z\x99V{^\x84\x02\xc0c\xe7@\x85$\xabX?_\x8f|R\r\xa9\x1d!\x1fvF\x8b \x96\xcb\xa6\xef@\x8a$\xab\x10d\x9c\xab!#M\xa8\x86\xbf\xcfL:2^Z\x83\x9b\xd9\xab]\x99b\xb3\xd0bz\xff\x10Z\nD\xc0\xa8\xa1\xf8BF\x9bQ\x01{.2$\xdd\xcbx\xa0\xa4~V\x1c\xc5\x81\x90\xb6\xcb\x80\x00>\xd45D\xa2\xd9\x0b\xba\xd8\xef\x9e\x91\x9a\xa4}\xa9]\x85\xa0\xe3\x93{\x8b\x84\x84-i[\x05D<\x86\xaao@\x8b!\xeaIjJ\xd5\xd8yMA\x7f\x85\xae\xd8\xe81?@\x8dDkL4\x97\xc0\xfd-\xdc\xb6 \xc7\xab\x011@\x8aDkWa\xfa\x14\x89Z\xc2\xcb\x8f\xb6j\xfdwO\xbf}\x93\xee\xd3\x1a3%\x11\xd9@\x90\xf2\xb1\x0fRKRVO\xaa\xca\xb1\xebI\x8fR?\x85\xa8\xe8\xa8\xd2\xcb@\x8f\xf2\xb1j\xee\x7fK\r)-5\xa5b\x1e\xda\x93\x011@\x95\xf2\xb1j\xee\x7fK[Z\x13aGJ\xc8-\x9d\xccB\xac\x93R_\x0216v\x87%\x07\xb6Ih\x1d\x85@\x85\x1d\tY\x1d\xc9\x90\x9d\x98?\x9b\x8d4\xcf\xf3\xf6\xa5#\x81\xe7\x1a\x00?'
2025-04-09 15:20:34 [DEBUG] hpack - decode_integer: Decoded 4096, consumed 3 bytes
2025-04-09 15:20:34 [DEBUG] table - maxsize: Resizing header table to 4096 from 4096
2025-04-09 15:20:34 [DEBUG] hpack - decode_integer: Decoded 8, consumed 1 bytes
2025-04-09 15:20:34 [DEBUG] hpack - _decode_indexed: Decoded (b':status', b'200'), consumed 1
2025-04-09 15:20:34 [DEBUG] hpack - decode_integer: Decoded 33, consumed 1 bytes
2025-04-09 15:20:34 [DEBUG] hpack - decode_integer: Decoded 22, consumed 1 bytes
2025-04-09 15:20:34 [DEBUG] hpack - _decode_literal: Decoded (b'date', b'Wed, 09 Apr 2025 13:20:35 GMT'), total consumed 24 bytes, indexed True
2025-04-09 15:20:34 [DEBUG] hpack - decode_integer: Decoded 31, consumed 1 bytes
2025-04-09 15:20:34 [DEBUG] hpack - decode_integer: Decoded 22, consumed 1 bytes
2025-04-09 15:20:34 [DEBUG] hpack - _decode_literal: Decoded (b'content-type', b'application/json; charset=utf-8'), total consumed 24 bytes, indexed True
2025-04-09 15:20:34 [DEBUG] hpack - decode_integer: Decoded 30, consumed 1 bytes
2025-04-09 15:20:34 [DEBUG] hpack - decode_integer: Decoded 4, consumed 1 bytes
2025-04-09 15:20:34 [DEBUG] hpack - _decode_literal: Decoded (b'content-range', b'0-0/*'), total consumed 6 bytes, indexed True
2025-04-09 15:20:34 [DEBUG] hpack - decode_integer: Decoded 5, consumed 1 bytes
2025-04-09 15:20:34 [DEBUG] hpack - decode_integer: Decoded 15, consumed 1 bytes
2025-04-09 15:20:34 [DEBUG] hpack - _decode_literal: Decoded (b'cf-ray', b'92da4d7cc97d4ed2-JNB'), total consumed 23 bytes, indexed True
2025-04-09 15:20:34 [DEBUG] hpack - decode_integer: Decoded 10, consumed 1 bytes
2025-04-09 15:20:34 [DEBUG] hpack - decode_integer: Decoded 6, consumed 1 bytes
2025-04-09 15:20:34 [DEBUG] hpack - _decode_literal: Decoded (b'cf-cache-status', b'DYNAMIC'), total consumed 19 bytes, indexed True
2025-04-09 15:20:34 [DEBUG] hpack - decode_integer: Decoded 26, consumed 1 bytes
2025-04-09 15:20:34 [DEBUG] hpack - decode_integer: Decoded 3, consumed 1 bytes
2025-04-09 15:20:34 [DEBUG] hpack - _decode_literal: Decoded (b'content-encoding', b'gzip'), total consumed 5 bytes, indexed True
2025-04-09 15:20:34 [DEBUG] hpack - decode_integer: Decoded 29, consumed 1 bytes
2025-04-09 15:20:34 [DEBUG] hpack - decode_integer: Decoded 25, consumed 1 bytes
2025-04-09 15:20:34 [DEBUG] hpack - _decode_literal: Decoded (b'content-location', b'/policy?select=%2A&status=eq.active'), total consumed 27 bytes, indexed True
2025-04-09 15:20:34 [DEBUG] hpack - decode_integer: Decoded 56, consumed 1 bytes
2025-04-09 15:20:34 [DEBUG] hpack - decode_integer: Decoded 32, consumed 1 bytes
2025-04-09 15:20:34 [DEBUG] hpack - _decode_literal: Decoded (b'strict-transport-security', b'max-age=31536000; includeSubDomains; preload'), total consumed 34 bytes, indexed True
2025-04-09 15:20:34 [DEBUG] hpack - decode_integer: Decoded 59, consumed 1 bytes
2025-04-09 15:20:34 [DEBUG] hpack - decode_integer: Decoded 11, consumed 1 bytes
2025-04-09 15:20:34 [DEBUG] hpack - _decode_literal: Decoded (b'vary', b'Accept-Encoding'), total consumed 13 bytes, indexed True
2025-04-09 15:20:34 [DEBUG] hpack - decode_integer: Decoded 11, consumed 1 bytes
2025-04-09 15:20:34 [DEBUG] hpack - decode_integer: Decoded 5, consumed 1 bytes
2025-04-09 15:20:34 [DEBUG] hpack - _decode_literal: Decoded (b'content-profile', b'public'), total consumed 19 bytes, indexed True
2025-04-09 15:20:34 [DEBUG] hpack - decode_integer: Decoded 13, consumed 1 bytes
2025-04-09 15:20:34 [DEBUG] hpack - decode_integer: Decoded 1, consumed 1 bytes
2025-04-09 15:20:34 [DEBUG] hpack - _decode_literal: Decoded (b'sb-gateway-version', <memory at 0x0000010707884F40>), total consumed 17 bytes, indexed True
2025-04-09 15:20:34 [DEBUG] hpack - decode_integer: Decoded 10, consumed 1 bytes
2025-04-09 15:20:34 [DEBUG] hpack - decode_integer: Decoded 15, consumed 1 bytes
2025-04-09 15:20:34 [DEBUG] hpack - _decode_literal: Decoded (b'sb-project-ref', b'ugpyvtzzqtzuiibitsbr'), total consumed 28 bytes, indexed True
2025-04-09 15:20:34 [DEBUG] hpack - decode_integer: Decoded 16, consumed 1 bytes
2025-04-09 15:20:34 [DEBUG] hpack - decode_integer: Decoded 5, consumed 1 bytes
2025-04-09 15:20:34 [DEBUG] hpack - _decode_literal: Decoded (b'x-content-type-options', b'nosniff'), total consumed 24 bytes, indexed True
2025-04-09 15:20:34 [DEBUG] hpack - decode_integer: Decoded 15, consumed 1 bytes
2025-04-09 15:20:34 [DEBUG] hpack - decode_integer: Decoded 1, consumed 1 bytes
2025-04-09 15:20:34 [DEBUG] hpack - _decode_literal: Decoded (b'x-envoy-attempt-count', <memory at 0x0000010707885000>), total consumed 19 bytes, indexed True
2025-04-09 15:20:34 [DEBUG] hpack - decode_integer: Decoded 21, consumed 1 bytes
2025-04-09 15:20:34 [DEBUG] hpack - decode_integer: Decoded 2, consumed 1 bytes
2025-04-09 15:20:34 [DEBUG] hpack - _decode_literal: Decoded (b'x-envoy-upstream-service-time', <memory at 0x0000010707884E80>), total consumed 26 bytes, indexed True
2025-04-09 15:20:34 [DEBUG] hpack - decode_integer: Decoded 54, consumed 1 bytes
2025-04-09 15:20:34 [DEBUG] hpack - decode_integer: Decoded 7, consumed 1 bytes
2025-04-09 15:20:34 [DEBUG] hpack - _decode_literal: Decoded (b'server', b'cloudflare'), total consumed 9 bytes, indexed True
2025-04-09 15:20:34 [DEBUG] hpack - decode_integer: Decoded 5, consumed 1 bytes
2025-04-09 15:20:34 [DEBUG] hpack - decode_integer: Decoded 16, consumed 1 bytes
2025-04-09 15:20:34 [DEBUG] hpack - _decode_literal: Decoded (b'alt-svc', b'h3=":443"; ma=86400'), total consumed 24 bytes, indexed True
2025-04-09 15:20:34 [DEBUG] _trace - trace: receive_response_headers.complete return_value=(200, [(b'date', b'Wed, 09 Apr 2025 13:20:35 GMT'), (b'content-type', b'application/json; charset=utf-8'), (b'content-range', b'0-0/*'), (b'cf-ray', b'92da4d7cc97d4ed2-JNB'), (b'cf-cache-status', b'DYNAMIC'), (b'content-encoding', b'gzip'), (b'content-location', b'/policy?select=%2A&status=eq.active'), (b'strict-transport-security', b'max-age=31536000; includeSubDomains; preload'), (b'vary', b'Accept-Encoding'), (b'content-profile', b'public'), (b'sb-gateway-version', b'1'), (b'sb-project-ref', b'ugpyvtzzqtzuiibitsbr'), (b'x-content-type-options', b'nosniff'), (b'x-envoy-attempt-count', b'1'), (b'x-envoy-upstream-service-time', b'16'), (b'server', b'cloudflare'), (b'alt-svc', b'h3=":443"; ma=86400')])
2025-04-09 15:20:34 [INFO] _client - _send_single_request: HTTP Request: GET https://ugpyvtzzqtzuiibitsbr.supabase.co/rest/v1/policy?select=%2A&status=eq.active "HTTP/2 200 OK"
2025-04-09 15:20:34 [DEBUG] _trace - trace: receive_response_body.started request=<Request [b'GET']> stream_id=1
2025-04-09 15:20:34 [DEBUG] _trace - trace: receive_response_body.complete
2025-04-09 15:20:34 [DEBUG] _trace - trace: response_closed.started stream_id=1
2025-04-09 15:20:34 [DEBUG] _trace - trace: response_closed.complete
2025-04-09 15:20:34 [INFO] daily_premium_checker - check_and_process_daily_premiums: Found 1 policyholders with active policies
2025-04-09 15:20:34 [DEBUG] _trace - trace: send_request_headers.started request=<Request [b'GET']> stream_id=3
2025-04-09 15:20:34 [DEBUG] hpack - add: Adding (b':method', b'GET') to the header table, sensitive:False, huffman:True
2025-04-09 15:20:34 [DEBUG] hpack - encode_integer: Encoding 2 with 7 bits
2025-04-09 15:20:34 [DEBUG] hpack - add: Adding (b':authority', b'ugpyvtzzqtzuiibitsbr.supabase.co') to the header table, sensitive:False, huffman:True
2025-04-09 15:20:34 [DEBUG] hpack - encode_integer: Encoding 70 with 7 bits
2025-04-09 15:20:34 [DEBUG] hpack - add: Adding (b':scheme', b'https') to the header table, sensitive:False, huffman:True
2025-04-09 15:20:34 [DEBUG] hpack - encode_integer: Encoding 7 with 7 bits
2025-04-09 15:20:34 [DEBUG] hpack - add: Adding (b':path', b'/rest/v1/policyholder?select=%2A&policyholder_id=eq.b290fe04-55a0-4ee6-841d-2e8142f1aaf6') to the header table, sensitive:False, huffman:True
2025-04-09 15:20:34 [DEBUG] hpack - encode_integer: Encoding 4 with 6 bits
2025-04-09 15:20:34 [DEBUG] hpack - encode_integer: Encoding 63 with 7 bits
2025-04-09 15:20:34 [DEBUG] hpack - add: Adding (b'accept', b'*/*') to the header table, sensitive:False, huffman:True
2025-04-09 15:20:34 [DEBUG] hpack - encode_integer: Encoding 69 with 7 bits
2025-04-09 15:20:34 [DEBUG] hpack - add: Adding (b'accept-encoding', b'gzip, deflate, br') to the header table, sensitive:False, huffman:True
2025-04-09 15:20:34 [DEBUG] hpack - encode_integer: Encoding 68 with 7 bits
2025-04-09 15:20:34 [DEBUG] hpack - add: Adding (b'user-agent', b'python-httpx/0.27.0') to the header table, sensitive:False, huffman:True
2025-04-09 15:20:34 [DEBUG] hpack - encode_integer: Encoding 67 with 7 bits
2025-04-09 15:20:34 [DEBUG] hpack - add: Adding (b'x-client-info', b'supabase-py/2.15.0') to the header table, sensitive:False, huffman:True
2025-04-09 15:20:34 [DEBUG] hpack - encode_integer: Encoding 66 with 7 bits
2025-04-09 15:20:34 [DEBUG] hpack - add: Adding (b'apikey', b'eyJhbGciOiJIUzI1NiIsInR5cCI6IkpXVCJ9.eyJpc3MiOiJzdXBhYmFzZSIsInJlZiI6InVncHl2dHp6cXR6dWlpYml0c2JyIiwicm9sZSI6ImFub24iLCJpYXQiOjE3NDM1ODIzMjYsImV4cCI6MjA1OTE1ODMyNn0.y8I8-2r15_5sU5JMSomtOElhKGb3V-3yfZM8q_LCiJg') to the header table, sensitive:False, huffman:True
2025-04-09 15:20:34 [DEBUG] hpack - encode_integer: Encoding 65 with 7 bits
2025-04-09 15:20:34 [DEBUG] hpack - add: Adding (b'authorization', b'Bearer eyJhbGciOiJIUzI1NiIsInR5cCI6IkpXVCJ9.eyJpc3MiOiJzdXBhYmFzZSIsInJlZiI6InVncHl2dHp6cXR6dWlpYml0c2JyIiwicm9sZSI6ImFub24iLCJpYXQiOjE3NDM1ODIzMjYsImV4cCI6MjA1OTE1ODMyNn0.y8I8-2r15_5sU5JMSomtOElhKGb3V-3yfZM8q_LCiJg') to the header table, sensitive:True, huffman:True
2025-04-09 15:20:34 [DEBUG] hpack - encode_integer: Encoding 23 with 4 bits
2025-04-09 15:20:34 [DEBUG] hpack - encode_integer: Encoding 171 with 7 bits
2025-04-09 15:20:34 [DEBUG] hpack - add: Adding (b'accept-profile', b'public') to the header table, sensitive:False, huffman:True
2025-04-09 15:20:34 [DEBUG] hpack - encode_integer: Encoding 64 with 7 bits
2025-04-09 15:20:34 [DEBUG] hpack - add: Adding (b'content-profile', b'public') to the header table, sensitive:False, huffman:True
2025-04-09 15:20:34 [DEBUG] hpack - encode_integer: Encoding 63 with 7 bits
2025-04-09 15:20:34 [DEBUG] hpack - encode: Encoded header block to b'\x82\xc6\x87D\xbfb\xc2\xa1,w\x0b\x15\x9e\x83\x13\xd4\xe7\xa2B\xd9\xfe \xb4\x14\x89\x81QC\xf1Y\xe81=Nz$-\x91\x1aH\x0b\xd9x\xc4\xf8%(\x1aY\xb6\xc6\x05\x9a)\\Y\xe6\x83"\xc2+\xc1hR\x84c\x95\xcf\xc5\xc4\xc3\xc2\xc1\x1f\x08\xff,\xbaQ\xd8[\x14/\xac\xb3\xc7\x88\x86\xd4l\xb98{\xc8\x1d&\xc8\x8c\x95ml\x97\xb29\x93\xad\x7f\x9coe}r\xfa\xcbY\x19\xd0mF\xcb\xeeO\xcb\xb3\xf3\xa7\x0f\xbf\xdd\xd9\x11\x92\xac\xb4~\x9b#\x99*\xe3Q1\xd0)1\xd6\xe1?6\xb9\'*+\xe7M\x00 \xb2\xfa\xc8o\x06%/\xa3\xf7vG2S\x86\xd8\xc4\xd1\xb3\xde\xcb_?\xcd\x86\xd5\xd3\x03:o\xe8\x0e\xab\xf9=\xe8\xe9\xcd\x19)\xe2\xd1/dsGHC\xab~\x00\xea\xbf\xa3\xd6\x9a\x80\xbf\xa7\xb2<\xb0\xac\x0bq6\x8e\r\xe5\xd1\xb8\xf4\xa7V\n\'\xcd\x8a6x\xac\xcf\xa9\x7ft=\xda,\xf7\x8d\x96o\xc0\xbf'
2025-04-09 15:20:34 [DEBUG] _trace - trace: send_request_headers.complete
2025-04-09 15:20:34 [DEBUG] _trace - trace: send_request_body.started request=<Request [b'GET']> stream_id=3
2025-04-09 15:20:34 [DEBUG] _trace - trace: send_request_body.complete
2025-04-09 15:20:34 [DEBUG] _trace - trace: receive_response_headers.started request=<Request [b'GET']> stream_id=3
2025-04-09 15:20:35 [DEBUG] hpack - decode: Decoding b"\x88a\x96\xe4Y>\x94\x03\xeaC]\x8a\x08\x02m@\xb3p@\xb8\xcb\x8ab\xd1\xbf\xce\xcd\x7f\r\x8f|R\r\xa9\x1e\x0br\xbc\xf3E\x90Ke\xd3w\xcc\xcb]\xb9b\xb3\xd0bz\x9c\xf4H[?\xca\xcfA\x89\xeas\xd1!l\x88\xd2@^\xcb\xc6'\xc1)@\xd2\xcd\xb60,\xd1J\xe2\xcf4\x19\x16\x11^\x0bB\x94#\x1c\xae| \xb4\x14\x89\x81QC\xca\xc9\xc8\xc7\xc6\xc5\xc4\xc3\xc2\xc1"
2025-04-09 15:20:35 [DEBUG] hpack - decode_integer: Decoded 8, consumed 1 bytes
2025-04-09 15:20:35 [DEBUG] hpack - _decode_indexed: Decoded (b':status', b'200'), consumed 1
2025-04-09 15:20:35 [DEBUG] hpack - decode_integer: Decoded 33, consumed 1 bytes
2025-04-09 15:20:35 [DEBUG] hpack - decode_integer: Decoded 22, consumed 1 bytes
2025-04-09 15:20:35 [DEBUG] hpack - _decode_literal: Decoded (b'date', b'Wed, 09 Apr 2025 13:20:36 GMT'), total consumed 24 bytes, indexed True
2025-04-09 15:20:35 [DEBUG] hpack - decode_integer: Decoded 78, consumed 1 bytes
2025-04-09 15:20:35 [DEBUG] hpack - _decode_indexed: Decoded (b'content-type', b'application/json; charset=utf-8'), consumed 1
2025-04-09 15:20:35 [DEBUG] hpack - decode_integer: Decoded 77, consumed 1 bytes
2025-04-09 15:20:35 [DEBUG] hpack - _decode_indexed: Decoded (b'content-range', b'0-0/*'), consumed 1
2025-04-09 15:20:35 [DEBUG] hpack - decode_integer: Decoded 76, consumed 2 bytes
2025-04-09 15:20:35 [DEBUG] hpack - decode_integer: Decoded 15, consumed 1 bytes
2025-04-09 15:20:35 [DEBUG] hpack - _decode_literal: Decoded (b'cf-ray', b'92da4d815f884ed2-JNB'), total consumed 18 bytes, indexed True
2025-04-09 15:20:35 [DEBUG] hpack - decode_integer: Decoded 76, consumed 1 bytes
2025-04-09 15:20:35 [DEBUG] hpack - _decode_indexed: Decoded (b'cf-cache-status', b'DYNAMIC'), consumed 1
2025-04-09 15:20:35 [DEBUG] hpack - decode_integer: Decoded 75, consumed 1 bytes
2025-04-09 15:20:35 [DEBUG] hpack - _decode_indexed: Decoded (b'content-encoding', b'gzip'), consumed 1
2025-04-09 15:20:35 [DEBUG] hpack - decode_integer: Decoded 29, consumed 1 bytes
2025-04-09 15:20:35 [DEBUG] hpack - decode_integer: Decoded 57, consumed 1 bytes
2025-04-09 15:20:35 [DEBUG] hpack - _decode_literal: Decoded (b'content-location', b'/policyholder?policyholder_id=eq.b290fe04-55a0-4ee6-841d-2e8142f1aaf6&select=%2A'), total consumed 59 bytes, indexed True
2025-04-09 15:20:35 [DEBUG] hpack - decode_integer: Decoded 74, consumed 1 bytes
2025-04-09 15:20:35 [DEBUG] hpack - _decode_indexed: Decoded (b'strict-transport-security', b'max-age=31536000; includeSubDomains; preload'), consumed 1
2025-04-09 15:20:35 [DEBUG] hpack - decode_integer: Decoded 73, consumed 1 bytes
2025-04-09 15:20:35 [DEBUG] hpack - _decode_indexed: Decoded (b'vary', b'Accept-Encoding'), consumed 1
2025-04-09 15:20:35 [DEBUG] hpack - decode_integer: Decoded 72, consumed 1 bytes
2025-04-09 15:20:35 [DEBUG] hpack - _decode_indexed: Decoded (b'content-profile', b'public'), consumed 1
2025-04-09 15:20:35 [DEBUG] hpack - decode_integer: Decoded 71, consumed 1 bytes
2025-04-09 15:20:35 [DEBUG] hpack - _decode_indexed: Decoded (b'sb-gateway-version', <memory at 0x0000010707884F40>), consumed 1
2025-04-09 15:20:35 [DEBUG] hpack - decode_integer: Decoded 70, consumed 1 bytes
2025-04-09 15:20:35 [DEBUG] hpack - _decode_indexed: Decoded (b'sb-project-ref', b'ugpyvtzzqtzuiibitsbr'), consumed 1
2025-04-09 15:20:35 [DEBUG] hpack - decode_integer: Decoded 69, consumed 1 bytes
2025-04-09 15:20:35 [DEBUG] hpack - _decode_indexed: Decoded (b'x-content-type-options', b'nosniff'), consumed 1
2025-04-09 15:20:35 [DEBUG] hpack - decode_integer: Decoded 68, consumed 1 bytes
2025-04-09 15:20:35 [DEBUG] hpack - _decode_indexed: Decoded (b'x-envoy-attempt-count', <memory at 0x0000010707885000>), consumed 1
2025-04-09 15:20:35 [DEBUG] hpack - decode_integer: Decoded 67, consumed 1 bytes
2025-04-09 15:20:35 [DEBUG] hpack - _decode_indexed: Decoded (b'x-envoy-upstream-service-time', <memory at 0x0000010707884E80>), consumed 1
2025-04-09 15:20:35 [DEBUG] hpack - decode_integer: Decoded 66, consumed 1 bytes
2025-04-09 15:20:35 [DEBUG] hpack - _decode_indexed: Decoded (b'server', b'cloudflare'), consumed 1
2025-04-09 15:20:35 [DEBUG] hpack - decode_integer: Decoded 65, consumed 1 bytes
2025-04-09 15:20:35 [DEBUG] hpack - _decode_indexed: Decoded (b'alt-svc', b'h3=":443"; ma=86400'), consumed 1
2025-04-09 15:20:35 [DEBUG] _trace - trace: receive_response_headers.complete return_value=(200, [(b'date', b'Wed, 09 Apr 2025 13:20:36 GMT'), (b'content-type', b'application/json; charset=utf-8'), (b'content-range', b'0-0/*'), (b'cf-ray', b'92da4d815f884ed2-JNB'), (b'cf-cache-status', b'DYNAMIC'), (b'content-encoding', b'gzip'), (b'content-location', b'/policyholder?policyholder_id=eq.b290fe04-55a0-4ee6-841d-2e8142f1aaf6&select=%2A'), (b'strict-transport-security', b'max-age=31536000; includeSubDomains; preload'), (b'vary', b'Accept-Encoding'), (b'content-profile', b'public'), (b'sb-gateway-version', b'1'), (b'sb-project-ref', b'ugpyvtzzqtzuiibitsbr'), (b'x-content-type-options', b'nosniff'), (b'x-envoy-attempt-count', b'1'), (b'x-envoy-upstream-service-time', b'16'), (b'server', b'cloudflare'), (b'alt-svc', b'h3=":443"; ma=86400')])
2025-04-09 15:20:35 [INFO] _client - _send_single_request: HTTP Request: GET https://ugpyvtzzqtzuiibitsbr.supabase.co/rest/v1/policyholder?select=%2A&policyholder_id=eq.b290fe04-55a0-4ee6-841d-2e8142f1aaf6 "HTTP/2 200 OK"
2025-04-09 15:20:35 [DEBUG] _trace - trace: receive_response_body.started request=<Request [b'GET']> stream_id=3
2025-04-09 15:20:35 [DEBUG] _trace - trace: receive_response_body.complete
2025-04-09 15:20:35 [DEBUG] _trace - trace: response_closed.started stream_id=3
2025-04-09 15:20:35 [DEBUG] _trace - trace: response_closed.complete
2025-04-09 15:20:35 [INFO] paynow_service - <module>: Paynow client initialized successfully
2025-04-09 15:20:35 [INFO] paynow_service - process_mobile_payment: Processing payment of $0.83 to +263786680563 via ecocash
2025-04-09 15:20:35 [DEBUG] connectionpool - _new_conn: Starting new HTTPS connection (1): www.paynow.co.zw:443
2025-04-09 15:20:35 [DEBUG] connectionpool - _make_request: https://www.paynow.co.zw:443 "POST /interface/remotetransaction HTTP/1.1" 200 171
2025-04-09 15:20:35 [ERROR] paynow_service - process_mobile_payment: Failed to initiate payment: <class 'str'>
2025-04-09 15:20:35 [WARNING] daily_premium_checker - check_and_process_daily_premiums: Daily premium payment failed for policyholder b290fe04-55a0-4ee6-841d-2e8142f1aaf6: <class 'str'>
2025-04-09 15:20:35 [INFO] daily_premium_checker - check_and_process_daily_premiums: Completed daily premium payments for 2025-04-09
2025-04-09 15:25:49 [INFO] supabase_service - get_supabase_client: Creating Supabase client
2025-04-09 15:25:49 [DEBUG] _config - load_ssl_context: load_ssl_context verify=True cert=None trust_env=True http2=False
2025-04-09 15:25:49 [DEBUG] _config - load_ssl_context_verify: load_verify_locations cafile='C:\\Users\\Silver\\AppData\\Local\\anaconda3\\Library\\ssl\\cacert.pem'
2025-04-09 15:25:53 [DEBUG] tpu_cluster_resolver - <module>: Falling back to TensorFlow client; we recommended you install the Cloud TPU client directly with pip install cloud-tpu-client.
2025-04-09 15:25:54 [DEBUG] __init__ - <module>: Creating converter from 7 to 5
2025-04-09 15:25:54 [DEBUG] __init__ - <module>: Creating converter from 5 to 7
2025-04-09 15:25:54 [DEBUG] __init__ - <module>: Creating converter from 7 to 5
2025-04-09 15:25:54 [DEBUG] __init__ - <module>: Creating converter from 5 to 7
2025-04-09 15:25:57 [INFO] utils - _init_num_threads: NumExpr defaulting to 4 threads.
2025-04-09 15:25:57 [DEBUG] __init__ - wrapper: matplotlib data path: C:\Users\Silver\AppData\Local\anaconda3\Lib\site-packages\matplotlib\mpl-data
2025-04-09 15:25:57 [DEBUG] __init__ - wrapper: CONFIGDIR=C:\Users\Silver\.matplotlib
2025-04-09 15:25:57 [DEBUG] __init__ - <module>: interactive is False
2025-04-09 15:25:57 [DEBUG] __init__ - <module>: platform is win32
2025-04-09 15:25:57 [DEBUG] __init__ - wrapper: CACHEDIR=C:\Users\Silver\.matplotlib
2025-04-09 15:25:57 [DEBUG] font_manager - _load_fontmanager: Using fontManager instance from C:\Users\Silver\.matplotlib\fontlist-v390.json
2025-04-09 15:26:00 [INFO] car_damage - __init__: Loaded car damage detection model from best.onnx
2025-04-09 15:26:00 [INFO] car_damage - <module>: Car damage detection model initialized successfully
2025-04-09 15:26:01 [WARNING] module_wrapper - _tfmw_add_deprecation_warning: From C:\Users\Silver\Desktop\TakaInsure2\app\blueprints\car_recognition.py:39: The name tf.GraphDef is deprecated. Please use tf.compat.v1.GraphDef instead.

2025-04-09 15:26:01 [INFO] car_recognition - <module>: Car make/model classifier initialized successfully
2025-04-09 15:26:01 [INFO] car_recognition - <module>: COCO labels loaded successfully
2025-04-09 15:26:01 [INFO] car_recognition - <module>: Loading YOLO model from disk...
2025-04-09 15:26:02 [INFO] car_recognition - <module>: YOLO model loaded with CUDA support
2025-04-09 15:26:02 [INFO] image_processing - <module>: Car make classifier initialized successfully
2025-04-09 15:26:02 [INFO] image_processing - initialize_yolo: YOLO model initialized successfully
2025-04-09 15:26:02 [INFO] __init__ - create_app: Application initialized successfully
2025-04-09 15:26:02 [INFO] daily_premium_checker - check_and_process_daily_premiums: Checking for daily premium payments for 2025-04-09
2025-04-09 15:26:02 [INFO] daily_premium_checker - start_premium_checker_thread: Started daily premium checker thread
2025-04-09 15:26:02 [INFO] supabase_service - get_supabase_client: Creating Supabase client
2025-04-09 15:26:02 [INFO] app - <module>: Daily premium checker enabled
2025-04-09 15:26:02 [DEBUG] _config - load_ssl_context: load_ssl_context verify=True cert=None trust_env=True http2=False
2025-04-09 15:26:02 [INFO] app - <module>: Starting application on port 5000 with debug=True
2025-04-09 15:26:02 [DEBUG] _config - load_ssl_context_verify: load_verify_locations cafile='C:\\Users\\Silver\\AppData\\Local\\anaconda3\\Library\\ssl\\cacert.pem'
2025-04-09 15:26:02 [WARNING] _internal - _log:  * Debugger is active!
2025-04-09 15:26:03 [DEBUG] _config - load_ssl_context: load_ssl_context verify=True cert=None trust_env=True http2=False
2025-04-09 15:26:03 [DEBUG] _config - load_ssl_context_verify: load_verify_locations cafile='C:\\Users\\Silver\\AppData\\Local\\anaconda3\\Library\\ssl\\cacert.pem'
2025-04-09 15:26:03 [DEBUG] _trace - trace: connect_tcp.started host='ugpyvtzzqtzuiibitsbr.supabase.co' port=443 local_address=None timeout=120 socket_options=None
2025-04-09 15:26:03 [DEBUG] _trace - trace: connect_tcp.complete return_value=<httpcore._backends.sync.SyncStream object at 0x0000015126C39A30>
2025-04-09 15:26:03 [DEBUG] _trace - trace: start_tls.started ssl_context=<ssl.SSLContext object at 0x0000015126C2E3D0> server_hostname='ugpyvtzzqtzuiibitsbr.supabase.co' timeout=120
2025-04-09 15:26:03 [DEBUG] _trace - trace: start_tls.complete return_value=<httpcore._backends.sync.SyncStream object at 0x0000015126C399D0>
2025-04-09 15:26:03 [DEBUG] _trace - trace: send_connection_init.started request=<Request [b'GET']>
2025-04-09 15:26:03 [DEBUG] _trace - trace: send_connection_init.complete
2025-04-09 15:26:03 [DEBUG] _trace - trace: send_request_headers.started request=<Request [b'GET']> stream_id=1
2025-04-09 15:26:03 [DEBUG] hpack - add: Adding (b':method', b'GET') to the header table, sensitive:False, huffman:True
2025-04-09 15:26:03 [DEBUG] hpack - encode_integer: Encoding 2 with 7 bits
2025-04-09 15:26:03 [DEBUG] hpack - add: Adding (b':authority', b'ugpyvtzzqtzuiibitsbr.supabase.co') to the header table, sensitive:False, huffman:True
2025-04-09 15:26:03 [DEBUG] hpack - encode_integer: Encoding 1 with 6 bits
2025-04-09 15:26:03 [DEBUG] hpack - encode_integer: Encoding 23 with 7 bits
2025-04-09 15:26:03 [DEBUG] hpack - add: Adding (b':scheme', b'https') to the header table, sensitive:False, huffman:True
2025-04-09 15:26:03 [DEBUG] hpack - encode_integer: Encoding 7 with 7 bits
2025-04-09 15:26:03 [DEBUG] hpack - add: Adding (b':path', b'/rest/v1/policy?select=%2A&status=eq.active') to the header table, sensitive:False, huffman:True
2025-04-09 15:26:03 [DEBUG] hpack - encode_integer: Encoding 4 with 6 bits
2025-04-09 15:26:03 [DEBUG] hpack - encode_integer: Encoding 31 with 7 bits
2025-04-09 15:26:03 [DEBUG] hpack - add: Adding (b'accept', b'*/*') to the header table, sensitive:False, huffman:True
2025-04-09 15:26:03 [DEBUG] hpack - encode_integer: Encoding 19 with 6 bits
2025-04-09 15:26:03 [DEBUG] hpack - encode_integer: Encoding 3 with 7 bits
2025-04-09 15:26:03 [DEBUG] hpack - add: Adding (b'accept-encoding', b'gzip, deflate, br') to the header table, sensitive:False, huffman:True
2025-04-09 15:26:03 [DEBUG] hpack - encode_integer: Encoding 16 with 6 bits
2025-04-09 15:26:03 [DEBUG] hpack - encode_integer: Encoding 13 with 7 bits
2025-04-09 15:26:03 [DEBUG] hpack - add: Adding (b'user-agent', b'python-httpx/0.27.0') to the header table, sensitive:False, huffman:True
2025-04-09 15:26:03 [DEBUG] hpack - encode_integer: Encoding 58 with 6 bits
2025-04-09 15:26:03 [DEBUG] hpack - encode_integer: Encoding 14 with 7 bits
2025-04-09 15:26:03 [DEBUG] hpack - add: Adding (b'x-client-info', b'supabase-py/2.15.0') to the header table, sensitive:False, huffman:True
2025-04-09 15:26:03 [DEBUG] hpack - encode_integer: Encoding 10 with 7 bits
2025-04-09 15:26:03 [DEBUG] hpack - encode_integer: Encoding 13 with 7 bits
2025-04-09 15:26:03 [DEBUG] hpack - add: Adding (b'apikey', b'eyJhbGciOiJIUzI1NiIsInR5cCI6IkpXVCJ9.eyJpc3MiOiJzdXBhYmFzZSIsInJlZiI6InVncHl2dHp6cXR6dWlpYml0c2JyIiwicm9sZSI6ImFub24iLCJpYXQiOjE3NDM1ODIzMjYsImV4cCI6MjA1OTE1ODMyNn0.y8I8-2r15_5sU5JMSomtOElhKGb3V-3yfZM8q_LCiJg') to the header table, sensitive:False, huffman:True
2025-04-09 15:26:03 [DEBUG] hpack - encode_integer: Encoding 5 with 7 bits
2025-04-09 15:26:03 [DEBUG] hpack - encode_integer: Encoding 166 with 7 bits
2025-04-09 15:26:03 [DEBUG] hpack - add: Adding (b'authorization', b'Bearer eyJhbGciOiJIUzI1NiIsInR5cCI6IkpXVCJ9.eyJpc3MiOiJzdXBhYmFzZSIsInJlZiI6InVncHl2dHp6cXR6dWlpYml0c2JyIiwicm9sZSI6ImFub24iLCJpYXQiOjE3NDM1ODIzMjYsImV4cCI6MjA1OTE1ODMyNn0.y8I8-2r15_5sU5JMSomtOElhKGb3V-3yfZM8q_LCiJg') to the header table, sensitive:True, huffman:True
2025-04-09 15:26:03 [DEBUG] hpack - encode_integer: Encoding 23 with 4 bits
2025-04-09 15:26:03 [DEBUG] hpack - encode_integer: Encoding 171 with 7 bits
2025-04-09 15:26:03 [DEBUG] hpack - add: Adding (b'accept-profile', b'public') to the header table, sensitive:False, huffman:True
2025-04-09 15:26:03 [DEBUG] hpack - encode_integer: Encoding 10 with 7 bits
2025-04-09 15:26:03 [DEBUG] hpack - encode_integer: Encoding 5 with 7 bits
2025-04-09 15:26:03 [DEBUG] hpack - add: Adding (b'content-profile', b'public') to the header table, sensitive:False, huffman:True
2025-04-09 15:26:03 [DEBUG] hpack - encode_integer: Encoding 11 with 7 bits
2025-04-09 15:26:03 [DEBUG] hpack - encode_integer: Encoding 5 with 7 bits
2025-04-09 15:26:03 [DEBUG] hpack - encode: Encoded header block to b"\x82A\x97\xb6j\xfdwO\xbf}\x93\xee\xd3\x1a3%\x11\xd8\xba-\xacq\x8d\x05\\\x87\x87D\x9fb\xc2\xa1,w\x0b\x15\x9e\x83\x13\xd7\xf8\x82\xd0R&\x05E\x0f\xc2\x124\xda\x88\x0b\xd9q\x91&\xee_S\x83\xf9c\xe7P\x8d\x9b\xd9\xab\xfaRB\xcb@\xd2_\xa5#\xb3z\x8e\xaf\xd2g=KN\x94\xd7\xe5\x80.'W\x07@\x8a\xf2\xb1(1jJ\xc6\xaaS\xff\x8dE\xb5\x8e1\xa0\xabW\xe9\x81.\x16\xd7\x07@\x85\x1df\xea__\xff'/\xac\xb3\xc7\x88\x86\xd4l\xb98{\xc8\x1d&\xc8\x8c\x95ml\x97\xb29\x93\xad\x7f\x9coe}r\xfa\xcbY\x19\xd0mF\xcb\xeeO\xcb\xb3\xf3\xa7\x0f\xbf\xdd\xd9\x11\x92\xac\xb4~\x9b#\x99*\xe3Q1\xd0)1\xd6\xe1?6\xb9'*+\xe7M\x00 \xb2\xfa\xc8o\x06%/\xa3\xf7vG2S\x86\xd8\xc4\xd1\xb3\xde\xcb_?\xcd\x86\xd5\xd3\x03:o\xe8\x0e\xab\xf9=\xe8\xe9\xcd\x19)\xe2\xd1/dsGHC\xab~\x00\xea\xbf\xa3\xd6\x9a\x80\xbf\xa7\xb2<\xb0\xac\x0bq6\x8e\r\xe5\xd1\xb8\xf4\xa7V\n'\xcd\x8a6x\xac\xcf\xa9\x7ft=\xda,\xf7\x8d\x96o\x1f\x08\xff,\xbaQ\xd8[\x14/\xac\xb3\xc7\x88\x86\xd4l\xb98{\xc8\x1d&\xc8\x8c\x95ml\x97\xb29\x93\xad\x7f\x9coe}r\xfa\xcbY\x19\xd0mF\xcb\xeeO\xcb\xb3\xf3\xa7\x0f\xbf\xdd\xd9\x11\x92\xac\xb4~\x9b#\x99*\xe3Q1\xd0)1\xd6\xe1?6\xb9'*+\xe7M\x00 \xb2\xfa\xc8o\x06%/\xa3\xf7vG2S\x86\xd8\xc4\xd1\xb3\xde\xcb_?\xcd\x86\xd5\xd3\x03:o\xe8\x0e\xab\xf9=\xe8\xe9\xcd\x19)\xe2\xd1/dsGHC\xab~\x00\xea\xbf\xa3\xd6\x9a\x80\xbf\xa7\xb2<\xb0\xac\x0bq6\x8e\r\xe5\xd1\xb8\xf4\xa7V\n'\xcd\x8a6x\xac\xcf\xa9\x7ft=\xda,\xf7\x8d\x96o@\x8a\x19\x08Z\xd2\xb5v\x1eSP_\x85\xae\xd8\xe81?@\x8b!\xeaIjJ\xd5\xd8yMA\x7f\x85\xae\xd8\xe81?"
2025-04-09 15:26:03 [DEBUG] _trace - trace: send_request_headers.complete
2025-04-09 15:26:03 [DEBUG] _trace - trace: send_request_body.started request=<Request [b'GET']> stream_id=1
2025-04-09 15:26:03 [DEBUG] _trace - trace: send_request_body.complete
2025-04-09 15:26:03 [DEBUG] _trace - trace: receive_response_headers.started request=<Request [b'GET']> stream_id=1
2025-04-09 15:26:03 [DEBUG] _trace - trace: receive_remote_settings.started
2025-04-09 15:26:03 [DEBUG] _trace - trace: receive_remote_settings.complete return_value=<RemoteSettingsChanged changed_settings:{ChangedSetting(setting=3, original_value=None, new_value=100), ChangedSetting(setting=4, original_value=65535, new_value=65536), ChangedSetting(setting=5, original_value=16384, new_value=16777215)}>
2025-04-09 15:26:05 [DEBUG] hpack - decode: Decoding b'?\xe1\x1f\x88a\x96\xe4Y>\x94\x03\xeaC]\x8a\x08\x02m@\xb3pN\\\x03\x8ab\xd1\xbf_\x96\x1du\xd0b\r&=LtA\xea\xfbP\x93\x8e\xc4\x150Z\x99V{^\x84\x02\xc0c\xe7@\x85$\xabX?_\x8f|R\r\xb6\xde\x8c\x03\x13\xcf\xb3 V\xcb\xa6\xef@\x8a$\xab\x10d\x9c\xab!#M\xa8\x86\xbf\xcfL:2^Z\x83\x9b\xd9\xab]\x99b\xb3\xd0bz\xff\x10Z\nD\xc0\xa8\xa1\xf8BF\x9bQ\x01{.2$\xdd\xcbx\xa0\xa4~V\x1c\xc5\x81\x90\xb6\xcb\x80\x00>\xd45D\xa2\xd9\x0b\xba\xd8\xef\x9e\x91\x9a\xa4}\xa9]\x85\xa0\xe3\x93{\x8b\x84\x84-i[\x05D<\x86\xaao@\x8b!\xeaIjJ\xd5\xd8yMA\x7f\x85\xae\xd8\xe81?@\x8dDkL4\x97\xc0\xfd-\xdc\xb6 \xc7\xab\x011@\x8aDkWa\xfa\x14\x89Z\xc2\xcb\x8f\xb6j\xfdwO\xbf}\x93\xee\xd3\x1a3%\x11\xd9@\x90\xf2\xb1\x0fRKRVO\xaa\xca\xb1\xebI\x8fR?\x85\xa8\xe8\xa8\xd2\xcb@\x8f\xf2\xb1j\xee\x7fK\r)-5\xa5b\x1e\xda\x93\x011@\x95\xf2\xb1j\xee\x7fK[Z\x13aGJ\xc8-\x9d\xccB\xac\x93R_\x0216v\x87%\x07\xb6Ih\x1d\x85@\x85\x1d\tY\x1d\xc9\x90\x9d\x98?\x9b\x8d4\xcf\xf3\xf6\xa5#\x81\xe7\x1a\x00?'
2025-04-09 15:26:05 [DEBUG] hpack - decode_integer: Decoded 4096, consumed 3 bytes
2025-04-09 15:26:05 [DEBUG] table - maxsize: Resizing header table to 4096 from 4096
2025-04-09 15:26:05 [DEBUG] hpack - decode_integer: Decoded 8, consumed 1 bytes
2025-04-09 15:26:05 [DEBUG] hpack - _decode_indexed: Decoded (b':status', b'200'), consumed 1
2025-04-09 15:26:05 [DEBUG] hpack - decode_integer: Decoded 33, consumed 1 bytes
2025-04-09 15:26:05 [DEBUG] hpack - decode_integer: Decoded 22, consumed 1 bytes
2025-04-09 15:26:05 [DEBUG] hpack - _decode_literal: Decoded (b'date', b'Wed, 09 Apr 2025 13:26:06 GMT'), total consumed 24 bytes, indexed True
2025-04-09 15:26:05 [DEBUG] hpack - decode_integer: Decoded 31, consumed 1 bytes
2025-04-09 15:26:05 [DEBUG] hpack - decode_integer: Decoded 22, consumed 1 bytes
2025-04-09 15:26:05 [DEBUG] hpack - _decode_literal: Decoded (b'content-type', b'application/json; charset=utf-8'), total consumed 24 bytes, indexed True
2025-04-09 15:26:05 [DEBUG] hpack - decode_integer: Decoded 30, consumed 1 bytes
2025-04-09 15:26:05 [DEBUG] hpack - decode_integer: Decoded 4, consumed 1 bytes
2025-04-09 15:26:05 [DEBUG] hpack - _decode_literal: Decoded (b'content-range', b'0-0/*'), total consumed 6 bytes, indexed True
2025-04-09 15:26:05 [DEBUG] hpack - decode_integer: Decoded 5, consumed 1 bytes
2025-04-09 15:26:05 [DEBUG] hpack - decode_integer: Decoded 15, consumed 1 bytes
2025-04-09 15:26:05 [DEBUG] hpack - _decode_literal: Decoded (b'cf-ray', b'92da558b0a2893d1-JNB'), total consumed 23 bytes, indexed True
2025-04-09 15:26:05 [DEBUG] hpack - decode_integer: Decoded 10, consumed 1 bytes
2025-04-09 15:26:05 [DEBUG] hpack - decode_integer: Decoded 6, consumed 1 bytes
2025-04-09 15:26:05 [DEBUG] hpack - _decode_literal: Decoded (b'cf-cache-status', b'DYNAMIC'), total consumed 19 bytes, indexed True
2025-04-09 15:26:05 [DEBUG] hpack - decode_integer: Decoded 26, consumed 1 bytes
2025-04-09 15:26:05 [DEBUG] hpack - decode_integer: Decoded 3, consumed 1 bytes
2025-04-09 15:26:05 [DEBUG] hpack - _decode_literal: Decoded (b'content-encoding', b'gzip'), total consumed 5 bytes, indexed True
2025-04-09 15:26:05 [DEBUG] hpack - decode_integer: Decoded 29, consumed 1 bytes
2025-04-09 15:26:05 [DEBUG] hpack - decode_integer: Decoded 25, consumed 1 bytes
2025-04-09 15:26:05 [DEBUG] hpack - _decode_literal: Decoded (b'content-location', b'/policy?select=%2A&status=eq.active'), total consumed 27 bytes, indexed True
2025-04-09 15:26:05 [DEBUG] hpack - decode_integer: Decoded 56, consumed 1 bytes
2025-04-09 15:26:05 [DEBUG] hpack - decode_integer: Decoded 32, consumed 1 bytes
2025-04-09 15:26:05 [DEBUG] hpack - _decode_literal: Decoded (b'strict-transport-security', b'max-age=31536000; includeSubDomains; preload'), total consumed 34 bytes, indexed True
2025-04-09 15:26:05 [DEBUG] hpack - decode_integer: Decoded 59, consumed 1 bytes
2025-04-09 15:26:05 [DEBUG] hpack - decode_integer: Decoded 11, consumed 1 bytes
2025-04-09 15:26:05 [DEBUG] hpack - _decode_literal: Decoded (b'vary', b'Accept-Encoding'), total consumed 13 bytes, indexed True
2025-04-09 15:26:05 [DEBUG] hpack - decode_integer: Decoded 11, consumed 1 bytes
2025-04-09 15:26:05 [DEBUG] hpack - decode_integer: Decoded 5, consumed 1 bytes
2025-04-09 15:26:05 [DEBUG] hpack - _decode_literal: Decoded (b'content-profile', b'public'), total consumed 19 bytes, indexed True
2025-04-09 15:26:05 [DEBUG] hpack - decode_integer: Decoded 13, consumed 1 bytes
2025-04-09 15:26:05 [DEBUG] hpack - decode_integer: Decoded 1, consumed 1 bytes
2025-04-09 15:26:05 [DEBUG] hpack - _decode_literal: Decoded (b'sb-gateway-version', <memory at 0x0000015126C0CF40>), total consumed 17 bytes, indexed True
2025-04-09 15:26:05 [DEBUG] hpack - decode_integer: Decoded 10, consumed 1 bytes
2025-04-09 15:26:05 [DEBUG] hpack - decode_integer: Decoded 15, consumed 1 bytes
2025-04-09 15:26:05 [DEBUG] hpack - _decode_literal: Decoded (b'sb-project-ref', b'ugpyvtzzqtzuiibitsbr'), total consumed 28 bytes, indexed True
2025-04-09 15:26:05 [DEBUG] hpack - decode_integer: Decoded 16, consumed 1 bytes
2025-04-09 15:26:05 [DEBUG] hpack - decode_integer: Decoded 5, consumed 1 bytes
2025-04-09 15:26:05 [DEBUG] hpack - _decode_literal: Decoded (b'x-content-type-options', b'nosniff'), total consumed 24 bytes, indexed True
2025-04-09 15:26:05 [DEBUG] hpack - decode_integer: Decoded 15, consumed 1 bytes
2025-04-09 15:26:05 [DEBUG] hpack - decode_integer: Decoded 1, consumed 1 bytes
2025-04-09 15:26:05 [DEBUG] hpack - _decode_literal: Decoded (b'x-envoy-attempt-count', <memory at 0x0000015126C0D000>), total consumed 19 bytes, indexed True
2025-04-09 15:26:05 [DEBUG] hpack - decode_integer: Decoded 21, consumed 1 bytes
2025-04-09 15:26:05 [DEBUG] hpack - decode_integer: Decoded 2, consumed 1 bytes
2025-04-09 15:26:05 [DEBUG] hpack - _decode_literal: Decoded (b'x-envoy-upstream-service-time', <memory at 0x0000015126C0CE80>), total consumed 26 bytes, indexed True
2025-04-09 15:26:05 [DEBUG] hpack - decode_integer: Decoded 54, consumed 1 bytes
2025-04-09 15:26:05 [DEBUG] hpack - decode_integer: Decoded 7, consumed 1 bytes
2025-04-09 15:26:05 [DEBUG] hpack - _decode_literal: Decoded (b'server', b'cloudflare'), total consumed 9 bytes, indexed True
2025-04-09 15:26:05 [DEBUG] hpack - decode_integer: Decoded 5, consumed 1 bytes
2025-04-09 15:26:05 [DEBUG] hpack - decode_integer: Decoded 16, consumed 1 bytes
2025-04-09 15:26:05 [DEBUG] hpack - _decode_literal: Decoded (b'alt-svc', b'h3=":443"; ma=86400'), total consumed 24 bytes, indexed True
2025-04-09 15:26:05 [DEBUG] _trace - trace: receive_response_headers.complete return_value=(200, [(b'date', b'Wed, 09 Apr 2025 13:26:06 GMT'), (b'content-type', b'application/json; charset=utf-8'), (b'content-range', b'0-0/*'), (b'cf-ray', b'92da558b0a2893d1-JNB'), (b'cf-cache-status', b'DYNAMIC'), (b'content-encoding', b'gzip'), (b'content-location', b'/policy?select=%2A&status=eq.active'), (b'strict-transport-security', b'max-age=31536000; includeSubDomains; preload'), (b'vary', b'Accept-Encoding'), (b'content-profile', b'public'), (b'sb-gateway-version', b'1'), (b'sb-project-ref', b'ugpyvtzzqtzuiibitsbr'), (b'x-content-type-options', b'nosniff'), (b'x-envoy-attempt-count', b'1'), (b'x-envoy-upstream-service-time', b'16'), (b'server', b'cloudflare'), (b'alt-svc', b'h3=":443"; ma=86400')])
2025-04-09 15:26:05 [INFO] _client - _send_single_request: HTTP Request: GET https://ugpyvtzzqtzuiibitsbr.supabase.co/rest/v1/policy?select=%2A&status=eq.active "HTTP/2 200 OK"
2025-04-09 15:26:05 [DEBUG] _trace - trace: receive_response_body.started request=<Request [b'GET']> stream_id=1
2025-04-09 15:26:05 [DEBUG] _trace - trace: receive_response_body.complete
2025-04-09 15:26:05 [DEBUG] _trace - trace: response_closed.started stream_id=1
2025-04-09 15:26:05 [DEBUG] _trace - trace: response_closed.complete
2025-04-09 15:26:05 [INFO] daily_premium_checker - check_and_process_daily_premiums: Found 1 policyholders with active policies
2025-04-09 15:26:05 [DEBUG] _trace - trace: send_request_headers.started request=<Request [b'GET']> stream_id=3
2025-04-09 15:26:05 [DEBUG] hpack - add: Adding (b':method', b'GET') to the header table, sensitive:False, huffman:True
2025-04-09 15:26:05 [DEBUG] hpack - encode_integer: Encoding 2 with 7 bits
2025-04-09 15:26:05 [DEBUG] hpack - add: Adding (b':authority', b'ugpyvtzzqtzuiibitsbr.supabase.co') to the header table, sensitive:False, huffman:True
2025-04-09 15:26:05 [DEBUG] hpack - encode_integer: Encoding 70 with 7 bits
2025-04-09 15:26:05 [DEBUG] hpack - add: Adding (b':scheme', b'https') to the header table, sensitive:False, huffman:True
2025-04-09 15:26:05 [DEBUG] hpack - encode_integer: Encoding 7 with 7 bits
2025-04-09 15:26:05 [DEBUG] hpack - add: Adding (b':path', b'/rest/v1/policyholder?select=%2A&policyholder_id=eq.b290fe04-55a0-4ee6-841d-2e8142f1aaf6') to the header table, sensitive:False, huffman:True
2025-04-09 15:26:05 [DEBUG] hpack - encode_integer: Encoding 4 with 6 bits
2025-04-09 15:26:05 [DEBUG] hpack - encode_integer: Encoding 63 with 7 bits
2025-04-09 15:26:05 [DEBUG] hpack - add: Adding (b'accept', b'*/*') to the header table, sensitive:False, huffman:True
2025-04-09 15:26:05 [DEBUG] hpack - encode_integer: Encoding 69 with 7 bits
2025-04-09 15:26:05 [DEBUG] hpack - add: Adding (b'accept-encoding', b'gzip, deflate, br') to the header table, sensitive:False, huffman:True
2025-04-09 15:26:05 [DEBUG] hpack - encode_integer: Encoding 68 with 7 bits
2025-04-09 15:26:05 [DEBUG] hpack - add: Adding (b'user-agent', b'python-httpx/0.27.0') to the header table, sensitive:False, huffman:True
2025-04-09 15:26:05 [DEBUG] hpack - encode_integer: Encoding 67 with 7 bits
2025-04-09 15:26:05 [DEBUG] hpack - add: Adding (b'x-client-info', b'supabase-py/2.15.0') to the header table, sensitive:False, huffman:True
2025-04-09 15:26:05 [DEBUG] hpack - encode_integer: Encoding 66 with 7 bits
2025-04-09 15:26:05 [DEBUG] hpack - add: Adding (b'apikey', b'eyJhbGciOiJIUzI1NiIsInR5cCI6IkpXVCJ9.eyJpc3MiOiJzdXBhYmFzZSIsInJlZiI6InVncHl2dHp6cXR6dWlpYml0c2JyIiwicm9sZSI6ImFub24iLCJpYXQiOjE3NDM1ODIzMjYsImV4cCI6MjA1OTE1ODMyNn0.y8I8-2r15_5sU5JMSomtOElhKGb3V-3yfZM8q_LCiJg') to the header table, sensitive:False, huffman:True
2025-04-09 15:26:05 [DEBUG] hpack - encode_integer: Encoding 65 with 7 bits
2025-04-09 15:26:05 [DEBUG] hpack - add: Adding (b'authorization', b'Bearer eyJhbGciOiJIUzI1NiIsInR5cCI6IkpXVCJ9.eyJpc3MiOiJzdXBhYmFzZSIsInJlZiI6InVncHl2dHp6cXR6dWlpYml0c2JyIiwicm9sZSI6ImFub24iLCJpYXQiOjE3NDM1ODIzMjYsImV4cCI6MjA1OTE1ODMyNn0.y8I8-2r15_5sU5JMSomtOElhKGb3V-3yfZM8q_LCiJg') to the header table, sensitive:True, huffman:True
2025-04-09 15:26:05 [DEBUG] hpack - encode_integer: Encoding 23 with 4 bits
2025-04-09 15:26:05 [DEBUG] hpack - encode_integer: Encoding 171 with 7 bits
2025-04-09 15:26:05 [DEBUG] hpack - add: Adding (b'accept-profile', b'public') to the header table, sensitive:False, huffman:True
2025-04-09 15:26:05 [DEBUG] hpack - encode_integer: Encoding 64 with 7 bits
2025-04-09 15:26:05 [DEBUG] hpack - add: Adding (b'content-profile', b'public') to the header table, sensitive:False, huffman:True
2025-04-09 15:26:05 [DEBUG] hpack - encode_integer: Encoding 63 with 7 bits
2025-04-09 15:26:05 [DEBUG] hpack - encode: Encoded header block to b'\x82\xc6\x87D\xbfb\xc2\xa1,w\x0b\x15\x9e\x83\x13\xd4\xe7\xa2B\xd9\xfe \xb4\x14\x89\x81QC\xf1Y\xe81=Nz$-\x91\x1aH\x0b\xd9x\xc4\xf8%(\x1aY\xb6\xc6\x05\x9a)\\Y\xe6\x83"\xc2+\xc1hR\x84c\x95\xcf\xc5\xc4\xc3\xc2\xc1\x1f\x08\xff,\xbaQ\xd8[\x14/\xac\xb3\xc7\x88\x86\xd4l\xb98{\xc8\x1d&\xc8\x8c\x95ml\x97\xb29\x93\xad\x7f\x9coe}r\xfa\xcbY\x19\xd0mF\xcb\xeeO\xcb\xb3\xf3\xa7\x0f\xbf\xdd\xd9\x11\x92\xac\xb4~\x9b#\x99*\xe3Q1\xd0)1\xd6\xe1?6\xb9\'*+\xe7M\x00 \xb2\xfa\xc8o\x06%/\xa3\xf7vG2S\x86\xd8\xc4\xd1\xb3\xde\xcb_?\xcd\x86\xd5\xd3\x03:o\xe8\x0e\xab\xf9=\xe8\xe9\xcd\x19)\xe2\xd1/dsGHC\xab~\x00\xea\xbf\xa3\xd6\x9a\x80\xbf\xa7\xb2<\xb0\xac\x0bq6\x8e\r\xe5\xd1\xb8\xf4\xa7V\n\'\xcd\x8a6x\xac\xcf\xa9\x7ft=\xda,\xf7\x8d\x96o\xc0\xbf'
2025-04-09 15:26:05 [DEBUG] _trace - trace: send_request_headers.complete
2025-04-09 15:26:05 [DEBUG] _trace - trace: send_request_body.started request=<Request [b'GET']> stream_id=3
2025-04-09 15:26:05 [DEBUG] _trace - trace: send_request_body.complete
2025-04-09 15:26:05 [DEBUG] _trace - trace: receive_response_headers.started request=<Request [b'GET']> stream_id=3
2025-04-09 15:26:05 [DEBUG] hpack - decode: Decoding b"\x88\xce\xcd\xcc\x7f\x0c\x8f|R\r\xb6\xdf\x13\xc5\x8d\xf7\xd9\x90+e\xd3w\xcb\xca]\xb9b\xb3\xd0bz\x9c\xf4H[?\xca\xcfA\x89\xeas\xd1!l\x88\xd2@^\xcb\xc6'\xc1)@\xd2\xcd\xb60,\xd1J\xe2\xcf4\x19\x16\x11^\x0bB\x94#\x1c\xae| \xb4\x14\x89\x81QC\xc9\xc8\xc7\xc6\xc5\xc4\xc3\x7f\x03\x0215\xc2\xc1"
2025-04-09 15:26:05 [DEBUG] hpack - decode_integer: Decoded 8, consumed 1 bytes
2025-04-09 15:26:05 [DEBUG] hpack - _decode_indexed: Decoded (b':status', b'200'), consumed 1
2025-04-09 15:26:05 [DEBUG] hpack - decode_integer: Decoded 78, consumed 1 bytes
2025-04-09 15:26:05 [DEBUG] hpack - _decode_indexed: Decoded (b'date', b'Wed, 09 Apr 2025 13:26:06 GMT'), consumed 1
2025-04-09 15:26:05 [DEBUG] hpack - decode_integer: Decoded 77, consumed 1 bytes
2025-04-09 15:26:05 [DEBUG] hpack - _decode_indexed: Decoded (b'content-type', b'application/json; charset=utf-8'), consumed 1
2025-04-09 15:26:05 [DEBUG] hpack - decode_integer: Decoded 76, consumed 1 bytes
2025-04-09 15:26:05 [DEBUG] hpack - _decode_indexed: Decoded (b'content-range', b'0-0/*'), consumed 1
2025-04-09 15:26:05 [DEBUG] hpack - decode_integer: Decoded 75, consumed 2 bytes
2025-04-09 15:26:05 [DEBUG] hpack - decode_integer: Decoded 15, consumed 1 bytes
2025-04-09 15:26:05 [DEBUG] hpack - _decode_literal: Decoded (b'cf-ray', b'92da55928eb993d1-JNB'), total consumed 18 bytes, indexed True
2025-04-09 15:26:05 [DEBUG] hpack - decode_integer: Decoded 75, consumed 1 bytes
2025-04-09 15:26:05 [DEBUG] hpack - _decode_indexed: Decoded (b'cf-cache-status', b'DYNAMIC'), consumed 1
2025-04-09 15:26:05 [DEBUG] hpack - decode_integer: Decoded 74, consumed 1 bytes
2025-04-09 15:26:05 [DEBUG] hpack - _decode_indexed: Decoded (b'content-encoding', b'gzip'), consumed 1
2025-04-09 15:26:05 [DEBUG] hpack - decode_integer: Decoded 29, consumed 1 bytes
2025-04-09 15:26:05 [DEBUG] hpack - decode_integer: Decoded 57, consumed 1 bytes
2025-04-09 15:26:05 [DEBUG] hpack - _decode_literal: Decoded (b'content-location', b'/policyholder?policyholder_id=eq.b290fe04-55a0-4ee6-841d-2e8142f1aaf6&select=%2A'), total consumed 59 bytes, indexed True
2025-04-09 15:26:05 [DEBUG] hpack - decode_integer: Decoded 73, consumed 1 bytes
2025-04-09 15:26:05 [DEBUG] hpack - _decode_indexed: Decoded (b'strict-transport-security', b'max-age=31536000; includeSubDomains; preload'), consumed 1
2025-04-09 15:26:05 [DEBUG] hpack - decode_integer: Decoded 72, consumed 1 bytes
2025-04-09 15:26:05 [DEBUG] hpack - _decode_indexed: Decoded (b'vary', b'Accept-Encoding'), consumed 1
2025-04-09 15:26:05 [DEBUG] hpack - decode_integer: Decoded 71, consumed 1 bytes
2025-04-09 15:26:05 [DEBUG] hpack - _decode_indexed: Decoded (b'content-profile', b'public'), consumed 1
2025-04-09 15:26:05 [DEBUG] hpack - decode_integer: Decoded 70, consumed 1 bytes
2025-04-09 15:26:05 [DEBUG] hpack - _decode_indexed: Decoded (b'sb-gateway-version', <memory at 0x0000015126C0CF40>), consumed 1
2025-04-09 15:26:05 [DEBUG] hpack - decode_integer: Decoded 69, consumed 1 bytes
2025-04-09 15:26:05 [DEBUG] hpack - _decode_indexed: Decoded (b'sb-project-ref', b'ugpyvtzzqtzuiibitsbr'), consumed 1
2025-04-09 15:26:05 [DEBUG] hpack - decode_integer: Decoded 68, consumed 1 bytes
2025-04-09 15:26:05 [DEBUG] hpack - _decode_indexed: Decoded (b'x-content-type-options', b'nosniff'), consumed 1
2025-04-09 15:26:05 [DEBUG] hpack - decode_integer: Decoded 67, consumed 1 bytes
2025-04-09 15:26:05 [DEBUG] hpack - _decode_indexed: Decoded (b'x-envoy-attempt-count', <memory at 0x0000015126C0D000>), consumed 1
2025-04-09 15:26:05 [DEBUG] hpack - decode_integer: Decoded 66, consumed 2 bytes
2025-04-09 15:26:05 [DEBUG] hpack - decode_integer: Decoded 2, consumed 1 bytes
2025-04-09 15:26:05 [DEBUG] hpack - _decode_literal: Decoded (b'x-envoy-upstream-service-time', <memory at 0x0000015126C0CD00>), total consumed 5 bytes, indexed True
2025-04-09 15:26:05 [DEBUG] hpack - decode_integer: Decoded 66, consumed 1 bytes
2025-04-09 15:26:05 [DEBUG] hpack - _decode_indexed: Decoded (b'server', b'cloudflare'), consumed 1
2025-04-09 15:26:05 [DEBUG] hpack - decode_integer: Decoded 65, consumed 1 bytes
2025-04-09 15:26:05 [DEBUG] hpack - _decode_indexed: Decoded (b'alt-svc', b'h3=":443"; ma=86400'), consumed 1
2025-04-09 15:26:05 [DEBUG] _trace - trace: receive_response_headers.complete return_value=(200, [(b'date', b'Wed, 09 Apr 2025 13:26:06 GMT'), (b'content-type', b'application/json; charset=utf-8'), (b'content-range', b'0-0/*'), (b'cf-ray', b'92da55928eb993d1-JNB'), (b'cf-cache-status', b'DYNAMIC'), (b'content-encoding', b'gzip'), (b'content-location', b'/policyholder?policyholder_id=eq.b290fe04-55a0-4ee6-841d-2e8142f1aaf6&select=%2A'), (b'strict-transport-security', b'max-age=31536000; includeSubDomains; preload'), (b'vary', b'Accept-Encoding'), (b'content-profile', b'public'), (b'sb-gateway-version', b'1'), (b'sb-project-ref', b'ugpyvtzzqtzuiibitsbr'), (b'x-content-type-options', b'nosniff'), (b'x-envoy-attempt-count', b'1'), (b'x-envoy-upstream-service-time', b'15'), (b'server', b'cloudflare'), (b'alt-svc', b'h3=":443"; ma=86400')])
2025-04-09 15:26:05 [INFO] _client - _send_single_request: HTTP Request: GET https://ugpyvtzzqtzuiibitsbr.supabase.co/rest/v1/policyholder?select=%2A&policyholder_id=eq.b290fe04-55a0-4ee6-841d-2e8142f1aaf6 "HTTP/2 200 OK"
2025-04-09 15:26:05 [DEBUG] _trace - trace: receive_response_body.started request=<Request [b'GET']> stream_id=3
2025-04-09 15:26:05 [DEBUG] _trace - trace: receive_response_body.complete
2025-04-09 15:26:05 [DEBUG] _trace - trace: response_closed.started stream_id=3
2025-04-09 15:26:05 [DEBUG] _trace - trace: response_closed.complete
2025-04-09 15:26:05 [INFO] paynow_service - <module>: Paynow client initialized successfully
2025-04-09 15:26:05 [INFO] paynow_service - process_mobile_payment: Processing payment of $0.83 to +263786680563 via ecocash
2025-04-09 15:26:05 [DEBUG] connectionpool - _new_conn: Starting new HTTPS connection (1): www.paynow.co.zw:443
2025-04-09 15:26:05 [DEBUG] connectionpool - _make_request: https://www.paynow.co.zw:443 "POST /interface/remotetransaction HTTP/1.1" 200 171
2025-04-09 15:26:05 [ERROR] paynow_service - process_mobile_payment: Failed to initiate payment: <class 'str'>
2025-04-09 15:26:05 [WARNING] daily_premium_checker - check_and_process_daily_premiums: Daily premium payment failed for policyholder b290fe04-55a0-4ee6-841d-2e8142f1aaf6: <class 'str'>
2025-04-09 15:26:05 [INFO] daily_premium_checker - check_and_process_daily_premiums: Completed daily premium payments for 2025-04-09
